-- phpMyAdmin SQL Dump
-- version 4.0.10.7
-- http://www.phpmyadmin.net
--
-- Host: localhost
-- Generation Time: May 30, 2015 at 06:01 AM
-- Server version: 5.5.42-cll
-- PHP Version: 5.4.23

SET SQL_MODE = "NO_AUTO_VALUE_ON_ZERO";
SET time_zone = "+00:00";


/*!40101 SET @OLD_CHARACTER_SET_CLIENT=@@CHARACTER_SET_CLIENT */;
/*!40101 SET @OLD_CHARACTER_SET_RESULTS=@@CHARACTER_SET_RESULTS */;
/*!40101 SET @OLD_COLLATION_CONNECTION=@@COLLATION_CONNECTION */;
/*!40101 SET NAMES utf8 */;

--
-- Database: `k9098652_financeSystem`
--

-- --------------------------------------------------------

--
-- Table structure for table `adjust`
--

CREATE TABLE IF NOT EXISTS `adjust` (
  `id` int(11) NOT NULL AUTO_INCREMENT,
  `id_barang` int(11) NOT NULL,
  `stock_awal` int(11) NOT NULL,
  `stock_adjust` int(11) NOT NULL,
  `stock_baru` int(11) NOT NULL,
  `staff` varchar(50) NOT NULL,
  `note` varchar(255) NOT NULL,
  `date_input` date NOT NULL,
  PRIMARY KEY (`id`)
) ENGINE=MyISAM  DEFAULT CHARSET=latin1 AUTO_INCREMENT=61 ;

--
-- Dumping data for table `adjust`
--

INSERT INTO `adjust` (`id`, `id_barang`, `stock_awal`, `stock_adjust`, `stock_baru`, `staff`, `note`, `date_input`) VALUES
(58, 28, 627, -9, 618, 'admin', 'hilang', '2013-02-03'),
(59, 28, 580, 20, 600, 'admin', 'Nemu', '2013-03-03'),
(60, 43, 150, -15, 135, '', 'Salah Hitung', '2014-09-06');

-- --------------------------------------------------------

--
-- Table structure for table `barang_purchase`
--

CREATE TABLE IF NOT EXISTS `barang_purchase` (
  `id` varchar(11) NOT NULL,
  `name` varchar(100) NOT NULL,
  `satuan_id` int(11) NOT NULL,
  `stock` int(11) NOT NULL,
  `price` decimal(14,2) NOT NULL,
  `price_average` decimal(14,2) NOT NULL,
  `account_debit` varchar(6) NOT NULL,
  `account_credit` varchar(6) NOT NULL,
  `remark` varchar(200) NOT NULL,
  KEY `account_debit` (`account_debit`),
  KEY `account_credit` (`account_credit`),
  KEY `satuan_id` (`satuan_id`)
) ENGINE=MyISAM DEFAULT CHARSET=latin1;

--
-- Dumping data for table `barang_purchase`
--

INSERT INTO `barang_purchase` (`id`, `name`, `satuan_id`, `stock`, `price`, `price_average`, `account_debit`, `account_credit`, `remark`) VALUES
('PC01P000016', 'CARRIER 70', 18, 0, '0.00', '0.00', '', '', ''),
('PC01P000017', 'CARRIER CH-37', 18, 0, '0.00', '0.00', '', '', ''),
('PC01P000018', 'CARRIER JM', 18, 0, '0.00', '0.00', '', '', ''),
('PC01P000019', 'CARRIER M-300', 18, 0, '0.00', '0.00', '', '', ''),
('PC01P000020', 'CAUSTIC SODA', 18, 0, '5.00', '0.00', '', '', ''),
('PC01P000021', 'CITRIC ACID', 18, 0, '12.00', '0.00', '', '', ''),
('PC01P000027', 'Coractive Turquise Blue H5G', 18, 0, '0.00', '0.00', '', '', ''),
('PC01P000028', 'CORAFIX JET BLACK GDR', 18, 0, '0.00', '0.00', '', '', ''),
('PC01P000073', 'DYEING ACID GNA', 18, 0, '0.68', '0.00', '', '', ''),
('PC01P000075', 'ETHYLENE GLYCOL', 18, 0, '0.00', '0.00', '', '', ''),
('PC01P000084', 'H2O2', 18, 0, '5.00', '0.00', '', '', ''),
('PC01P000119', 'JITEX 107', 18, 0, '0.70', '0.00', '', '', ''),
('PC01P000126', 'MC POLYMER 700', 18, 0, '8.20', '0.00', '', '', ''),
('PC01P000127', 'MELAMINE RESIN M3', 18, 0, '1.75', '0.00', '', '', ''),
('PC01P000287', 'BIO ACID', 18, 0, '0.00', '0.00', '', '', ''),
('PC01P000288', 'CORACTIVE RED H8 B', 18, 0, '0.00', '0.00', '', '', ''),
('PC01P000292', 'NEOCRYSTAL BC-75(200)', 18, 0, '0.75', '0.00', '', '', ''),
('PC01P000300', 'BIOZYM D-20', 18, 0, '0.00', '0.00', '', '', ''),
('PC01P000312', 'BIO R 104', 18, 0, '0.00', '0.00', '', '', ''),
('PC01P000321', 'MELAMINE RESIN MH-3', 18, 0, '0.00', '0.00', '', '', ''),
('PC01P000333', 'ALBAFLOW FFA-01', 18, 0, '3.20', '0.00', '', '', ''),
('PC01P000338', 'AMILUM 3000 HT', 18, 0, '0.28', '0.00', '', '', ''),
('PC01P000339', 'AMILUM 3500 HT', 18, 0, '0.28', '0.00', '', '', ''),
('PC01P000340', 'AMILUM HT 3000', 18, 0, '0.00', '0.00', '', '', ''),
('PC01P000341', 'AMINO TSF', 18, 0, '0.00', '0.00', '', '', ''),
('PC01P000343', 'APOLE ES-510 (PL-200)', 18, 0, '1.05', '0.00', '', '', ''),
('PC01P000344', 'ATLACID RED GS', 18, 0, '0.00', '0.00', '', '', ''),
('PC01P000345', 'B II PUTIH', 18, 0, '0.00', '0.00', '', '', ''),
('PC01P000346', 'BELSOFT 200 CONC', 18, 0, '3.20', '0.00', '', '', ''),
('PC01P000347', 'BINDER TR-50', 18, 0, '0.00', '0.00', '', '', ''),
('PC01P000348', 'BLACK B 150', 18, 0, '0.00', '0.00', '', '', ''),
('PC01P000349', 'BLACK RL', 18, 0, '0.00', '0.00', '', '', ''),
('PC01P000350', 'BLUE RSP', 18, 0, '0.00', '0.00', '', '', ''),
('PC01P000351', 'CENFIX 5040', 18, 0, '0.00', '0.00', '', '', ''),
('PC01P000352', 'CENLUBRI 500 NO', 18, 0, '0.00', '0.00', '', '', ''),
('PC01P000353', 'CENSOFT AN', 18, 0, '0.00', '0.00', '', '', ''),
('PC01P000354', 'CHELLESTER 100 A', 18, 0, '0.00', '0.00', '', '', ''),
('PC01P000355', 'COMOSCORE GS 503', 18, 0, '1.57', '0.00', '', '', ''),
('PC01P000364', 'DKS TAFULON NT 350J', 18, 0, '0.00', '0.00', '', '', ''),
('PC01P000365', 'DOVEBOND 30 S', 18, 0, '0.00', '0.00', '', '', ''),
('PC01P000366', 'DYEING ACID GNA3 ( 120)', 18, 0, '0.00', '0.00', '', '', ''),
('PC01P000367', 'DYEING ACID YK-2C', 18, 0, '1.05', '0.00', '', '', ''),
('PC01P000368', 'ECOTECH BN-349', 18, 0, '0.00', '0.00', '', '', ''),
('PC01P000369', 'EDTA NA', 18, 0, '45.00', '0.00', '', '', ''),
('PC01P000370', 'EMULSIFIER', 18, 0, '0.00', '0.00', '', '', ''),
('PC01P000371', 'EMULSIFIER 01', 18, 0, '3.75', '0.00', '', '', ''),
('PC01P000374', 'FORMIC ACID', 18, 0, '12.00', '0.00', '', '', ''),
('PC01P000375', 'GINSOFT NT-50', 18, 0, '0.59', '0.00', '', '', ''),
('PC01P000376', 'ISOFAL HF', 18, 0, '0.00', '0.00', '', '', ''),
('PC01P000377', 'JINTEPHOR CNWB 5', 18, 0, '0.00', '0.00', '', '', ''),
('PC01P000378', 'JINTEPOR NC 5 B', 18, 0, '0.00', '0.00', '', '', ''),
('PC01P000382', 'LIPO OIL NT - 6', 18, 0, '1.17', '0.00', '', '', ''),
('PC01P000383', 'LIPOTOL BA (180)', 18, 0, '2.10', '0.00', '', '', ''),
('PC01P000384', 'LIPOTOL DS 20 L (200)', 18, 0, '0.80', '0.00', '', '', ''),
('PC01P000385', 'LIPOTOL RK-90 GN (200)', 18, 0, '0.79', '0.00', '', '', ''),
('PC01P000386', 'CATIONIC HC-300', 18, 0, '0.00', '0.00', '', '', ''),
('PC01P000387', 'MAGNASOFT 707', 18, 0, '6.50', '0.00', '', '', ''),
('PC01P000388', 'MPC', 18, 0, '0.00', '0.00', '', '', ''),
('PC01P000390', 'NDN-50 K (200)', 18, 0, '7.50', '0.00', '', '', ''),
('PC01P000391', 'NDN-7 EN', 18, 0, '12.10', '0.00', '', '', ''),
('PC01P000392', 'NEOCRYSTAL NK-1500 (200)', 18, 0, '1.22', '0.00', '', '', ''),
('PC01P000393', 'NEOCRYSTAL 150 (200)', 18, 0, '0.00', '0.00', '', '', ''),
('PC01P000394', 'NEOCRYSTAL BGS (200)', 18, 0, '0.81', '0.00', '', '', ''),
('PC01P000395', 'NEOCRYSTAL NK 1500', 18, 0, '0.00', '0.00', '', '', ''),
('PC01P000396', 'NEOFIX C-300 (220)', 18, 0, '0.96', '0.00', '', '', ''),
('PC01P000397', 'NEOFIX CF-54', 18, 0, '0.00', '0.00', '', '', ''),
('PC01P000398', 'NEOFIX R-370 (200)', 18, 0, '1.67', '0.00', '', '', ''),
('PC01P000405', 'LIPO OIL NT-33 N (180)', 18, 0, '0.00', '0.00', '', '', ''),
('PC01P000450', 'LIPO OIL NT-12', 18, 0, '1.50', '0.00', '', '', ''),
('PC01P000490', 'DYEING ACID GNA-3(200)', 18, 0, '0.57', '0.00', '', '', ''),
('PC01P000491', 'KASESOL ES-708', 18, 0, '1.60', '0.00', '', '', ''),
('PC01P000492', 'KASESOL 05-N (200)', 18, 0, '0.90', '0.00', '', '', ''),
('PC01P000493', 'KASESOL TS', 18, 0, '1.75', '0.00', '', '', ''),
('PC01P000495', 'NAVY BLUE BD-E', 18, 0, '5.10', '0.00', '', '', ''),
('PC01P000496', 'LIPOTOL LSTP', 18, 0, '0.90', '0.00', '', '', ''),
('PC01P000497', 'NEOCRYSTAL 200 (200)', 18, 0, '1.13', '0.00', '', '', ''),
('PC01P000498', 'NEOCRYSTAL NK-1500', 18, 0, '0.00', '0.00', '', '', ''),
('PC01P000499', 'COLSOFT AO-110', 18, 0, '0.00', '0.00', '', '', ''),
('PC01P000500', 'NEOFIX R-755 (200)', 18, 0, '2.04', '0.00', '', '', ''),
('PC01P000501', 'NEOFIX R-889', 18, 0, '2.30', '0.00', '', '', ''),
('PC01P000508', 'EVAVANOL N-7(DM-200)', 18, 0, '0.00', '0.00', '', '', ''),
('PC01P000566', 'FINESOFT 35', 18, 0, '0.70', '0.00', '', '', ''),
('PC01P000568', 'COLOURFINE DAC-5', 18, 0, '1.10', '0.00', '', '', ''),
('PC01P000569', 'MB 1030 R', 18, 0, '2.90', '0.00', '', '', ''),
('PC01P000570', 'ISOPAL FR', 18, 0, '1.33', '0.00', '', '', ''),
('PC01P000571', 'ISOPAL HF-I', 18, 0, '0.00', '0.00', '', '', ''),
('PC01P000578', 'ISOFAL FR', 18, 0, '0.00', '0.00', '', '', ''),
('PC01P000581', 'DYEING ACID GNA-3(120)', 18, 0, '0.00', '0.00', '', '', ''),
('PC01P000582', 'ETG', 18, 0, '0.00', '0.00', '', '', ''),
('PC01P000583', 'ALBATEX SA-200', 18, 0, '0.00', '0.00', '', '', ''),
('PC01P000590', 'AMILUM 9000 HT', 18, 0, '0.80', '0.00', '', '', ''),
('PC01P000594', 'FINEGUM HE', 18, 0, '0.00', '0.00', '', '', ''),
('PC01P000595', 'LIPOTOL DS-20 LK', 18, 0, '0.00', '0.00', '', '', ''),
('PC01P000597', 'D.E.G', 18, 0, '2.00', '0.00', '', '', ''),
('PC01P000600', 'ALFASTIF 5105', 18, 0, '0.80', '0.00', '', '', ''),
('PC01P000601', 'GLYOXAL TCN', 18, 0, '0.00', '0.00', '', '', ''),
('PC01P000606', 'MELAMINE RESIN NF', 18, 0, '1.80', '0.00', '', '', ''),
('PC01P000607', 'CATALYST MH', 18, 0, '0.00', '0.00', '', '', ''),
('PC01P000609', 'MELAMINE RESIN LF', 18, 0, '0.00', '0.00', '', '', ''),
('PC01P000617', 'JITEX 109', 18, 0, '0.95', '0.00', '', '', ''),
('PC01P000618', 'DOVEBOND 40 M @ 200 kg', 18, 0, '0.79', '0.00', '', '', ''),
('PC01P000619', 'GARAM HALUS GH-3', 18, 0, '0.00', '0.00', '', '', ''),
('PC01P000621', 'CORAFIX RED H8B', 18, 0, '0.00', '0.00', '', '', ''),
('PC01P000623', 'MAGNASOFT 310', 18, 0, '4.50', '0.00', '', '', ''),
('PC01P000632', 'CR 104', 18, 0, '0.00', '0.00', '', '', ''),
('PC01P000637', 'AMILUM 45 WA', 18, 0, '0.45', '0.00', '', '', ''),
('PC01P000638', 'MEG', 18, 0, '9.00', '0.00', '', '', ''),
('PC01P000639', 'IPA', 18, 0, '0.00', '0.00', '', '', ''),
('PC01P000645', 'BIOZYM D-45', 18, 0, '0.00', '0.00', '', '', ''),
('PC01P000651', 'MC CLEAN V - 9 N', 18, 0, '0.00', '0.00', '', '', ''),
('PC01P000659', 'DRYPON E -300', 18, 0, '0.00', '0.00', '', '', ''),
('PC01P000660', 'ECOTECH 3208 BT', 18, 0, '3.00', '0.00', '', '', ''),
('PC01P000663', 'JERIGEN KOSONG', 18, 0, '0.00', '0.00', '', '', ''),
('PC01P000681', 'NEOCRYSTAL NK-2200', 18, 0, '0.00', '0.00', '', '', ''),
('PC01P000682', 'MODERDIRECT BLACK VSF-600', 18, 0, '0.00', '0.00', '', '', ''),
('PC01P000683', 'DIRECT BLACK VSF 600', 18, 0, '4.20', '0.00', '', '', ''),
('PC01P000687', 'FIXS', 18, 0, '3.20', '0.00', '', '', ''),
('PC01P000693', 'ALFABIN 5301 PA-CE', 18, 0, '0.00', '0.00', '', '', ''),
('PC01P000694', 'CORATIVE RED H8B', 18, 0, '0.00', '0.00', '', '', ''),
('PC01P000696', 'IK COLOR DEEPER S-66', 18, 0, '0.00', '0.00', '', '', ''),
('PC01P000706', 'IK BLACK S22 (200)', 18, 0, '7.23', '0.00', '', '', ''),
('PC01P000716', 'NEOFIX RD-1000N', 18, 0, '1.18', '0.00', '', '', ''),
('PC01P000717', 'BREVIOL DS', 18, 0, '2.15', '0.00', '', '', ''),
('PC01P000718', 'ALFABIN 5301 PA', 18, 0, '0.00', '0.00', '', '', ''),
('PC01P000724', 'DRUM KOSONG @ 200', 18, 10, '0.00', '125000.00', '', '', ''),
('PC01P000727', 'LIPO OIL TC-90 (200)', 18, 0, '0.96', '0.00', '', '', ''),
('PC01P000730', 'DYE PREP', 18, 0, '1.00', '0.00', '', '', ''),
('PC01P000740', 'MELAMINE LF', 18, 0, '0.00', '0.00', '', '', ''),
('PC01P000744', 'DETRON N', 18, 0, '3.00', '0.00', '', '', ''),
('PC01P000745', 'HELIZORIN BINDER ET ECO', 18, 0, '1.13', '0.00', '', '', ''),
('PC01P000746', 'LUTEXAL HIT', 18, 0, '1.99', '0.00', '', '', ''),
('PC01P000747', 'LUPRINTOL MCL', 18, 0, '7.25', '0.00', '', '', ''),
('PC01P000748', 'MELAMINE RESIN M-3 H', 18, 0, '0.00', '0.00', '', '', ''),
('PC01P000755', 'CORAZOL TURQ BLUE G 266%', 18, 0, '7.50', '0.00', '', '', ''),
('PC01P000757', 'LUBCASTER BS-2', 18, 0, '2.00', '0.00', '', '', ''),
('PC01P000759', 'DYECOTT RD - 01', 18, 0, '0.00', '0.00', '', '', ''),
('PC01P000761', 'LMK FLOUWHITE - 5 D', 18, 0, '4.75', '0.00', '', '', ''),
('PC01P000766', 'CORAFIX SCARLET GDR', 18, 0, '0.00', '0.00', '', '', ''),
('PC01P000770', 'DYE COTT RD - 01', 18, 0, '0.00', '0.00', '', '', ''),
('PC01P000773', 'FOAMLEX H - 90 (PL.120)', 18, 0, '1.98', '0.00', '', '', ''),
('PC01P000776', 'CORAFIX  SCARLET GDR', 18, 0, '6.70', '0.00', '', '', ''),
('PC01P000781', 'FOAMLEX H-82 (DM-200)', 18, 0, '0.50', '0.00', '', '', ''),
('PC01P000796', 'NEOFIX R-250 (200)', 18, 0, '2.50', '0.00', '', '', ''),
('PC01P000800', 'CROAKS N (200)', 18, 0, '0.55', '0.00', '', '', ''),
('PC01P000813', 'NEOCRYSTAL A-860', 18, 0, '0.00', '0.00', '', '', ''),
('PC01P000815', 'ECOTECH DESIZE AMG', 18, 0, '0.70', '0.00', '', '', ''),
('PC01P000819', 'Belfasin 2597 Conc F', 18, 0, '2.60', '0.00', '', '', ''),
('PC01P000820', 'MELAMINE RESIN NF-40', 18, 0, '1.75', '0.00', '', '', ''),
('PC01P000832', 'BELFASIN 44 CONC F', 18, 0, '0.00', '0.00', '', '', ''),
('PC01P000834', 'NEOCRYSTAL UC-40', 18, 0, '1.60', '0.00', '', '', ''),
('PC01P000837', 'ALFASTIF 5103 CE', 18, 0, '0.72', '0.00', '', '', ''),
('PC01P000842', 'BLACK VSF-600', 18, 0, '6.20', '0.00', '', '', ''),
('PC01P000843', 'JERIGEN KOSONG @30KG', 18, 0, '23.00', '0.00', '', '', ''),
('PC01P000844', 'DRUM BESI KOSONG @200KG', 18, 0, '110.00', '0.00', '', '', ''),
('PC01P000847', 'LIPOTOL PS-60', 18, 0, '1.15', '0.00', '', '', ''),
('PC01P000851', 'DELPON PA-15', 18, 0, '0.00', '0.00', '', '', ''),
('PC01P000852', 'FRONTAGE FB 750', 18, 0, '7.25', '0.00', '', '', ''),
('PC01P000854', 'DRYPON E 150', 18, 0, '2.00', '0.00', '', '', ''),
('PC01P000856', 'LUSTER B-70 (220)', 18, 0, '1.91', '0.00', '', '', ''),
('PC01P000859', 'NEOFIX CF-3', 18, 0, '0.00', '0.00', '', '', ''),
('PC01P000862', 'COMOSCORE GS-503', 18, 0, '0.00', '0.00', '', '', ''),
('PC01P000867', 'KP - BRIGHT CH-N', 18, 0, '6.00', '0.00', '', '', ''),
('PC01P000878', 'BLUE 4 BR', 18, 0, '11.50', '0.00', '', '', ''),
('PC01P000880', 'BROWN GTL', 18, 0, '15.50', '0.00', '', '', ''),
('PC01P000886', 'BLUE KP', 18, 0, '4.40', '0.00', '', '', ''),
('PC01P000888', 'BLACK KP', 18, 0, '1.50', '0.00', '', '', ''),
('PC01P000889', 'GREEN KT', 18, 0, '3.80', '0.00', '', '', ''),
('PC01P000891', 'GOLD YELLOW KPR', 18, 0, '2.80', '0.00', '', '', ''),
('PC01P000892', 'BORDEAUX KP', 18, 0, '6.10', '0.00', '', '', ''),
('PC01P000893', 'BROWN PAR', 18, 0, '5.10', '0.00', '', '', ''),
('PC01P000895', 'CELLUSOFT CR', 18, 0, '0.00', '0.00', '', '', ''),
('PC01P000929', 'LEMON YELLOW SW-15 N', 18, 0, '0.00', '0.00', '', '', ''),
('PC01P000949', 'CEPRETON UC NEW SOLID', 18, 0, '0.00', '0.00', '', '', ''),
('PC01P000950', 'KP BRIGHT CBS', 18, 0, '0.00', '0.00', '', '', ''),
('PC01P000978', 'GOLDEN YELLOW KPR', 18, 0, '2.08', '0.00', '', '', ''),
('PC01P000979', 'KP BRIGHT HCBK', 18, 0, '4.75', '0.00', '', '', ''),
('PC01P000983', 'COTTO CLARIANT KI', 18, 0, '0.00', '0.00', '', '', ''),
('PC01P000991', 'GREEN BN', 18, 0, '4.20', '0.00', '', '', ''),
('PC01P000993', 'NAVY BLUE TK-3', 18, 0, '6.20', '0.00', '', '', ''),
('PC01P001006', 'BROWN KP', 18, 0, '3.40', '0.00', '', '', ''),
('PC01P001010', 'CERANIN C-861', 18, 0, '0.80', '0.00', '', '', ''),
('PC01P001018', 'CENTA CLEARNER MC', 18, 0, '1.40', '0.00', '', '', ''),
('PC01P001019', 'FRONTAGE FB-110', 18, 0, '4.70', '0.00', '', '', ''),
('PC01P001020', 'FRONTAGE FB-120', 18, 0, '4.50', '0.00', '', '', ''),
('PC01P001021', 'FRONTAGE AS-130', 18, 0, '3.00', '0.00', '', '', ''),
('PC01P001022', 'FLUID 350', 18, 0, '2.78', '0.00', '', '', ''),
('PC01P001023', 'ELTEX PB', 18, 0, '1.50', '0.00', '', '', ''),
('PC01P001036', 'IMEROL BLUE LIQ', 18, 0, '2.40', '0.00', '', '', ''),
('PC01P001039', 'FRONTAGE FB 110', 18, 0, '0.00', '0.00', '', '', ''),
('PC01P001040', 'FRONTAGE FB 120', 18, 0, '0.00', '0.00', '', '', ''),
('PC01P001041', 'FRONTAGE AS 130', 18, 0, '0.00', '0.00', '', '', ''),
('PC01P001046', 'F PINK SW 117', 18, 0, '0.00', '0.00', '', '', ''),
('PC01P001059', 'DRIMAREN YELLOW CL- 2 R p', 18, 0, '5.20', '0.00', '', '', ''),
('PC01P001060', 'DRIMAREN RED CL- 5 B p', 18, 0, '0.00', '0.00', '', '', ''),
('PC01P001061', 'DRIMAREN BLUE HF-RL cdge', 18, 0, '17.50', '0.00', '', '', ''),
('PC01P001066', 'BLUE KM-2', 18, 0, '4.10', '0.00', '', '', ''),
('PC01P001070', 'COLOURSOL AC-81', 18, 0, '1.70', '0.00', '', '', ''),
('PC01P001072', 'CELLTEX LRD 1830', 18, 0, '0.00', '0.00', '', '', ''),
('PC01P001076', 'BLUE SW 28', 18, 0, '0.00', '0.00', '', '', ''),
('PC01P001079', 'FORON GOLDEN YELLOW S-WF', 18, 0, '0.00', '0.00', '', '', ''),
('PC01P001081', 'DIRECT TURQUISE BLUE GL', 18, 0, '0.00', '0.00', '', '', ''),
('PC01P001086', 'KHOLIFLUE ROSE KP 9237', 18, 0, '0.00', '0.00', '', '', ''),
('PC01P001124', 'ESKUDO RC-15', 18, 0, '0.00', '0.00', '', '', ''),
('PC01P001150', 'DRIMAREN ORANGE CL-3R gr', 18, 0, '0.00', '0.00', '', '', ''),
('PC01P001160', 'ECOTECH BIONET L NEW', 18, 0, '0.00', '0.00', '', '', ''),
('PC01P001163', 'BORDEAUX BP', 18, 0, '0.00', '0.00', '', '', ''),
('PC01P001166', 'MAGNASOFT 68', 18, 0, '0.00', '0.00', '', '', ''),
('PC01P001169', 'CERANINE WNSR LIQ', 18, 0, '0.00', '0.00', '', '', ''),
('PC01P001173', 'FR-XXBP', 18, 0, '0.00', '0.00', '', '', ''),
('PC01P001177', 'KP BRIGHT CB', 18, 0, '0.00', '0.00', '', '', ''),
('PC01P001183', 'LADIPUR MCLID liq', 18, 0, '0.00', '0.00', '', '', ''),
('PC01P001196', 'APOLE ES-550 (200)', 18, 0, '0.00', '0.00', '', '', ''),
('PC01P001199', 'INTRALITE BLACK 22-600%', 18, 0, '0.00', '0.00', '', '', ''),
('PC01P001200', 'ECOSIZE LS-400', 18, 0, '0.00', '0.00', '', '', ''),
('PC01P001207', 'DYECOTT NT', 18, 0, '0.00', '0.00', '', '', ''),
('PC01P001214', 'DRIMAREN ROYAL BLUE HF-CD', 18, 0, '0.00', '0.00', '', '', ''),
('PC01P001215', 'ECOTECH BIO SOFT COUC', 18, 0, '0.00', '0.00', '', '', ''),
('PC01P001220', 'LEOUCPHOR AP Liq', 18, 0, '0.00', '0.00', '', '', ''),
('PC01P001228', 'LIPOTOL DS-300(20)', 18, 0, '0.00', '0.00', '', '', ''),
('PC01P001229', 'MA-230 E', 18, 0, '0.00', '0.00', '', '', ''),
('PC01P001235', 'ECOSIZE MGX', 18, 0, '0.00', '0.00', '', '', ''),
('PC01P001236', 'DYEING ACID GNA-3', 18, 0, '0.00', '0.00', '', '', ''),
('PC01P001239', 'BIOZYM R-20', 18, 0, '0.00', '0.00', '', '', ''),
('PC01P001241', 'DRIMAREN TURQUISE CL-BP', 18, 0, '0.00', '0.00', '', '', ''),
('PC01P001242', 'DRIMAREN NAVY CL-R p', 18, 0, '0.00', '0.00', '', '', ''),
('PC01P001243', 'DRIMAREN YELLOW CL-3G conc.p', 18, 0, '0.00', '0.00', '', '', ''),
('PC01P001245', 'ECOTECH DESIZE AMX', 18, 0, '0.00', '0.00', '', '', ''),
('PC01P001250', 'BLUE 2 B', 18, 0, '0.00', '0.00', '', '', ''),
('PC01P001251', 'NAVY BLUE', 18, 0, '0.00', '0.00', '', '', ''),
('PC01P001253', 'BLUE 4 BL', 18, 0, '0.00', '0.00', '', '', ''),
('PC01P001260', 'KP BRIGHT PMG-S', 18, 0, '0.00', '0.00', '', '', ''),
('PC01P001262', 'LEVENOL M-08', 18, 0, '0.00', '0.00', '', '', ''),
('PC01P001264', 'HIDRONAL P-605', 18, 0, '0.00', '0.00', '', '', ''),
('PC01P001265', 'ASHCOAT BPW 4040', 18, 0, '0.00', '0.00', '', '', ''),
('PC01P001271', 'MONOGEN TA', 18, 0, '0.00', '0.00', '', '', ''),
('PC01P001273', 'MA-1429', 18, 0, '0.00', '0.00', '', '', ''),
('PC01P001274', 'FOAMASTER 340', 18, 0, '0.00', '0.00', '', '', ''),
('PC01P001278', 'KHORI FLUO LEMON YELLOW KP-9305', 18, 0, '0.00', '0.00', '', '', ''),
('PC01P001287', 'BLUE KP-9328', 18, 0, '0.00', '0.00', '', '', ''),
('PC01P001288', 'ESCUDO C-30 (200)', 18, 0, '0.00', '0.00', '', '', ''),
('PC01P001322', 'LEUCOPHOR BAPB.id.liq', 18, 0, '0.00', '0.00', '', '', ''),
('PC01P001323', 'NEOFIX RP - 70 (DM-200)', 18, 0, '0.00', '0.00', '', '', ''),
('PC01P000400', 'NEOFIX SPM', 18, 0, '5.07', '0.00', '', '', ''),
('PC01P001125', 'NEORATE NA-30 N', 18, 0, '0.00', '0.00', '', '', ''),
('PC01P000502', 'NEORATE NA-77', 18, 0, '1.16', '0.00', '', '', ''),
('PC01P000863', 'NEORATE NCBN', 18, 0, '1.39', '0.00', '', '', ''),
('PC01P000913', 'NEORATE PH-2000 (DM.200)', 18, 0, '1.58', '0.00', '', '', ''),
('PC01P000586', 'NEORATE PH-25 N', 18, 0, '0.85', '0.00', '', '', ''),
('PC01P000401', 'NEORATE PH-55 F (200)', 18, 0, '1.21', '0.00', '', '', ''),
('PC01P000402', 'NEORATE PH-55N (200)', 18, 0, '1.48', '0.00', '', '', ''),
('PC01P000403', 'NEORATE PH-700 (200)', 18, 0, '0.47', '0.00', '', '', ''),
('PC01P000404', 'NEORATE PLC 3030 (200)', 18, 0, '1.69', '0.00', '', '', ''),
('PC01P000504', 'NEORATE SB-51', 18, 0, '0.00', '0.00', '', '', ''),
('PC01P000406', 'NEOTEX 511 (200)', 18, 0, '0.00', '0.00', '', '', ''),
('PC01P000810', 'NEOTEX PA-15', 18, 0, '0.63', '0.00', '', '', ''),
('PC01P000802', 'NEOTEX PD-511', 18, 0, '0.60', '0.00', '', '', ''),
('PC01P001238', 'NETRAZYM R-200', 18, 0, '0.00', '0.00', '', '', ''),
('PC01P000326', 'NEUTRACEL BP CONC', 18, 0, '0.00', '0.00', '', '', ''),
('PC01P000505', 'NEWBON TS-250', 18, 0, '1.13', '0.00', '', '', ''),
('PC01P000809', 'NEWBON TS-30 (CN)', 18, 0, '0.00', '0.00', '', '', ''),
('PC01P000803', 'NEWBON TS-30 CN', 18, 0, '0.55', '0.00', '', '', ''),
('PC01P000408', 'NEWBON TS-400 T (200)', 18, 0, '1.41', '0.00', '', '', ''),
('PC01P001310', 'NEWBON TS-400T(PL.120)', 18, 0, '0.00', '0.00', '', '', ''),
('PC01P000409', 'NEWBON WJ (200)', 18, 0, '0.90', '0.00', '', '', ''),
('PC01P000779', 'NICCA CLEAR  W-5000 (CN)', 18, 0, '0.26', '0.00', '', '', ''),
('PC01P000789', 'NICCA CLEAR W-20(20)', 18, 0, '0.30', '0.00', '', '', ''),
('PC01P000849', 'NICCA CLEAR W-2010', 18, 0, '0.80', '0.00', '', '', ''),
('PC01P000788', 'NICCA CLEAR W-300(220)', 18, 0, '0.75', '0.00', '', '', ''),
('PC01P000804', 'NICCA CLEAR W-35 (DM-200)', 18, 0, '0.73', '0.00', '', '', ''),
('PC01P000790', 'NICCA CLEAR W-5 (120)', 18, 0, '0.52', '0.00', '', '', ''),
('PC01P000604', 'NICCA SUNCLEAN F-100', 18, 0, '0.00', '0.00', '', '', ''),
('PC01P001304', 'NICCA SUNSOLT LM-7', 18, 0, '0.00', '0.00', '', '', ''),
('PC01P000741', 'NICCA SUNSOLT LM-7 B (200)', 18, 0, '0.00', '0.00', '', '', ''),
('PC01P001303', 'NICCA SUNSOLT LM-8(200)', 18, 0, '0.00', '0.00', '', '', ''),
('PC01P000732', 'NICCAGUM C-200 H', 18, 0, '0.00', '0.00', '', '', ''),
('PC01P000739', 'NICCAGUM C-50', 18, 0, '0.00', '0.00', '', '', ''),
('PC01P000506', 'NICCANON RB (PL.120)', 18, 0, '22.00', '0.00', '', '', ''),
('PC01P000850', 'NICCASOLT SC-1000', 18, 0, '2.00', '0.00', '', '', ''),
('PC01P001222', 'NICEPOLE PR-86 N(200)', 18, 0, '0.00', '0.00', '', '', ''),
('PC01P000410', 'NICEPOLE TF-85 (200)', 18, 0, '0.00', '0.00', '', '', ''),
('PC01P000507', 'NIKKALAN Y', 18, 0, '0.87', '0.00', '', '', ''),
('PC01P000636', 'NIKOSOLT FT-1', 18, 0, '0.00', '0.00', '', '', ''),
('PC01P001175', 'NK ASSIST FU(19)', 18, 0, '0.00', '0.00', '', '', ''),
('PC01P000509', 'NK GUARD NDN 50 K', 18, 0, '0.00', '0.00', '', '', ''),
('PC01P000389', 'NK GUARD NDN-7EN (PL.200)', 18, 0, '0.00', '0.00', '', '', ''),
('PC01P000134', 'NK HIBITER ANY-8', 18, 0, '4.73', '0.00', '', '', ''),
('PC01P000510', 'NK HIBITER ANY-8 (SRBY)', 18, 0, '4.45', '0.00', '', '', ''),
('PC01P000511', 'NK OIL S-15', 18, 0, '2.14', '0.00', '', '', ''),
('PC01P000411', 'NK OIL WO-321 (200)', 18, 0, '1.43', '0.00', '', '', ''),
('PC01P000412', 'NOIGEN RA 10 CONC', 18, 0, '0.00', '0.00', '', '', ''),
('PC01P000564', 'NOIGEN SS-H', 18, 0, '0.62', '0.00', '', '', ''),
('PC01P000071', 'NOVACRON SUPER BLACK R', 18, 0, '0.00', '0.00', '', '', ''),
('PC01P000414', 'NPPN', 18, 0, '0.00', '0.00', '', '', ''),
('PC01P000897', 'NT-42 NEW', 18, 0, '0.80', '0.00', '', '', ''),
('PC01P000646', 'NT-53', 18, 0, '0.00', '0.00', '', '', ''),
('PC01P000948', 'NUVA 1541 LIQ', 18, 0, '0.00', '0.00', '', '', ''),
('PC01P001198', 'NUVA 2137 LIQ', 18, 0, '0.00', '0.00', '', '', ''),
('PC01P000603', 'NYLON FIX TN-50 NEW', 18, 0, '0.00', '0.00', '', '', ''),
('PC01P000415', 'NYLONFIX TN-50', 18, 0, '1.60', '0.00', '', '', ''),
('PC01P000135', 'OBA BB', 18, 0, '0.00', '0.00', '', '', ''),
('PC01P000865', 'OPTICID VS LIQ', 18, 0, '0.00', '0.00', '', '', ''),
('PC01P000416', 'ORANGE 3 R', 18, 0, '0.00', '0.00', '', '', ''),
('PC01P000926', 'ORANGE SW-114', 18, 0, '11.50', '0.00', '', '', ''),
('PC01P000579', 'ORODIS 2005', 18, 0, '1.40', '0.00', '', '', ''),
('PC01P001263', 'OTTO CLARIANT KI', 18, 0, '0.00', '0.00', '', '', ''),
('PC01P000136', 'OXALID ACID', 18, 0, '0.00', '0.00', '', '', ''),
('PC01P000137', 'P A C', 18, 0, '0.00', '0.00', '', '', ''),
('PC01P000138', 'P E G 400%', 18, 0, '0.00', '0.00', '', '', ''),
('PC01P001194', 'P.PERMANGANAT', 18, 0, '0.00', '0.00', '', '', ''),
('PC01P000417', 'P-8076 S', 18, 0, '0.86', '0.00', '', '', ''),
('PC01P000140', 'PAC POWDER', 18, 0, '0.00', '0.00', '', '', ''),
('PC01P000139', 'PAC POWDER (China)', 18, 0, '0.00', '0.00', '', '', ''),
('PC01P000141', 'PAC POWDER(Jepang)', 18, 0, '0.00', '0.00', '', '', ''),
('PC01P000633', 'PANASIL C-45', 18, 0, '0.00', '0.00', '', '', ''),
('PC01P001168', 'PANOX 750', 18, 0, '0.00', '0.00', '', '', ''),
('PC01P000407', 'PANSOFT FK-200', 18, 0, '0.00', '0.00', '', '', ''),
('PC01P000418', 'PASTA 88', 18, 0, '0.00', '0.00', '', '', ''),
('PC01P000419', 'PEG 400%', 18, 0, '0.00', '0.00', '', '', ''),
('PC01P000421', 'PERMULSION DNMS', 18, 0, '2.15', '0.00', '', '', ''),
('PC01P001258', 'PHOSPORIC ACID', 18, 0, '0.00', '0.00', '', '', ''),
('PC01P001137', 'PIGMENT RED 26413', 18, 0, '0.00', '0.00', '', '', ''),
('PC01P000695', 'PIGMENT YELLOW KF-25', 18, 0, '0.00', '0.00', '', '', ''),
('PC01P000883', 'PINK KP-E', 18, 0, '5.30', '0.00', '', '', ''),
('PC01P000930', 'PINK SW-117', 18, 0, '0.00', '0.00', '', '', ''),
('PC01P000512', 'PITCHRUN L-100(200)', 18, 0, '2.38', '0.00', '', '', ''),
('PC01P000302', 'PITCHRUN L-135 N', 18, 0, '2.15', '0.00', '', '', ''),
('PC01P000825', 'PITCHRUN L-2', 18, 0, '2.50', '0.00', '', '', ''),
('PC01P000808', 'PITCHRUN L-3 (DRUM)', 18, 0, '0.67', '0.00', '', '', ''),
('PC01P000206', 'PITCHRUN L-5', 18, 0, '2.00', '0.00', '', '', ''),
('PC01P000422', 'PITCHRUN PU -575', 18, 0, '0.86', '0.00', '', '', ''),
('PC01P000845', 'POLYGEN  KOSONG @120KG', 18, 0, '85.00', '0.00', '', '', ''),
('PC01P001077', 'POLYGEN KOSONG @200KG', 18, 0, '0.00', '0.00', '', '', ''),
('PC01P001305', 'POLYGEN KOSONG@200', 18, 0, '0.00', '0.00', '', '', ''),
('PC01P000589', 'POLYMER P-100', 18, 0, '0.00', '0.00', '', '', ''),
('PC01P000217', 'POWDER TWIN GLOBE L-7', 18, 0, '0.00', '0.00', '', '', ''),
('PC01P001062', 'PRIMACEL 601', 18, 0, '2.20', '0.00', '', '', ''),
('PC01P000423', 'PRIMAFIN ULTRA', 18, 0, '0.00', '0.00', '', '', ''),
('PC01P001027', 'PV-535', 18, 0, '0.76', '0.00', '', '', ''),
('PC01P000424', 'PVAC 506', 18, 0, '0.00', '0.00', '', '', ''),
('PC01P000425', 'PVAC JITEX TL', 18, 0, '0.00', '0.00', '', '', ''),
('PC01P000572', 'REACEL 650', 18, 0, '0.00', '0.00', '', '', ''),
('PC01P000426', 'REACEL NKR', 18, 0, '2.40', '0.00', '', '', ''),
('PC01P000573', 'REACEL NKR-1', 18, 0, '0.00', '0.00', '', '', ''),
('PC01P001252', 'RED BWS', 18, 0, '0.00', '0.00', '', '', ''),
('PC01P000884', 'RED HP', 18, 0, '5.30', '0.00', '', '', ''),
('PC01P000927', 'RED ORANGE SW-11', 18, 0, '0.00', '0.00', '', '', ''),
('PC01P000879', 'RED SCARLET', 18, 0, '4.50', '0.00', '', '', ''),
('PC01P000644', 'RED SCARLET 4 BS', 18, 0, '0.00', '0.00', '', '', ''),
('PC01P000987', 'RED SCARLET KP', 18, 0, '4.70', '0.00', '', '', ''),
('PC01P000928', 'RED SW-113', 18, 0, '0.00', '0.00', '', '', ''),
('PC01P001055', 'REMOVE OIL NKE', 18, 0, '0.00', '0.00', '', '', ''),
('PC01P000580', 'REMOVE OIL SC-200', 18, 0, '0.00', '0.00', '', '', ''),
('PC01P001016', 'RONGGALIT C', 18, 0, '0.00', '0.00', '', '', ''),
('PC01P000234', 'ROSE SW', 18, 0, '0.00', '0.00', '', '', ''),
('PC01P001013', 'ROSE SW 127', 18, 0, '0.00', '0.00', '', '', ''),
('PC01P000963', 'ROSE SW-127', 18, 0, '11.30', '0.00', '', '', ''),
('PC01P001007', 'ROYAL BLUE KP', 18, 0, '3.60', '0.00', '', '', ''),
('PC01P000887', 'ROYAL BLUE SP', 18, 0, '6.20', '0.00', '', '', ''),
('PC01P000999', 'RUBIN SW 137', 18, 0, '11.50', '0.00', '', '', ''),
('PC01P000931', 'RUBINE SW-37', 18, 0, '0.00', '0.00', '', '', ''),
('PC01P001162', 'RUST CLEAN GO', 26, 0, '0.00', '0.00', '', '', ''),
('PC01P001226', 'RUST GO', 26, 0, '0.00', '0.00', '', '', ''),
('PC01P000427', 'SC 88', 18, 0, '0.00', '0.00', '', '', ''),
('PC01P001179', 'SCARLED GDR', 18, 0, '0.00', '0.00', '', '', ''),
('PC01P000428', 'SHEARLON C-8 N', 18, 0, '1.13', '0.00', '', '', ''),
('PC01P000238', 'SHEARSOFT C-100', 18, 0, '0.00', '0.00', '', '', ''),
('PC01P000516', 'SILEX W-81', 18, 0, '0.95', '0.00', '', '', ''),
('PC01P000515', 'SILICOEN AMC EN-2', 18, 0, '2.10', '0.00', '', '', ''),
('PC01P000692', 'SILICONE 100 CST', 18, 0, '0.00', '0.00', '', '', ''),
('PC01P001025', 'SILICONE 100 N', 18, 0, '0.00', '0.00', '', '', ''),
('PC01P000614', 'SILICONE 200', 18, 0, '0.00', '0.00', '', '', ''),
('PC01P000679', 'SILICONE 200 CST', 18, 0, '0.00', '0.00', '', '', ''),
('PC01P000429', 'SILICONE 400 C', 18, 0, '5.50', '0.00', '', '', ''),
('PC01P001237', 'SILICONE ACE', 18, 0, '0.00', '0.00', '', '', ''),
('PC01P000955', 'SILICONE AM (100)', 18, 0, '1.45', '0.00', '', '', ''),
('PC01P000753', 'SILICONE AM-2000 (200)', 18, 0, '1.38', '0.00', '', '', ''),
('PC01P000514', 'SILICONE AM-202', 18, 0, '2.52', '0.00', '', '', ''),
('PC01P000430', 'SILICONE AM-25 (200)', 18, 0, '1.20', '0.00', '', '', ''),
('PC01P000689', 'SILICONE AMINO TSF 4703', 18, 0, '0.00', '0.00', '', '', ''),
('PC01P000431', 'SILICONE AMZ (200)', 18, 0, '2.63', '0.00', '', '', ''),
('PC01P000805', 'SILICONE AMZ-8', 18, 0, '1.33', '0.00', '', '', ''),
('PC01P000432', 'SILICONE AMZ-8 (200)', 18, 0, '0.00', '0.00', '', '', ''),
('PC01P000760', 'SILICONE AQ-200', 18, 0, '1.53', '0.00', '', '', ''),
('PC01P000723', 'SILICONE FLUID AK-100', 18, 0, '3.75', '0.00', '', '', ''),
('PC01P001064', 'SILICONE FLUID AK-350', 18, 0, '2.80', '0.00', '', '', ''),
('PC01P001065', 'SILICONE N-100 (200)', 18, 0, '5.80', '0.00', '', '', ''),
('PC01P001307', 'SILICONE N-100(120)', 18, 0, '0.00', '0.00', '', '', ''),
('PC01P000433', 'SILICONE N-150 EPN (200)', 18, 0, '0.74', '0.00', '', '', ''),
('PC01P000742', 'SILICONE OIL 100 CST', 18, 0, '0.00', '0.00', '', '', ''),
('PC01P000676', 'SILICONE OIL 200 CKS', 18, 0, '0.00', '0.00', '', '', ''),
('PC01P000307', 'SILICONE OIL 350 CST', 18, 0, '3.65', '0.00', '', '', ''),
('PC01P000434', 'SILICONE OIL TSF 451', 18, 0, '0.00', '0.00', '', '', ''),
('PC01P000319', 'SILICONE PAINTABLE', 18, 0, '16.00', '0.00', '', '', ''),
('PC01P000435', 'SILICONE TSF 4703', 18, 0, '4.60', '0.00', '', '', ''),
('PC01P000985', 'SILICONE W-501', 18, 0, '0.00', '0.00', '', '', ''),
('PC01P000980', 'SIZOL TX-20', 18, 0, '0.95', '0.00', '', '', ''),
('PC01P000894', 'SKY BLUE KP', 18, 0, '3.70', '0.00', '', '', ''),
('PC01P000588', 'SNOGEN BNF-2000', 18, 0, '10.00', '0.00', '', '', ''),
('PC01P000608', 'SOD.ALGINAT C-80', 18, 0, '6.35', '0.00', '', '', ''),
('PC01P000244', 'SODA ASH', 18, 0, '0.38', '0.00', '', '', ''),
('PC01P000245', 'SODA ASH DENSE', 18, 0, '0.00', '0.00', '', '', ''),
('PC01P001174', 'SODA ASH DENSE SOLVE', 18, 0, '0.00', '0.00', '', '', ''),
('PC01P001230', 'SODA ASH SOLVE LIGHT', 18, 0, '0.00', '0.00', '', '', ''),
('PC01P000494', 'SODIUM HYDROSULFITE', 18, 0, '0.00', '0.00', '', '', ''),
('PC01P000605', 'SODIUM HYDROSULPHIDE FLAKE', 18, 0, '0.00', '0.00', '', '', ''),
('PC01P000726', 'SODIUM HYDROSULPHITE', 18, 0, '1.05', '0.00', '', '', ''),
('PC01P000301', 'SODIUM HYPOCLHORIDE', 18, 0, '0.00', '0.00', '', '', ''),
('PC01P000311', 'SODIUM METABISULFITE', 18, 0, '0.95', '0.00', '', '', ''),
('PC01P000990', 'SODIUM PER CARBONAT', 18, 0, '0.95', '0.00', '', '', ''),
('PC01P000250', 'SODIUM SULPHATE', 18, 0, '0.00', '0.00', '', '', ''),
('PC01P000440', 'SOFT SILICONE 200', 18, 0, '0.95', '0.00', '', '', ''),
('PC01P000567', 'SOFT SILICONE 400C', 18, 0, '0.00', '0.00', '', '', ''),
('PC01P000628', 'SOFT SILICONE 75', 18, 0, '0.95', '0.00', '', '', ''),
('PC01P000831', 'SOFT SILICONE HIS-40', 18, 0, '1.70', '0.00', '', '', ''),
('PC01P000756', 'SOFTENER FLAKE-420', 18, 0, '0.00', '0.00', '', '', ''),
('PC01P000441', 'SOLVEN WASH', 18, 0, '2.10', '0.00', '', '', ''),
('PC01P000442', 'STABILIZER 550', 18, 0, '0.00', '0.00', '', '', ''),
('PC01P000729', 'STABITEX ETR PLUS', 18, 0, '2.10', '0.00', '', '', ''),
('PC01P000875', 'STEARIC ACID', 18, 0, '16.00', '0.00', '', '', ''),
('PC01P000725', 'STREEPER CR-5', 18, 0, '0.00', '0.00', '', '', ''),
('PC01P000574', 'SULPHUR BLACK B-200', 18, 0, '0.00', '0.00', '', '', ''),
('PC01P000575', 'SULPHUR LIQ BLACK BRN', 18, 0, '0.00', '0.00', '', '', ''),
('PC01P000267', 'SUN SQUESTER 100 A', 18, 0, '0.00', '0.00', '', '', ''),
('PC01P000443', 'SUNCLEAN', 18, 0, '0.00', '0.00', '', '', ''),
('PC01P000268', 'SUNCLEANER V 9 N', 18, 0, '0.00', '0.00', '', '', ''),
('PC01P000444', 'SUNCLEANER V-8 N', 18, 0, '1.75', '0.00', '', '', ''),
('PC01P000649', 'SUNCLEANER V-9 N', 18, 0, '0.00', '0.00', '', '', ''),
('PC01P000269', 'SUNDASH S-700', 18, 0, '0.00', '0.00', '', '', ''),
('PC01P000445', 'SUNFLAKE FK-21 (20)', 18, 0, '2.62', '0.00', '', '', ''),
('PC01P000446', 'SUNFLAKE K-100', 18, 0, '0.00', '0.00', '', '', ''),
('PC01P000447', 'SUNLIFE TNG (220)', 18, 0, '2.17', '0.00', '', '', ''),
('PC01P000792', 'SUNMORL  KP (200)', 18, 0, '0.00', '0.00', '', '', ''),
('PC01P000853', 'SUNMORL A-1 N', 18, 0, '1.30', '0.00', '', '', ''),
('PC01P000839', 'SUNMORL BH-2011', 18, 0, '1.26', '0.00', '', '', ''),
('PC01P000836', 'SUNMORL BK-20', 18, 0, '0.84', '0.00', '', '', ''),
('PC01P000448', 'SUNMORL BK-20 LF (200)', 18, 0, '0.72', '0.00', '', '', ''),
('PC01P000518', 'SUNMORL BK-57 NMN', 18, 0, '3.05', '0.00', '', '', ''),
('PC01P000596', 'SUNMORL BK-90 NMN', 18, 0, '3.05', '0.00', '', '', ''),
('PC01P000449', 'SUNMORL BL-600 NC (200)', 18, 0, '0.93', '0.00', '', '', ''),
('PC01P000519', 'SUNMORL CK-1N', 18, 0, '2.26', '0.00', '', '', ''),
('PC01P000451', 'SUNMORL CK-2 (DM)', 18, 0, '2.30', '0.00', '', '', ''),
('PC01P000751', 'SUNMORL FLN', 18, 0, '0.00', '0.00', '', '', ''),
('PC01P000452', 'SUNMORL MC-2000 (PL.200)', 18, 0, '1.51', '0.00', '', '', ''),
('PC01P000622', 'SUNMORL MC-3000', 18, 0, '2.10', '0.00', '', '', ''),
('PC01P000793', 'SUNMORL NP(200)', 18, 0, '0.00', '0.00', '', '', ''),
('PC01P001324', 'ACETIC ACID GLACIAL', 18, 0, '0.95', '0.00', '131110', '211110', ''),
('PC01P000114', 'LIPOTOL SK', 18, 0, '0.00', '0.00', '', '', ''),
('PC01P000181', 'SUNSOLT IK-3 (200)', 18, 0, '0.00', '0.00', '', '', ''),
('PC01P000460', 'SUNRETARDER PIN(200)', 18, 0, '0.00', '0.00', '', '', ''),
('PC01P000470', 'SUNSOLT YK-DB (200)', 18, 0, '0.00', '0.00', '', '', ''),
('PC01P001051', 'TERMOCOAT TO - 90', 18, 0, '0.00', '0.00', '', '', ''),
('PC01P001309', 'YORITEX F-PC MED', 18, 0, '0.00', '0.00', '', '', ''),
('PC01P001313', 'YORITEX FPC CONC', 18, 0, '0.00', '0.00', '', '', ''),
('PC01P001316', 'RUCO- BOND 858', 18, 0, '0.00', '0.00', '', '', ''),
('PC01P001318', 'UNIONSALT CNW', 18, 0, '0.00', '0.00', '', '', ''),
('PC01P001321', 'YORITEX F-PC CONC', 18, 0, '0.00', '0.00', '', '', ''),
('PC01P001325', 'BORDEAUX KP N', 18, 0, '0.00', '0.00', '', '', ''),
('PC01P001327', 'RAYOSAN C PA', 18, 0, '0.00', '0.00', '', '', '');

-- --------------------------------------------------------

--
-- Table structure for table `barang_purchase_sales`
--

CREATE TABLE IF NOT EXISTS `barang_purchase_sales` (
  `id` int(11) NOT NULL AUTO_INCREMENT,
  `barang_sales_id` varchar(15) NOT NULL,
  `barang_purchase_id` varchar(15) NOT NULL,
  `barang_type` varchar(20) NOT NULL COMMENT 'sales or purchase',
  `formula` decimal(11,4) NOT NULL COMMENT 'komposisi',
  `remark` varchar(255) NOT NULL,
  PRIMARY KEY (`id`),
  UNIQUE KEY `barang_sales_id` (`barang_sales_id`,`barang_purchase_id`,`barang_type`,`formula`),
  UNIQUE KEY `barang_sales_id_2` (`barang_sales_id`,`barang_purchase_id`,`barang_type`)
) ENGINE=MyISAM  DEFAULT CHARSET=latin1 AUTO_INCREMENT=12 ;

--
-- Dumping data for table `barang_purchase_sales`
--

INSERT INTO `barang_purchase_sales` (`id`, `barang_sales_id`, `barang_purchase_id`, `barang_type`, `formula`, `remark`) VALUES
(6, 'PC01P000001', 'PC01P001324', '', '0.1200', 'OK'),
(3, 'PC01P001009', 'PC01P001099', 'S', '0.0250', '1 Cappucino mengandung 0.025 Liter Susu'),
(4, 'PC01P000001', 'PC01P000374', '', '0.2300', 'OK'),
(8, 'PC01P000004', 'PC01P000342', '', '400.0000', 'Sip'),
(11, 'PC01P000030', 'PC01P001304', '', '0.0000', ''),
(9, 'PC01P000036', 'PC01P001324', '', '0.0600', ''),
(10, 'PC01P000036', 'PC01P000021', '', '0.0750', '');

-- --------------------------------------------------------

--
-- Table structure for table `barang_sales`
--

CREATE TABLE IF NOT EXISTS `barang_sales` (
  `id` varchar(11) NOT NULL,
  `name` varchar(100) NOT NULL,
  `satuan_id` int(11) NOT NULL,
  `price` decimal(14,2) NOT NULL,
  `account_debit` varchar(6) NOT NULL,
  `account_credit` varchar(6) NOT NULL,
  `remark` varchar(255) NOT NULL,
  `hpp_debit` varchar(6) NOT NULL,
  `hpp_credit` varchar(6) NOT NULL,
  PRIMARY KEY (`id`)
) ENGINE=MyISAM DEFAULT CHARSET=latin1;

--
-- Dumping data for table `barang_sales`
--

INSERT INTO `barang_sales` (`id`, `name`, `satuan_id`, `price`, `account_debit`, `account_credit`, `remark`, `hpp_debit`, `hpp_credit`) VALUES
('PC01P000001', 'ACETIC ACID', 18, '10500.00', '131111', '131111', '', '', ''),
('PC01P000002', 'ACID BLACK NA', 18, '0.00', '131111', '131111', '', '', ''),
('PC01P000003', 'ACID RED GS', 18, '0.00', '131111', '131111', '', '', ''),
('PC01P000004', 'ACR 850', 18, '0.00', '131111', '131111', '', '', ''),
('PC01P000005', 'ALKOHOL 98%', 33, '0.00', '131111', '131111', '', '', ''),
('PC01P000006', 'ANTI CREASE BP', 18, '0.00', '131111', '131111', '', '', ''),
('PC01P000007', 'ANTI CREASE D-1333', 18, '0.00', '131111', '131111', '', '', ''),
('PC01P000008', 'APPRESOL E 3', 18, '1.10', '131111', '131111', '', '', ''),
('PC01P000009', 'APPRESOL H', 18, '0.95', '131111', '131111', '', '', ''),
('PC01P000010', 'BENZYL ALKOHOL', 18, '0.00', '131111', '131111', '', '', ''),
('PC01P000011', 'BIOZYM D-40', 18, '0.75', '131111', '131111', '', '', ''),
('PC01P000012', 'BIOZYM D-60', 18, '1.29', '131111', '131111', '', '', ''),
('PC01P000013', 'BIOZYM PBX', 18, '0.68', '131111', '131111', '', '', ''),
('PC01P000014', 'BP GUARD', 18, '0.00', '131111', '131111', '', '', ''),
('PC01P000015', 'BRONZE GOLD SILVER', 18, '0.00', '131111', '131111', '', '', ''),
('PC01P000020', 'CAUSTIC SODA', 18, '6500.00', '131111', '131111', '', '', ''),
('PC01P000021', 'CITRIC ACID', 18, '19500.00', '131111', '131111', '', '', ''),
('PC01P000022', 'CLEANER BP', 18, '0.00', '131111', '131111', '', '', ''),
('PC01P000023', 'CLEANER TEX W-01', 18, '0.00', '131111', '131111', '', '', ''),
('PC01P000024', 'CONNING OIL TX 701', 18, '0.00', '131111', '131111', '', '', ''),
('PC01P000025', 'COOL ACID 103 R', 18, '4.85', '131111', '131111', '', '', ''),
('PC01P000026', 'COPLAMINE 280', 18, '0.00', '131111', '131111', '', '', ''),
('PC01P000028', 'CORAFIX JET BLACK GDR', 18, '0.00', '131111', '131111', '', '', ''),
('PC01P000030', 'COVER P -100', 18, '4.50', '131111', '131111', '', '', ''),
('PC01P000031', 'COVER P-60', 18, '0.00', '131111', '131111', '', '', ''),
('PC01P000032', 'COVER RX - 77', 18, '0.00', '131111', '131111', '', '', ''),
('PC01P000036', 'DIACID 100 A', 18, '0.32', '131111', '131111', '', '', ''),
('PC01P000037', 'DIACID A', 18, '1.10', '131111', '131111', '', '', ''),
('PC01P000038', 'DIACID A 2', 18, '0.80', '131111', '131111', '', '', ''),
('PC01P000039', 'DIACID A 3', 18, '1.10', '131111', '131111', '', '', ''),
('PC01P000040', 'DIRECT BLACK FAST 1000%', 18, '0.00', '131111', '131111', '', '', ''),
('PC01P000041', 'DIRECT BLACK LR', 18, '0.00', '131111', '131111', '', '', ''),
('PC01P000042', 'DIRECT BLACK OST', 18, '0.00', '131111', '131111', '', '', ''),
('PC01P000043', 'DIRECT BROWN GTL', 18, '0.00', '131111', '131111', '', '', ''),
('PC01P000044', 'DIRECT BROWN LT', 18, '0.00', '131111', '131111', '', '', ''),
('PC01P000045', 'DISBAFIX DARK BLUE CDX-RF', 18, '8.70', '131111', '131111', '', '', ''),
('PC01P000046', 'DISBAFIX GOLDEN YELLOW CDX', 18, '6.50', '131111', '131111', '', '', ''),
('PC01P000047', 'DISBAFIX RED CDX ED', 18, '7.80', '131111', '131111', '', '', ''),
('PC01P000048', 'DISBASOL BLUE 2 R', 18, '6.80', '131111', '131111', '', '', ''),
('PC01P000049', 'DISBASOL BLUE RL-150', 18, '0.00', '131111', '131111', '', '', ''),
('PC01P000050', 'DISBASOL BRILLIANT BLUE 2 GN', 18, '14.00', '131111', '131111', '', '', ''),
('PC01P000051', 'DISBASOL BRILLIANT ORANGE RGL', 18, '0.00', '131111', '131111', '', '', ''),
('PC01P000053', 'DISBASOL NAVY BLUE SXI 300', 18, '5.50', '131111', '131111', '', '', ''),
('PC01P000054', 'DISBASOL ORANGE 2 RL', 18, '11.00', '131111', '131111', '', '', ''),
('PC01P000055', 'DISBASOL RED BR', 18, '11.00', '131111', '131111', '', '', ''),
('PC01P000056', 'DISBASOL RUBINE 2B 200', 18, '6.80', '131111', '131111', '', '', ''),
('PC01P000057', 'DISBASOL SCARLET 3 G', 18, '7.50', '131111', '131111', '', '', ''),
('PC01P000058', 'DISBASOL VIOLET 2 R', 18, '0.00', '131111', '131111', '', '', ''),
('PC01P000059', 'DISBASOL YELLOW 4GN', 18, '6.80', '131111', '131111', '', '', ''),
('PC01P000060', 'DISBASOL YELLOW 4GN 200', 18, '0.00', '131111', '131111', '', '', ''),
('PC01P000061', 'DISBASOL YELLOW 6 G', 18, '10.00', '131111', '131111', '', '', ''),
('PC01P000062', 'DISBASOL YELLOW BROWN R-150', 18, '8.00', '131111', '131111', '', '', ''),
('PC01P000063', 'DISOLF AG-63', 18, '1.00', '131111', '131111', '', '', ''),
('PC01P000064', 'DISPERING 140', 18, '2.63', '131111', '131111', '', '', ''),
('PC01P000065', 'DISPERSE BLACK P-OST', 18, '0.00', '131111', '131111', '', '', ''),
('PC01P000066', 'DISPERSING 700', 18, '5750.00', '131111', '131111', '', '', ''),
('PC01P000067', 'DISPERSING 7000', 18, '2.83', '131111', '131111', '', '', ''),
('PC01P000068', 'DISPERSING 7000 DB', 18, '2.70', '131111', '131111', '', '', ''),
('PC01P000069', 'DISPERSING 7000 V', 18, '0.00', '131111', '131111', '', '', ''),
('PC01P000070', 'DISPERSING 8000', 18, '2.50', '131111', '131111', '', '', ''),
('PC01P000072', 'DISPERSING BZ CONC', 18, '2.20', '131111', '131111', '', '', ''),
('PC01P000074', 'EMULSIFIER BP-100', 18, '5.35', '131111', '131111', '', '', ''),
('PC01P000075', 'ETHYLENE GLYCOL', 18, '14000.00', '131111', '131111', '', '', ''),
('PC01P000076', 'FIXER BP', 18, '4.60', '131111', '131111', '', '', ''),
('PC01P000077', 'FIXING HC-300', 18, '10.75', '131111', '131111', '', '', ''),
('PC01P000078', 'FIXING N - 75', 18, '1.20', '131111', '131111', '', '', ''),
('PC01P000079', 'FORMA CT', 18, '0.70', '131111', '131111', '', '', ''),
('PC01P000080', 'GARAM KROSOK', 18, '660.00', '131111', '131111', '', '', ''),
('PC01P000081', 'GLITER POWDER SILVER', 18, '0.00', '131111', '131111', '', '', ''),
('PC01P000082', 'GLITTER POWDER', 18, '0.00', '131111', '131111', '', '', ''),
('PC01P000083', 'GLYCERINE', 18, '0.00', '131111', '131111', '', '', ''),
('PC01P000084', 'H2O2', 18, '9000.00', '131111', '131111', '', '', ''),
('PC01P000085', 'HANDYSOFT EP-100', 18, '10500.00', '131111', '131111', '', '', ''),
('PC01P000086', 'HANDYSOFT EP-100 N', 18, '0.00', '131111', '131111', '', '', ''),
('PC01P000087', 'HANDYSOFT M - 45', 18, '0.00', '131111', '131111', '', '', ''),
('PC01P000090', 'LAMEPRINT CT-100', 18, '2.00', '131111', '131111', '', '', ''),
('PC01P000091', 'LEVEL DIS G', 18, '6325.00', '131111', '131111', '', '', ''),
('PC01P000092', 'LEVELLING 2 M', 18, '2.20', '131111', '131111', '', '', ''),
('PC01P000093', 'LIFOCREASE HL-5', 18, '0.00', '131111', '131111', '', '', ''),
('PC01P000094', 'LIFOFIX HC', 18, '0.00', '131111', '131111', '', '', ''),
('PC01P000095', 'LIFOFOAM HT', 18, '12300.00', '131111', '131111', '', '', ''),
('PC01P000096', 'LIFOFOAM SC-100', 18, '0.00', '131111', '131111', '', '', ''),
('PC01P000097', 'LIFOFOAM SL', 18, '1.00', '131111', '131111', '', '', ''),
('PC01P000098', 'LIFOFOAM SL-100', 18, '0.00', '131111', '131111', '', '', ''),
('PC01P000099', 'LIFOFOAM SLI', 18, '0.00', '131111', '131111', '', '', ''),
('PC01P000100', 'LIFOGEN CON', 18, '0.00', '131111', '131111', '', '', ''),
('PC01P000101', 'LIFOGEN RC', 18, '0.00', '131111', '131111', '', '', ''),
('PC01P000102', 'LIFOPRINT 50 A', 18, '2.23', '131111', '131111', '', '', ''),
('PC01P000103', 'LIFOPRINT OL', 18, '1.53', '131111', '131111', '', '', ''),
('PC01P000104', 'LIFOPRINT OWF', 18, '0.00', '131111', '131111', '', '', ''),
('PC01P000105', 'LIFOPRINT SWP', 18, '17800.00', '131111', '131111', '', '', ''),
('PC01P000106', 'LIFOPRINT VD 100', 18, '24675.00', '131111', '131111', '', '', ''),
('PC01P000107', 'LIFOPRINT AGL - 05', 18, '0.00', '131111', '131111', '', '', ''),
('PC01P000108', 'LIFOPRINT AGL-03', 18, '0.00', '131111', '131111', '', '', ''),
('PC01P000109', 'LIFOPRINT AGL-05', 18, '5.25', '131111', '131111', '', '', ''),
('PC01P000110', 'LIFOSOFT N-100', 18, '0.00', '131111', '131111', '', '', ''),
('PC01P000111', 'LIFOSOFT NX - 100', 18, '0.90', '131111', '131111', '', '', ''),
('PC01P000112', 'LIFOSOFT NX - 101', 18, '0.66', '131111', '131111', '', '', ''),
('PC01P000113', 'LIPOTOL BK-308', 18, '0.00', '131111', '131111', '', '', ''),
('PC01P000114', 'LIPOTOL SK', 18, '0.00', '131111', '131111', '', '', ''),
('PC01P000120', 'MARBELL SQ-H', 18, '0.90', '131111', '131111', '', '', ''),
('PC01P000121', 'MAS SQUEST', 18, '0.68', '131111', '131111', '', '', ''),
('PC01P000122', 'MAS SQUEST 1000', 18, '0.75', '131111', '131111', '', '', ''),
('PC01P000123', 'MAS SQUEST 1500', 18, '1.68', '131111', '131111', '', '', ''),
('PC01P000124', 'MC BLACK NYLON', 18, '0.00', '131111', '131111', '', '', ''),
('PC01P000125', 'MC CLEAN VN - 8', 18, '2.50', '131111', '131111', '', '', ''),
('PC01P000126', 'MC POLYMER 700', 18, '8.05', '131111', '131111', '', '', ''),
('PC01P000127', 'MELAMINE RESIN M3', 18, '2.89', '131111', '131111', '', '', ''),
('PC01P000131', 'NEOSOLT AR - 1', 18, '1.10', '131111', '131111', '', '', ''),
('PC01P000132', 'NILOCUT LF', 18, '0.00', '131111', '131111', '', '', ''),
('PC01P000133', 'NILOCUT LF - B', 18, '10000.00', '131111', '131111', '', '', ''),
('PC01P000134', 'NK HIBITER ANY-8', 18, '0.00', '131111', '131111', '', '', ''),
('PC01P000135', 'OBA BB', 18, '0.00', '131111', '131111', '', '', ''),
('PC01P000136', 'OXALID ACID', 18, '1.60', '131111', '131111', '', '', ''),
('PC01P000137', 'P A C', 18, '0.00', '131111', '131111', '', '', ''),
('PC01P000138', 'P E G 400%', 18, '0.00', '131111', '131111', '', '', ''),
('PC01P000139', 'PAC POWDER (China)', 18, '0.00', '131111', '131111', '', '', ''),
('PC01P000140', 'PAC POWDER', 18, '9000.00', '131111', '131111', '', '', ''),
('PC01P000141', 'PAC POWDER(Jepang)', 18, '0.00', '131111', '131111', '', '', ''),
('PC01P000142', 'PAN LV-200', 18, '0.00', '131111', '131111', '', '', ''),
('PC01P000143', 'PAN OIL 231', 18, '20500.00', '131111', '131111', '', '', ''),
('PC01P000144', 'PAN OIL TN-6', 18, '1.20', '131111', '131111', '', '', ''),
('PC01P000145', 'PAN WHITE', 18, '15.10', '131111', '131111', '', '', ''),
('PC01P000146', 'PAN WHITE NFS', 18, '0.00', '131111', '131111', '', '', ''),
('PC01P000147', 'PANACID D-500', 18, '16500.00', '131111', '131111', '', '', ''),
('PC01P000148', 'PANACION BLACK B150', 18, '0.00', '131111', '131111', '', '', ''),
('PC01P000149', 'PANACION BLUE', 18, '0.00', '131111', '131111', '', '', ''),
('PC01P000150', 'PANACION ORANGE 3 R', 18, '0.00', '131111', '131111', '', '', ''),
('PC01P000151', 'PANASATIC AS-85', 18, '2.40', '131111', '131111', '', '', ''),
('PC01P000152', 'PANASIL A-600', 18, '2.05', '131111', '131111', '', '', ''),
('PC01P000153', 'PANASIL AM-10', 18, '1.30', '131111', '131111', '', '', ''),
('PC01P000154', 'PANASIL B - 20', 18, '1.50', '131111', '131111', '', '', ''),
('PC01P000155', 'PANASIL B-75', 18, '11500.00', '131111', '131111', '', '', ''),
('PC01P000156', 'PANASIL CONC', 18, '9.00', '131111', '131111', '', '', ''),
('PC01P000157', 'PANASIL CONC (-)', 18, '9.00', '131111', '131111', '', '', ''),
('PC01P000158', 'PANASIL SF-5', 18, '0.00', '131111', '131111', '', '', ''),
('PC01P000159', 'PANASIL SF-7', 18, '1.10', '131111', '131111', '', '', ''),
('PC01P000160', 'PANASOL PNDC', 18, '5.15', '131111', '131111', '', '', ''),
('PC01P000161', 'PANASOL RCS', 18, '0.00', '131111', '131111', '', '', ''),
('PC01P000162', 'PANASOL RPN', 18, '0.00', '131111', '131111', '', '', ''),
('PC01P000163', 'PANASOLT AC-5', 18, '1.24', '131111', '131111', '', '', ''),
('PC01P000164', 'PANASOLT C - 12', 18, '1.13', '131111', '131111', '', '', ''),
('PC01P000165', 'PANCLEAN MC-200', 18, '2.15', '131111', '131111', '', '', ''),
('PC01P000166', 'PANCLEAN MC-2000', 18, '1.97', '131111', '131111', '', '', ''),
('PC01P000167', 'PANCLEAN S-07', 18, '3.20', '131111', '131111', '', '', ''),
('PC01P000168', 'PANCOL ASA', 18, '1.70', '131111', '131111', '', '', ''),
('PC01P000169', 'PANCOLOUR BS 0770', 18, '4.50', '131111', '131111', '', '', ''),
('PC01P000170', 'PANCOLUR NL-500', 18, '0.00', '131111', '131111', '', '', ''),
('PC01P000171', 'PANFIX CH-900', 18, '0.00', '131111', '131111', '', '', ''),
('PC01P000172', 'PANFIX R - 37', 18, '15000.00', '131111', '131111', '', '', ''),
('PC01P000173', 'PANFIX R 300 BP', 18, '1.14', '131111', '131111', '', '', ''),
('PC01P000174', 'DESIZER GNB-7', 18, '0.00', '131111', '131111', '', '', ''),
('PC01P000175', 'PANFIX R-37 B', 18, '2.30', '131111', '131111', '', '', ''),
('PC01P000176', 'PANFIX R-600', 18, '1.10', '131111', '131111', '', '', ''),
('PC01P000177', 'PANFIX RX - 70', 18, '4.70', '131111', '131111', '', '', ''),
('PC01P000178', 'PANFIX SPM', 18, '6.35', '131111', '131111', '', '', ''),
('PC01P000179', 'PANLEV NY', 18, '1.54', '131111', '131111', '', '', ''),
('PC01P000180', 'PANLEVEL CO', 18, '0.00', '131111', '131111', '', '', ''),
('PC01P000182', 'PANLEVEL Y-025', 18, '1.85', '131111', '131111', '', '', ''),
('PC01P000183', 'PANLEVEL Y-900', 18, '0.83', '131111', '131111', '', '', ''),
('PC01P000184', 'PANLUBE BN-6', 18, '0.00', '131111', '131111', '', '', ''),
('PC01P000185', 'PANLUBE DF - 800', 18, '2.85', '131111', '131111', '', '', ''),
('PC01P000186', 'A-ACID', 18, '0.73', '131111', '131111', '', '', ''),
('PC01P000187', 'PANLUBE P-100', 18, '0.85', '131111', '131111', '', '', ''),
('PC01P000188', 'PANSCLEAN S-07', 18, '0.00', '131111', '131111', '', '', ''),
('PC01P000189', 'PANSCOUR 20 LF', 18, '2.50', '131111', '131111', '', '', ''),
('PC01P000190', 'PANSCOUR 305', 18, '2.30', '131111', '131111', '', '', ''),
('PC01P000191', 'PANSCOUR AP-3', 18, '1.65', '131111', '131111', '', '', ''),
('PC01P000192', 'PANSCOUR BL-6', 18, '15000.00', '131111', '131111', '', '', ''),
('PC01P000193', 'PANSCOUR KC - 100', 18, '0.00', '131111', '131111', '', '', ''),
('PC01P000194', 'PANSCOUR KC-200', 18, '0.00', '131111', '131111', '', '', ''),
('PC01P000195', 'PANSCOUR KC-205', 18, '1.85', '131111', '131111', '', '', ''),
('PC01P000196', 'PANSCOUR SPX', 18, '1.20', '131111', '131111', '', '', ''),
('PC01P000197', 'PANSOAP SKN', 18, '2.30', '131111', '131111', '', '', ''),
('PC01P000198', 'PANSOFT 620', 18, '1.60', '131111', '131111', '', '', ''),
('PC01P000199', 'PANSOFT 87', 18, '2.30', '131111', '131111', '', '', ''),
('PC01P000200', 'PANSOFT A 3', 18, '1.15', '131111', '131111', '', '', ''),
('PC01P000201', 'PANSOFT CD-01', 18, '1.10', '131111', '131111', '', '', ''),
('PC01P000202', 'PANSOFT F-1', 18, '0.00', '131111', '131111', '', '', ''),
('PC01P000203', 'PANSOFT FK', 18, '0.57', '131111', '131111', '', '', ''),
('PC01P000204', 'PANSOFT FL - 21', 18, '2.86', '131111', '131111', '', '', ''),
('PC01P000205', 'PANSOFT FL-100', 18, '2.80', '131111', '131111', '', '', ''),
('PC01P000207', 'PANSOFT FL-63', 18, '2.80', '131111', '131111', '', '', ''),
('PC01P000208', 'PANSOFT F-NI', 18, '2.56', '131111', '131111', '', '', ''),
('PC01P000209', 'PANSOFT HK - 90', 18, '0.00', '131111', '131111', '', '', ''),
('PC01P000210', 'PANSOFT K-40', 18, '1.50', '131111', '131111', '', '', ''),
('PC01P000211', 'PANSOFT NT-53', 18, '0.00', '131111', '131111', '', '', ''),
('PC01P000212', 'PANSOFT PX', 18, '0.00', '131111', '131111', '', '', ''),
('PC01P000213', 'PANSOFT ST', 18, '1.80', '131111', '131111', '', '', ''),
('PC01P000214', 'PANSOFT TK-70', 18, '0.00', '131111', '131111', '', '', ''),
('PC01P000215', 'PANSTAB FW-30', 18, '2.38', '131111', '131111', '', '', ''),
('PC01P000216', 'PANWHITE B2B', 18, '0.00', '131111', '131111', '', '', ''),
('PC01P000217', 'POWDER TWIN GLOBE L-7', 18, '0.00', '131111', '131111', '', '', ''),
('PC01P000218', 'PW ZYME 302 N', 18, '0.00', '131111', '131111', '', '', ''),
('PC01P000219', 'PW ZYME 3400', 18, '5.00', '131111', '131111', '', '', ''),
('PC01P000220', 'Q PRINT BA', 33, '2.42', '131111', '131111', '', '', ''),
('PC01P000221', 'REDUCIL HC', 18, '0.00', '131111', '131111', '', '', ''),
('PC01P000222', 'REDUCIL HC - 31', 18, '3.25', '131111', '131111', '', '', ''),
('PC01P000223', 'REDUCIL HC-234', 18, '2.38', '131111', '131111', '', '', ''),
('PC01P000225', 'REDUCIL N-9', 18, '1.69', '131111', '131111', '', '', ''),
('PC01P000226', 'REMOVE OIL NK', 18, '1.69', '131111', '131111', '', '', ''),
('PC01P000227', 'REVGUADR WK-07', 18, '0.00', '131111', '131111', '', '', ''),
('PC01P000228', 'REVGUARD 07 FU', 18, '0.00', '131111', '131111', '', '', ''),
('PC01P000229', 'REVGUARD NR', 18, '3.80', '131111', '131111', '', '', ''),
('PC01P000230', 'REVGUARD WK - 07', 18, '3.60', '131111', '131111', '', '', ''),
('PC01P000231', 'REVGUARD WK-300 T', 18, '6.30', '131111', '131111', '', '', ''),
('PC01P000232', 'REVGUARD WKN-200', 18, '14.40', '131111', '131111', '', '', ''),
('PC01P000233', 'REVGUARD WKN-300', 18, '0.00', '131111', '131111', '', '', ''),
('PC01P000234', 'ROSE SW', 18, '13.80', '131111', '131111', '', '', ''),
('PC01P000279', 'REDUCIL HC-50 N', 18, '2.00', '131111', '131111', '', '', ''),
('PC01P000283', 'PANSOFT AP-200', 18, '0.00', '131111', '131111', '', '', ''),
('PC01P000284', 'PANLUBE P-50', 18, '2500.00', '131111', '131111', '', '', ''),
('PC01P000285', 'PANSOFT N-50', 18, '1.18', '131111', '131111', '', '', ''),
('PC01P000287', 'BIO ACID', 18, '4.00', '131111', '131111', '', '', ''),
('PC01P000288', 'CORACTIVE RED H8 B', 18, '0.00', '131111', '131111', '', '', ''),
('PC01P000289', 'FIXING NX-75', 18, '2.29', '131111', '131111', '', '', ''),
('PC01P000291', 'PANASOFT DCF', 18, '0.74', '131111', '131111', '', '', ''),
('PC01P000293', 'PAN RESIN HD', 18, '0.00', '131111', '131111', '', '', ''),
('PC01P000295', 'DISPERSING 7000 CONC', 18, '0.00', '131111', '131111', '', '', ''),
('PC01P000296', 'REVGUARD WKN-150', 18, '10.00', '131111', '131111', '', '', ''),
('PC01P000300', 'BIOZYM D-20', 18, '0.50', '131111', '131111', '', '', ''),
('PC01P000303', 'PANSTAIN 205', 18, '0.00', '131111', '131111', '', '', ''),
('PC01P000304', 'REDUCIL RED', 18, '75000.00', '131111', '131111', '', '', ''),
('PC01P000310', 'DICBASOL BLACK VSF 600', 18, '6.40', '131111', '131111', '', '', ''),
('PC01P000313', 'LIFOFOAM CF-105', 18, '2.45', '131111', '131111', '', '', ''),
('PC01P000314', 'PANLEV DIS K-190', 18, '0.60', '131111', '131111', '', '', ''),
('PC01P000315', 'DISBASOL RED 2 B 200', 18, '13.50', '131111', '131111', '', '', ''),
('PC01P000316', 'DISBASOL ORANGE 2 RL 200', 18, '0.00', '131111', '131111', '', '', ''),
('PC01P000317', 'DISBASOL BLACK SXI 300', 18, '0.00', '131111', '131111', '', '', ''),
('PC01P000321', 'MELAMINE RESIN MH-3', 18, '0.00', '131111', '131111', '', '', ''),
('PC01P000322', 'CATALYST BP-90', 18, '0.00', '131111', '131111', '', '', ''),
('PC01P000323', 'PANSOFT AN-70', 18, '1.25', '131111', '131111', '', '', ''),
('PC01P000324', 'PANSOFT FN-I', 18, '4.15', '131111', '131111', '', '', ''),
('PC01P000328', 'PANSOFT TH-800', 18, '1.50', '131111', '131111', '', '', ''),
('PC01P000329', 'PANCOLOUR NL-500', 18, '0.00', '131111', '131111', '', '', ''),
('PC01P000341', 'AMINO TSF', 18, '0.00', '131111', '131111', '', '', ''),
('PC01P000362', 'FIXING N-200', 18, '2.50', '131111', '131111', '', '', ''),
('PC01P000373', 'FIXING H-300', 18, '10750.00', '131111', '131111', '', '', ''),
('PC01P000523', 'FIXING N-60', 18, '22000.00', '131111', '131111', '', '', ''),
('PC01P000650', 'PANSCOUR NPN', 18, '3.50', '131111', '131111', '', '', ''),
('PC01P000652', 'PANCOAT 01', 18, '0.00', '131111', '131111', '', '', ''),
('PC01P000655', 'DISBASOL VIOLET', 18, '10.50', '131111', '131111', '', '', ''),
('PC01P000656', 'DISBASOL BLUE 2 R 200%', 18, '10.50', '131111', '131111', '', '', ''),
('PC01P000657', 'DISBASOL NAVY BLUE GR', 18, '0.00', '131111', '131111', '', '', ''),
('PC01P000658', 'DISBASOL BLACK SXI', 18, '6.50', '131111', '131111', '', '', ''),
('PC01P000661', 'REDUCIL N-950', 18, '0.70', '131111', '131111', '', '', ''),
('PC01P000662', 'PANASOLT RPN', 18, '2.10', '131111', '131111', '', '', ''),
('PC01P000664', 'ALFAMIN 9300 JA', 18, '0.00', '131111', '131111', '', '', ''),
('PC01P000665', 'COL SOFT OK200', 18, '2.50', '131111', '131111', '', '', ''),
('PC01P000666', 'FLAKES NI-200', 18, '0.00', '131111', '131111', '', '', ''),
('PC01P000667', 'PANSCOUR 2 GN', 18, '2.50', '131111', '131111', '', '', ''),
('PC01P000670', 'APPRESOL E-3N', 18, '0.00', '131111', '131111', '', '', ''),
('PC01P000671', 'DISBASOL VIOLET 3 R', 18, '0.00', '131111', '131111', '', '', ''),
('PC01P000672', 'DISBASOL NAVY BLUE GR 200', 18, '0.00', '131111', '131111', '', '', ''),
('PC01P000673', 'DISBAFIX BLUE V-RL', 18, '0.00', '131111', '131111', '', '', ''),
('PC01P000674', 'PANWAX', 18, '7500.00', '131111', '131111', '', '', ''),
('PC01P000675', 'BLACK BG', 18, '0.00', '131111', '131111', '', '', ''),
('PC01P000677', 'PANSCOUR AP-305', 18, '0.60', '131111', '131111', '', '', ''),
('PC01P000678', 'PIGBASOL BLACK 86', 18, '1.90', '131111', '131111', '', '', ''),
('PC01P000680', 'PANFIX R-7500', 18, '1.40', '131111', '131111', '', '', ''),
('PC01P000683', 'DIRECT BLACK VSF 600', 18, '7.00', '131111', '131111', '', '', ''),
('PC01P000684', 'PANSQUEST 250', 18, '0.75', '131111', '131111', '', '', ''),
('PC01P000686', 'PANCLEAN SR', 26, '475000.00', '131111', '131111', '', '', ''),
('PC01P000687', 'FIXS', 18, '0.00', '131111', '131111', '', '', ''),
('PC01P000688', 'PANSCOUR LC 405', 18, '1.80', '131111', '131111', '', '', ''),
('PC01P000697', 'PIGBASOL YELLOW 856', 18, '15.00', '131111', '131111', '', '', ''),
('PC01P000698', 'PANBINDER 4535 CE', 18, '1.15', '131111', '131111', '', '', ''),
('PC01P000701', 'COLOURFINE DAC-20', 18, '0.00', '131111', '131111', '', '', ''),
('PC01P000702', 'DISPERSING 730', 18, '1.20', '131111', '131111', '', '', ''),
('PC01P000704', 'MC CLEAN WLST', 18, '2.50', '131111', '131111', '', '', ''),
('PC01P000705', 'PANWHITE NFS A3', 18, '11.75', '131111', '131111', '', '', ''),
('PC01P000710', 'ACID BLACK CDP-L', 18, '12.00', '131111', '131111', '', '', ''),
('PC01P000711', 'PANACID 460', 18, '0.00', '131111', '131111', '', '', ''),
('PC01P000714', 'LIFOPRINT SBR', 18, '4.50', '131111', '131111', '', '', ''),
('PC01P000719', 'PANFIX RD-100', 18, '1.65', '131111', '131111', '', '', ''),
('PC01P000720', 'PANLEVEL 400 ND', 18, '2.57', '131111', '131111', '', '', ''),
('PC01P000721', 'PANSCOUR 20 BP', 18, '1.06', '131111', '131111', '', '', ''),
('PC01P000722', 'PAN BINDER', 18, '1.15', '131111', '131111', '', '', ''),
('PC01P000733', 'PAN OIL ND 180', 18, '1.53', '131111', '131111', '', '', ''),
('PC01P000734', 'PANSOFT FL-63 SL', 18, '2.60', '131111', '131111', '', '', ''),
('PC01P000736', 'REVGUARD NRN', 18, '3.65', '131111', '131111', '', '', ''),
('PC01P000738', 'REVGUARD STB', 18, '3.00', '131111', '131111', '', '', ''),
('PC01P000743', 'MC CLEAN SP', 18, '0.00', '131111', '131111', '', '', ''),
('PC01P000749', 'PANCLEAN BA', 33, '3.00', '131111', '131111', '', '', ''),
('PC01P000752', 'PANASATIC EN-650', 18, '3.00', '131111', '131111', '', '', ''),
('PC01P000755', 'CORAZOL TURQ BLUE G 266%', 18, '9.87', '131111', '131111', '', '', ''),
('PC01P000764', 'PANASIL AP-400', 18, '3.40', '131111', '131111', '', '', ''),
('PC01P000765', 'PANSOFT CT - 70', 18, '0.70', '131111', '131111', '', '', ''),
('PC01P000769', 'LIFOPRINT DS', 18, '3.20', '131111', '131111', '', '', ''),
('PC01P000776', 'CORAFIX  SCARLET GDR', 18, '0.00', '131111', '131111', '', '', ''),
('PC01P000777', 'PANSCOUR 05 F', 18, '1.82', '131111', '131111', '', '', ''),
('PC01P000783', 'PANFIX HC-300', 18, '1.40', '131111', '131111', '', '', ''),
('PC01P000784', 'LIFOPRINT BIN 200', 18, '1.90', '131111', '131111', '', '', ''),
('PC01P000791', 'PANLEV DIS KE-350', 18, '0.95', '131111', '131111', '', '', ''),
('PC01P000797', 'REDUCE NON CONC', 18, '0.00', '131111', '131111', '', '', ''),
('PC01P000799', 'PANFIX 2500', 18, '3.55', '131111', '131111', '', '', ''),
('PC01P000806', 'PANASIL BP-8', 18, '1.60', '131111', '131111', '', '', ''),
('PC01P000811', 'PANASIL A-800', 18, '1.90', '131111', '131111', '', '', ''),
('PC01P000814', 'PANFIX R-30', 18, '1.30', '131111', '131111', '', '', ''),
('PC01P000817', 'BIOZYM G-500', 18, '1.20', '131111', '131111', '', '', ''),
('PC01P000818', 'REDUCIL STN', 18, '0.00', '131111', '131111', '', '', ''),
('PC01P000822', 'PANSCOUR  LE-203', 18, '1.90', '131111', '131111', '', '', ''),
('PC01P000823', 'COOL ACID 103 N', 18, '2.80', '131111', '131111', '', '', ''),
('PC01P000826', 'APPRESOL HC', 18, '1.40', '131111', '131111', '', '', ''),
('PC01P000828', 'PANSOFT FL-21 N', 18, '2.86', '131111', '131111', '', '', ''),
('PC01P000842', 'BLACK VSF-600', 18, '0.00', '131111', '131111', '', '', ''),
('PC01P000857', 'PANCOLOUR 750', 18, '8.75', '131111', '131111', '', '', ''),
('PC01P000858', 'PANASATIC - EN', 18, '4.50', '131111', '131111', '', '', ''),
('PC01P000860', 'REVGUARD WKN-300 N', 18, '0.00', '131111', '131111', '', '', ''),
('PC01P000866', 'LIFOFOAM CF-33', 18, '1.57', '131111', '131111', '', '', ''),
('PC01P000868', 'PANCOLOUR L-70', 18, '0.00', '131111', '131111', '', '', ''),
('PC01P000869', 'PANSCOUR 201', 18, '0.00', '131111', '131111', '', '', ''),
('PC01P000873', 'PANSCOUR BH-130', 18, '3500.00', '131111', '131111', '', '', ''),
('PC01P000878', 'BLUE 4 BR', 18, '0.00', '131111', '131111', '', '', ''),
('PC01P000879', 'RED SCARLET', 18, '0.00', '131111', '131111', '', '', ''),
('PC01P000880', 'BROWN GTL', 18, '0.00', '131111', '131111', '', '', ''),
('PC01P000896', 'PANSCOUR KC-200 N', 18, '2.55', '131111', '131111', '', '', ''),
('PC01P000898', 'REVGUARD LW', 18, '3.00', '131111', '131111', '', '', ''),
('PC01P000901', 'PANASIL W-250', 18, '1.60', '131111', '131111', '', '', ''),
('PC01P000907', 'PANSOFT TN-84', 18, '2.15', '131111', '131111', '', '', ''),
('PC01P000908', 'PANFIX RD-1000', 18, '1.57', '131111', '131111', '', '', ''),
('PC01P000910', 'DAISURF JET-100', 18, '0.00', '131111', '131111', '', '', ''),
('PC01P000912', 'PIGBASOL ORANGE 14', 18, '15.00', '131111', '131111', '', '', ''),
('PC01P000914', 'NEOTRASOL BP', 18, '0.00', '131111', '131111', '', '', ''),
('PC01P000915', 'PANLEVEL CTN', 18, '1.68', '131111', '131111', '', '', ''),
('PC01P000916', 'PANLEVEL K-4000', 18, '1.75', '131111', '131111', '', '', ''),
('PC01P000919', 'PIGMENT BLACK KP', 18, '2.60', '131111', '131111', '', '', ''),
('PC01P000920', 'PIGMENT GREEN KT', 18, '6.00', '131111', '131111', '', '', ''),
('PC01P000921', 'LIFOPRINT BIN-227', 18, '3.00', '131111', '131111', '', '', ''),
('PC01P000926', 'ORANGE SW-114', 18, '15.00', '131111', '131111', '', '', ''),
('PC01P000927', 'RED ORANGE SW-11', 18, '0.00', '131111', '131111', '', '', ''),
('PC01P000928', 'RED SW-113', 18, '14.75', '131111', '131111', '', '', ''),
('PC01P000929', 'LEMON YELLOW SW-15 N', 18, '0.00', '131111', '131111', '', '', ''),
('PC01P000930', 'PINK SW-117', 18, '14.75', '131111', '131111', '', '', ''),
('PC01P000931', 'RUBINE SW-37', 18, '0.00', '131111', '131111', '', '', ''),
('PC01P000933', 'PANASIL AQ-200', 18, '2.80', '131111', '131111', '', '', ''),
('PC01P000934', 'PIGBASOL RED ORANGE 111', 18, '17.50', '131111', '131111', '', '', ''),
('PC01P000935', 'PIGBASOL RED 113', 18, '17.50', '131111', '131111', '', '', ''),
('PC01P000936', 'PIGBASOL LEMON YELLOW 115', 18, '17.50', '131111', '131111', '', '', ''),
('PC01P000937', 'PIGBASOL PINK 117', 18, '17.50', '131111', '131111', '', '', ''),
('PC01P000938', 'PIGBASOL RUBINE 137', 18, '17.50', '131111', '131111', '', '', ''),
('PC01P000939', 'PIGBASOL VIOLET 147', 18, '19.00', '131111', '131111', '', '', ''),
('PC01P000951', 'PANCLEAN S - 07', 33, '3.20', '131111', '131111', '', '', ''),
('PC01P000953', 'MICROSOFT S-400', 18, '2.00', '131111', '131111', '', '', ''),
('PC01P000956', 'PANASIL MA', 18, '2.20', '131111', '131111', '', '', ''),
('PC01P000960', 'PIGBASOL GREEN 112', 18, '17.00', '131111', '131111', '', '', ''),
('PC01P000963', 'ROSE SW-127', 18, '0.00', '131111', '131111', '', '', ''),
('PC01P000964', 'PIGBASOL ROSE 127', 18, '15.00', '131111', '131111', '', '', ''),
('PC01P000965', 'DIC BLACK VSF 600', 18, '9.00', '131111', '131111', '', '', ''),
('PC01P000966', 'DIC BLUE 4 BL', 18, '16.50', '131111', '131111', '', '', ''),
('PC01P000967', 'DIC BROWN GTL', 18, '21.50', '131111', '131111', '', '', ''),
('PC01P000968', 'DIC RED SCARLET', 18, '6.50', '131111', '131111', '', '', ''),
('PC01P000969', 'MC CLEAN MC', 18, '1.90', '131111', '131111', '', '', ''),
('PC01P000970', 'MARBEL EN', 18, '1.17', '131111', '131111', '', '', ''),
('PC01P000971', 'PRINT OIL NS', 18, '0.00', '131111', '131111', '', '', ''),
('PC01P000972', 'LIFOPRINT OLN', 18, '1.65', '131111', '131111', '', '', ''),
('PC01P000973', 'PANLUB P-40', 18, '0.00', '131111', '131111', '', '', ''),
('PC01P000974', 'PIGBASOL PINK SW-117', 18, '16.00', '131111', '131111', '', '', ''),
('PC01P000975', 'PIGBASOL ORANGE SW-14 N', 18, '16.00', '131111', '131111', '', '', ''),
('PC01P000977', 'PIGBASOL YELLOW BPR', 18, '4.35', '131111', '131111', '', '', ''),
('PC01P000981', 'DIAFIN', 18, '1.20', '131111', '131111', '', '', ''),
('PC01P000982', 'ARKOFIX  NZK LIQUID', 18, '0.00', '131111', '131111', '', '', ''),
('PC01P000986', 'LIFOFOAM A-600', 18, '1.50', '131111', '131111', '', '', ''),
('PC01P000988', 'PANASIL W-230', 18, '2.00', '131111', '131111', '', '', ''),
('PC01P000989', 'PIGBASOL RED SCARLET BP', 18, '6.60', '131111', '131111', '', '', ''),
('PC01P000991', 'GREEN BN', 18, '0.00', '131111', '131111', '', '', ''),
('PC01P000992', 'PIGBASOL TURQUISE BN', 18, '0.00', '131111', '131111', '', '', ''),
('PC01P000994', 'PIGBASOL NAVY BLUE TK-30', 18, '8.25', '131111', '131111', '', '', ''),
('PC01P000996', 'PIGBASOL BLACK BP', 18, '2.25', '131111', '131111', '', '', ''),
('PC01P000998', 'PIGBASOL YELLOW DK', 18, '2.45', '131111', '131111', '', '', ''),
('PC01P000999', 'RUBIN SW 137', 18, '14.60', '131111', '131111', '', '', ''),
('PC01P001001', 'ELEMENT 14 PDMS 100', 18, '0.00', '131111', '131111', '', '', ''),
('PC01P001003', 'PIGBASOL VIOLET KM2', 18, '9.00', '131111', '131111', '', '', ''),
('PC01P001004', 'DI METHYL FORMALDEHYDE', 18, '275.00', '131111', '131111', '', '', ''),
('PC01P001005', 'REVGUARD 401 LIQ', 18, '0.00', '131111', '131111', '', '', ''),
('PC01P001008', 'PIGBASOL ROYAL BLUE  BP', 18, '4.90', '131111', '131111', '', '', ''),
('PC01P001009', 'PIGBASOL BROWN BP', 18, '4.80', '131111', '131111', '', '', ''),
('PC01P001011', 'LIFOPRINT SW-42', 18, '49000.00', '131111', '131111', '', '', ''),
('PC01P001014', 'PIGBASOL SKY BLUE BP', 18, '5.15', '131111', '131111', '', '', ''),
('PC01P001017', 'PANCHEMIZ K-300', 18, '1.85', '131111', '131111', '', '', ''),
('PC01P001024', 'PANBIN DC-40', 18, '2.50', '131111', '131111', '', '', ''),
('PC01P001026', 'PANSOFT TG', 18, '3.00', '131111', '131111', '', '', ''),
('PC01P001030', 'PANSCOUR OKN', 18, '2.00', '131111', '131111', '', '', ''),
('PC01P001037', 'REDUCIL HY NEW LIQUID', 18, '2.60', '131111', '131111', '', '', ''),
('PC01P001038', 'PIGBASOL ROYAL BLUE SP', 18, '8.80', '131111', '131111', '', '', ''),
('PC01P001042', 'PIGBASOL BLUE SW - 128', 18, '16.40', '131111', '131111', '', '', ''),
('PC01P001043', 'REACSOL YELLOW CL-2R p', 18, '7.28', '131111', '131111', '', '', ''),
('PC01P001044', 'REACSOL RED CL-5B p', 18, '6.72', '131111', '131111', '', '', ''),
('PC01P001045', 'REACSOL BLUE HF - RL', 18, '24.50', '131111', '131111', '', '', ''),
('PC01P001046', 'F PINK SW 117', 18, '14.75', '131111', '131111', '', '', ''),
('PC01P001047', 'REACSOL NAVY CL - R p', 18, '0.00', '131111', '131111', '', '', ''),
('PC01P001048', 'PIGMENT GREEN GB', 18, '8.00', '131111', '131111', '', '', ''),
('PC01P001049', 'PIGMENT BLUE KM - 2', 18, '7.50', '131111', '131111', '', '', ''),
('PC01P001050', 'LIFOPRINT AM - 05', 18, '0.00', '131111', '131111', '', '', ''),
('PC01P001052', 'PANLEVEL KI - 300', 18, '1.32', '131111', '131111', '', '', ''),
('PC01P001053', 'DICBASOL NAVY BLUE 717', 18, '7.50', '131111', '131111', '', '', ''),
('PC01P001054', 'DICBASOL YELLOW RL', 18, '11.25', '131111', '131111', '', '', ''),
('PC01P001065', 'CLEAN GB', 18, '0.00', '131111', '131111', '', '', ''),
('PC01P001066', 'BLUE KM-2', 18, '0.00', '131111', '131111', '', '', ''),
('PC01P001068', 'DIRECT BLACK BLUE', 18, '0.00', '131111', '131111', '', '', ''),
('PC01P001069', 'DIRECT BLACK VSF-600', 18, '0.00', '131111', '131111', '', '', ''),
('PC01P001074', 'PANSOAP L-100', 18, '0.00', '131111', '131111', '', '', ''),
('PC01P001078', 'DISPERSOL G-YELLOW', 18, '0.00', '131111', '131111', '', '', ''),
('PC01P001079', 'FORON GOLDEN YELLOW S-WF', 18, '0.00', '131111', '131111', '', '', ''),
('PC01P001081', 'DIRECT TURQUISE BLUE GL', 18, '0.00', '131111', '131111', '', '', ''),
('PC01P001082', 'PAN OIL CT-90', 18, '0.00', '131111', '131111', '', '', ''),
('PC01P001083', 'NETRASOL H', 18, '0.00', '131111', '131111', '', '', ''),
('PC01P001085', 'PANSOFT KT-70', 18, '0.00', '131111', '131111', '', '', ''),
('PC01P001103', 'DICBASOL RED BWS', 18, '0.00', '131111', '131111', '', '', ''),
('PC01P001106', 'COOPER P-100', 18, '0.00', '131111', '131111', '', '', ''),
('PC01P001110', 'PIGMENT BLUE M-1', 18, '0.00', '131111', '131111', '', '', ''),
('PC01P001112', 'PIGBASOL BLUE M-1', 18, '0.00', '131111', '131111', '', '', ''),
('PC01P001121', 'DICBASOL BLUE 2B', 18, '0.00', '131111', '131111', '', '', ''),
('PC01P001123', 'PANSOFT FL-B', 18, '0.00', '131111', '131111', '', '', ''),
('PC01P001128', 'MAS SQUEST CB-57', 18, '0.00', '131111', '131111', '', '', ''),
('PC01P001130', 'LIFOFFOAM 100', 18, '0.00', '131111', '131111', '', '', ''),
('PC01P001140', 'PIGBASOL RED 26413', 18, '0.00', '131111', '131111', '', '', ''),
('PC01P001141', 'LIFOPRINT BIN DC-40', 18, '0.00', '131111', '131111', '', '', ''),
('PC01P001144', 'PIGBASOL RUBINE SW-137', 18, '0.00', '131111', '131111', '', '', ''),
('PC01P001147', 'BIO SOFT BP', 18, '0.00', '131111', '131111', '', '', ''),
('PC01P001153', 'REACSOL BLUE CL-BRP', 18, '0.00', '131111', '131111', '', '', ''),
('PC01P001154', 'REACSOL YELLOW CL-3 G CONCP', 18, '0.00', '131111', '131111', '', '', ''),
('PC01P001155', 'REACSOL ORANGE CL-3 R GR', 18, '0.00', '131111', '131111', '', '', ''),
('PC01P001156', 'REACSOL TURQUISE CL-BP', 18, '0.00', '131111', '131111', '', '', ''),
('PC01P001157', 'REACSOL SCARLED HF-3 G', 18, '0.00', '131111', '131111', '', '', ''),
('PC01P001158', 'REACSOL BLUE CL-BR', 18, '0.00', '131111', '131111', '', '', ''),
('PC01P001162', 'RUST CLEAN GO', 26, '0.00', '131111', '131111', '', '', ''),
('PC01P001165', 'PIGBASOL BORDEAUX BP', 18, '0.00', '131111', '131111', '', '', ''),
('PC01P001167', 'PANSOFT 68', 18, '0.00', '131111', '131111', '', '', ''),
('PC01P001170', 'PANSOFT NSR', 18, '0.00', '131111', '131111', '', '', ''),
('PC01P001171', 'PANASLIP S-600', 18, '0.00', '131111', '131111', '', '', ''),
('PC01P001180', 'REDUCIL HS-100', 18, '0.00', '131111', '131111', '', '', ''),
('PC01P001182', 'CATALIS FU', 18, '0.00', '131111', '131111', '', '', ''),
('PC01P001185', 'REACSOL BLUE HF-RL CDGE', 18, '0.00', '131111', '131111', '', '', ''),
('PC01P001186', 'REACSOL RED HF-CD', 18, '0.00', '131111', '131111', '', '', ''),
('PC01P001187', 'REACSOL BLACK CL-SP', 18, '0.00', '131111', '131111', '', '', ''),
('PC01P001188', 'REACSOL YELLOW CL-2 R GR', 18, '0.00', '131111', '131111', '', '', ''),
('PC01P001189', 'PANASIL W-540', 18, '0.00', '131111', '131111', '', '', ''),
('PC01P001190', 'LMK  FLOUWHITE N-R', 18, '0.00', '131111', '131111', '', '', ''),
('PC01P001191', 'PANASIL MP-620', 18, '0.00', '131111', '131111', '', '', ''),
('PC01P001192', 'EMULSIFIER MP-100', 18, '0.00', '131111', '131111', '', '', ''),
('PC01P001194', 'P.PERMANGANAT', 18, '0.00', '131111', '131111', '', '', ''),
('PC01P001195', 'PANSCOUR BS-740', 18, '0.00', '131111', '131111', '', '', ''),
('PC01P001197', 'DIACID VSC', 18, '0.00', '131111', '131111', '', '', ''),
('PC01P001199', 'INTRALITE BLACK 22-600%', 18, '0.00', '131111', '131111', '', '', ''),
('PC01P001201', 'REDUCIL PX-100', 18, '0.00', '131111', '131111', '', '', ''),
('PC01P001202', 'PANSOFT 550', 18, '0.00', '131111', '131111', '', '', ''),
('PC01P001203', 'PANLEVEL 340', 18, '0.00', '131111', '131111', '', '', ''),
('PC01P001204', 'DICBASOL TURQUISE BLUE GL', 18, '0.00', '131111', '131111', '', '', ''),
('PC01P001206', 'PANASIL AMP', 18, '0.00', '131111', '131111', '', '', ''),
('PC01P001208', 'DYEPREP TN-305', 18, '0.00', '131111', '131111', '', '', ''),
('PC01P001209', 'FIXER HS-100', 18, '0.00', '131111', '131111', '', '', ''),
('PC01P001217', 'DIACID BF-901', 18, '0.00', '131111', '131111', '', '', ''),
('PC01P001218', 'MELAMINE RESIN MT', 18, '0.00', '131111', '131111', '', '', ''),
('PC01P001219', 'NETRASOL BS CONC', 18, '0.00', '131111', '131111', '', '', ''),
('PC01P001223', 'PANSOFT PR-806', 18, '0.00', '131111', '131111', '', '', ''),
('PC01P001224', 'DEODOR RB', 18, '0.00', '131111', '131111', '', '', ''),
('PC01P001225', 'PANCLEAN SI', 26, '0.00', '131111', '131111', '', '', ''),
('PC01P001227', 'INKGO', 26, '0.00', '131111', '131111', '', '', ''),
('PC01P001231', 'PANASATIC Y', 18, '0.00', '131111', '131111', '', '', ''),
('PC01P001233', 'PANSCOUR PNE', 18, '0.00', '131111', '131111', '', '', ''),
('PC01P001234', 'ANTI CREASE D-580', 18, '0.00', '131111', '131111', '', '', ''),
('PC01P001239', 'BIOZYM R-20', 18, '0.00', '131111', '131111', '', '', ''),
('PC01P001244', 'BIOZYM GX', 18, '0.00', '131111', '131111', '', '', ''),
('PC01P001246', 'PANSOAPER L-200', 18, '0.00', '131111', '131111', '', '', ''),
('PC01P001247', 'PANFIX R-2500', 18, '0.00', '131111', '131111', '', '', ''),
('PC01P001248', 'MARBLE SQH', 18, '0.00', '131111', '131111', '', '', ''),
('PC01P001250', 'BLUE 2 B', 18, '0.00', '131111', '131111', '', '', ''),
('PC01P001251', 'NAVY BLUE', 18, '0.00', '131111', '131111', '', '', ''),
('PC01P001252', 'RED BWS', 18, '0.00', '131111', '131111', '', '', ''),
('PC01P001253', 'BLUE 4 BL', 18, '0.00', '131111', '131111', '', '', ''),
('PC01P001254', 'DICBASOL  NAVY BLUE', 18, '0.00', '131111', '131111', '', '', ''),
('PC01P001255', 'DICBASOL BLUE 4 BL', 18, '0.00', '131111', '131111', '', '', ''),
('PC01P001256', 'CATALYST FU-100', 18, '0.00', '131111', '131111', '', '', ''),
('PC01P001258', 'PHOSPORIC ACID', 18, '0.00', '131111', '131111', '', '', ''),
('PC01P001261', 'PANWHITE PM-GS', 18, '0.00', '131111', '131111', '', '', ''),
('PC01P001267', 'PANCOAT BP-40', 18, '0.00', '131111', '131111', '', '', ''),
('PC01P001268', 'PANSCOUR PLC', 18, '0.00', '131111', '131111', '', '', ''),
('PC01P001275', 'LIFOFOAM PC-34', 18, '0.00', '131111', '131111', '', '', ''),
('PC01P001276', 'PIGBASOL LEMON YELLOW BP-305', 18, '0.00', '131111', '131111', '', '', ''),
('PC01P001277', 'PIGBASOL GREEN SW-112', 18, '0.00', '131111', '131111', '', '', ''),
('PC01P001280', 'PANLEVEL I-200', 18, '0.00', '131111', '131111', '', '', ''),
('PC01P001281', 'PANLEVEL DIS 3400K', 18, '0.00', '131111', '131111', '', '', ''),
('PC01P001282', 'COVER P-100', 18, '0.00', '131111', '131111', '', '', ''),
('PC01P001285', 'DYEING ACID GNA-3/DIACID A3', 18, '0.00', '131111', '131111', '', '', ''),
('PC01P001289', 'PIGBASOL BLUE BP-328', 18, '0.00', '131111', '131111', '', '', ''),
('PC01P001302', 'PANSOAP C - 30', 18, '0.00', '131111', '131111', '', '', ''),
('PC01P001308', 'APPRESOL HY', 18, '0.00', '131111', '131111', '', '', ''),
('PC01P001312', 'PANASIL BP-1575', 18, '0.00', '131111', '131111', '', '', ''),
('PC01P001315', 'PANSOFT DU', 18, '0.00', '131111', '131111', '', '', ''),
('PC01P001317', 'PANLEVEL YKBP', 18, '0.00', '131111', '131111', '', '', ''),
('PC01P001319', 'PANLEVEL DISP PE 240', 18, '0.00', '131111', '131111', '', '', ''),
('PC01P000976', 'RUST GO', 26, '0.00', '131111', '131111', '', '', ''),
('PC01P000829', 'S FLAKE 420 N', 18, '2.75', '131111', '131111', '', '', ''),
('PC01P000224', 'S FLAKE 420 N1', 18, '1.10', '131111', '131111', '', '', ''),
('PC01P000668', 'SCARLET 4 BS RED', 18, '0.00', '131111', '131111', '', '', ''),
('PC01P000235', 'SCOURING OP', 18, '0.00', '131111', '131111', '', '', ''),
('PC01P001279', 'SELFLOW 110P', 18, '0.00', '131111', '131111', '', '', ''),
('PC01P000835', 'SOAPING CU-400', 18, '2.50', '131111', '131111', '', '', ''),
('PC01P000243', 'SOAPING RK-50', 18, '5520.00', '131111', '131111', '', '', ''),
('PC01P000244', 'SODA ASH', 18, '5500.00', '131111', '131111', '', '', ''),
('PC01P000245', 'SODA ASH DENSE', 18, '0.00', '131111', '131111', '', '', ''),
('PC01P001174', 'SODA ASH DENSE SOLVE', 18, '0.00', '131111', '131111', '', '', ''),
('PC01P001230', 'SODA ASH SOLVE LIGHT', 18, '0.00', '131111', '131111', '', '', ''),
('PC01P000494', 'SODIUM HYDROSULFITE', 18, '0.00', '131111', '131111', '', '', ''),
('PC01P000727', 'SODIUM HYPOCLHORIDE', 18, '0.00', '131111', '131111', '', '', ''),
('PC01P000311', 'SODIUM METABISULFITE', 18, '6600.00', '131111', '131111', '', '', ''),
('PC01P000990', 'SODIUM PER CARBONAT', 18, '0.00', '131111', '131111', '', '', ''),
('PC01P000250', 'SODIUM SULPHATE', 18, '0.00', '131111', '131111', '', '', ''),
('PC01P000253', 'SORBECOL AFW', 18, '0.00', '131111', '131111', '', '', ''),
('PC01P000254', 'SPEEDEZ DS CONC', 18, '1.57', '131111', '131111', '', '', ''),
('PC01P000256', 'STABILIZER 05 F', 18, '3.01', '131111', '131111', '', '', ''),
('PC01P000257', 'STABILIZER 05 N', 18, '1.86', '131111', '131111', '', '', ''),
('PC01P000258', 'STABILIZER 31', 18, '1.65', '131111', '131111', '', '', ''),
('PC01P000259', 'STABILIZER 70 N', 18, '0.90', '131111', '131111', '', '', ''),
('PC01P000685', 'STABILIZER 780', 18, '0.80', '131111', '131111', '', '', ''),
('PC01P000875', 'STEARIC ACID', 18, '19500.00', '131111', '131111', '', '', ''),
('PC01P000260', 'STREEPER LF -70 CN', 18, '3.52', '131111', '131111', '', '', ''),
('PC01P000798', 'SUKATOL N', 18, '0.00', '131111', '131111', '', '', ''),
('PC01P000824', 'SUNMORL BK-20 EN', 18, '0.00', '131111', '131111', '', '', ''),
('PC01P001286', 'SUNSOLT LM-7/ COVER P-100', 18, '0.00', '131111', '131111', '', '', ''),
('PC01P001284', 'SUNSOLT RM-340 K/PANLEVEL DIS 3400K', 18, '0.00', '131111', '131111', '', '', ''),
('PC01P000713', 'SUPRA WHITE', 18, '0.00', '131111', '131111', '', '', ''),
('PC01P000275', 'SUPRATEX A-300', 18, '0.00', '131111', '131111', '', '', ''),
('PC01P000276', 'SUPRATEX CN-WB', 18, '0.00', '131111', '131111', '', '', ''),
('PC01P000277', 'SUPRATEX CNWP', 18, '0.00', '131111', '131111', '', '', ''),
('PC01P000778', 'SUPRAWHITE A300', 18, '13.00', '131111', '131111', '', '', ''),
('PC01P000278', 'SUPRAWHITE A-700', 18, '9.75', '131111', '131111', '', '', ''),
('PC01P000952', 'SUPRAWHITE CBS', 18, '0.00', '131111', '131111', '', '', ''),
('PC01P000785', 'SUPRAWHITE FS-2', 18, '10.50', '131111', '131111', '', '', ''),
('PC01P000984', 'SUPRAWHITE K-BP', 18, '6.80', '131111', '131111', '', '', ''),
('PC01P000855', 'SUPRAWHITE KCPT', 18, '8.82', '131111', '131111', '', '', ''),
('PC01P000962', 'SW-112 GREEN', 18, '0.00', '131111', '131111', '', '', ''),
('PC01P000471', 'TCE', 18, '4.18', '131111', '131111', '', '', ''),
('PC01P001000', 'TITANIUM DIOXIDE SR-237', 18, '4.20', '131111', '131111', '', '', ''),
('PC01P000932', 'VIOLET SW-147', 18, '16.45', '131111', '131111', '', '', ''),
('PC01P000794', 'WONDERFIX 5000 M H Conc', 18, '6.82', '131111', '131111', '', '', ''),
('PC01P000691', 'YELLOW BG', 18, '0.00', '131111', '131111', '', '', ''),
('PC01P000610', 'YELLOW RL', 18, '0.00', '131111', '131111', '', '', ''),
('PC01P000436', 'SUNSOLT LM-7 (PL.200)', 18, '0.00', '', '', '', '', ''),
('PC01P001304', 'NICCA SUNSOLT LM-7', 18, '0.00', '', '', '', '', ''),
('PC01P001311', 'APPRESOL HY', 18, '0.00', '', '', '', '', ''),
('PC01P001314', 'SUNMORL NPE', 18, '0.00', '', '', '', '', ''),
('PC01P001323', 'CATIONIC PG-220', 18, '0.00', '', '', '', '', ''),
('PC01P001324', 'SUPRAWHITE APB', 18, '0.00', '', '', '', '', ''),
('PC01P001326', 'PIGBASOL BORDEAUX BP N', 18, '0.00', '', '', '', '', ''),
('PC01P001329', 'FAST UV CP', 18, '0.00', '', '', '', '', ''),
('PC01P001331', 'PANRESIN FC', 18, '0.00', '', '', '', '', ''),
('PC01P001332', 'CATALYST BP', 18, '0.00', '', '', '', '', '');

-- --------------------------------------------------------

--
-- Table structure for table `begining_balance`
--

CREATE TABLE IF NOT EXISTS `begining_balance` (
  `id` int(11) NOT NULL AUTO_INCREMENT,
  `coa` varchar(10) NOT NULL,
  `type` varchar(1) NOT NULL,
  `year` varchar(4) NOT NULL,
  `date` date NOT NULL,
  `amount` decimal(14,2) NOT NULL,
  PRIMARY KEY (`id`)
) ENGINE=MyISAM  DEFAULT CHARSET=latin1 AUTO_INCREMENT=197 ;

--
-- Dumping data for table `begining_balance`
--

INSERT INTO `begining_balance` (`id`, `coa`, `type`, `year`, `date`, `amount`) VALUES
(1, '999999', 'C', '2014', '2015-01-01', '9999.00'),
(2, '111110', 'D', '2015', '2015-01-01', '0.00'),
(3, '111120', 'D', '2015', '2015-01-01', '0.00'),
(4, '111130', 'D', '2015', '2015-01-01', '0.00'),
(5, '111510', 'D', '2015', '2015-01-01', '0.00'),
(6, '111520', 'D', '2015', '2015-01-01', '0.00'),
(7, '111530', 'D', '2015', '2015-01-01', '0.00'),
(8, '112120', 'D', '2015', '2015-01-01', '0.00'),
(9, '112110', 'D', '2015', '2015-01-01', '360280000.00'),
(10, '112130', 'D', '2015', '2015-01-01', '0.00'),
(11, '112131', 'D', '2015', '2015-01-01', '0.00'),
(12, '113110', 'D', '2015', '2015-01-01', '0.00'),
(13, '113120', 'D', '2015', '2015-01-01', '0.00'),
(14, '113130', 'D', '2015', '2015-01-01', '0.00'),
(15, '121111', 'D', '2015', '2015-01-01', '8945123835.00'),
(16, '131111', 'D', '2015', '2015-01-01', '1352077500.00'),
(17, '132110', 'D', '2015', '2015-01-01', '0.00'),
(18, '141110', 'D', '2015', '2015-01-01', '0.00'),
(19, '142110', 'D', '2015', '2015-01-01', '0.00'),
(20, '151110', 'D', '2015', '2015-01-01', '0.00'),
(21, '152110', 'D', '2015', '2015-01-01', '0.00'),
(22, '152210', 'D', '2015', '2015-01-01', '0.00'),
(23, '152310', 'D', '2015', '2015-01-01', '0.00'),
(24, '152510', 'D', '2015', '2015-01-01', '0.00'),
(25, '152610', 'D', '2015', '2015-01-01', '0.00'),
(26, '154210', 'D', '2015', '2015-01-01', '0.00'),
(27, '161110', 'D', '2015', '2015-01-01', '0.00'),
(28, '166110', 'D', '2015', '2015-01-01', '0.00'),
(29, '167110', 'D', '2015', '2015-01-01', '0.00'),
(30, '171110', 'D', '2015', '2015-01-01', '0.00'),
(31, '172121', 'D', '2015', '2015-01-01', '1729525000.00'),
(32, '173131', 'D', '2015', '2015-01-01', '3050296931.00'),
(33, '174141', 'D', '2015', '2015-01-01', '283795500.00'),
(34, '182121', 'K', '2015', '2015-01-01', '652442500.00'),
(35, '183131', 'K', '2015', '2015-01-01', '716927569.00'),
(36, '184141', 'K', '2015', '2015-01-01', '30344625.00'),
(37, '191110', 'D', '2015', '2015-01-01', '0.00'),
(38, '192110', 'D', '2015', '2015-01-01', '0.00'),
(39, '192115', 'D', '2015', '2015-01-01', '0.00'),
(40, '192120', 'D', '2015', '2015-01-01', '0.00'),
(41, '192130', 'D', '2015', '2015-01-01', '0.00'),
(42, '192190', 'D', '2015', '2015-01-01', '0.00'),
(43, '211111', 'K', '2015', '2015-01-01', '5126202900.00'),
(44, '221110', 'K', '2015', '2015-01-01', '0.00'),
(45, '221120', 'K', '2015', '2015-01-01', '0.00'),
(46, '221130', 'K', '2015', '2015-01-01', '0.00'),
(47, '221140', 'K', '2015', '2015-01-01', '0.00'),
(48, '221150', 'K', '2015', '2015-01-01', '0.00'),
(49, '222110', 'K', '2015', '2015-01-01', '0.00'),
(50, '222120', 'K', '2015', '2015-01-01', '0.00'),
(51, '223110', 'K', '2015', '2015-01-01', '0.00'),
(52, '224110', 'K', '2015', '2015-01-01', '0.00'),
(53, '229110', 'K', '2015', '2015-01-01', '0.00'),
(54, '231111', 'K', '2015', '2015-01-01', '37062852.00'),
(55, '232110', 'K', '2015', '2015-01-01', '0.00'),
(56, '232210', 'K', '2015', '2015-01-01', '0.00'),
(57, '232310', 'K', '2015', '2015-01-01', '0.00'),
(58, '232510', 'K', '2015', '2015-01-01', '0.00'),
(59, '232610', 'K', '2015', '2015-01-01', '0.00'),
(60, '232910', 'K', '2015', '2015-01-01', '0.00'),
(61, '234210', 'K', '2015', '2015-01-01', '0.00'),
(62, '241110', 'K', '2015', '2015-01-01', '0.00'),
(63, '242110', 'K', '2015', '2015-01-01', '0.00'),
(64, '251110', 'K', '2015', '2015-01-01', '0.00'),
(65, '261110', 'K', '2015', '2015-01-01', '0.00'),
(66, '262110', 'K', '2015', '2015-01-01', '0.00'),
(67, '263110', 'K', '2015', '2015-01-01', '0.00'),
(68, '265110', 'K', '2015', '2015-01-01', '0.00'),
(69, '271110', 'K', '2015', '2015-01-01', '0.00'),
(70, '272110', 'K', '2015', '2015-01-01', '0.00'),
(71, '273110', 'K', '2015', '2015-01-01', '0.00'),
(72, '311111', 'K', '2015', '2015-01-01', '20000000.00'),
(73, '312121', 'K', '2015', '2015-01-01', '70000000.00'),
(74, '313131', 'K', '2015', '2015-01-01', '10000000.00'),
(75, '321111', 'K', '2015', '2015-01-01', '7667745500.00'),
(76, '322121', 'K', '2015', '2015-01-01', '1390372820.00'),
(77, '331110', 'D', '2015', '2015-01-01', '0.00'),
(78, '411110', 'K', '2015', '2015-01-01', '0.00'),
(79, '412110', 'K', '2015', '2015-01-01', '0.00'),
(80, '511110', 'D', '2015', '2015-01-01', '0.00'),
(81, '511120', 'D', '2015', '2015-01-01', '0.00'),
(82, '511130', 'D', '2015', '2015-01-01', '0.00'),
(83, '512110', 'D', '2015', '2015-01-01', '0.00'),
(84, '512120', 'D', '2015', '2015-01-01', '0.00'),
(85, '512130', 'D', '2015', '2015-01-01', '0.00'),
(86, '521110', 'D', '2015', '2015-01-01', '0.00'),
(87, '521120', 'D', '2015', '2015-01-01', '0.00'),
(88, '521130', 'D', '2015', '2015-01-01', '0.00'),
(89, '521140', 'D', '2015', '2015-01-01', '0.00'),
(90, '521210', 'D', '2015', '2015-01-01', '0.00'),
(91, '521211', 'D', '2015', '2015-01-01', '0.00'),
(92, '521220', 'D', '2015', '2015-01-01', '0.00'),
(93, '531110', 'D', '2015', '2015-01-01', '0.00'),
(94, '531120', 'D', '2015', '2015-01-01', '0.00'),
(95, '531130', 'D', '2015', '2015-01-01', '0.00'),
(96, '531140', 'D', '2015', '2015-01-01', '0.00'),
(97, '551110', 'D', '2015', '2015-01-01', '0.00'),
(98, '551120', 'D', '2015', '2015-01-01', '0.00'),
(99, '551130', 'D', '2015', '2015-01-01', '0.00'),
(100, '551140', 'D', '2015', '2015-01-01', '0.00'),
(101, '561110', 'D', '2015', '2015-01-01', '0.00'),
(102, '561120', 'D', '2015', '2015-01-01', '0.00'),
(103, '561130', 'D', '2015', '2015-01-01', '0.00'),
(104, '541110', 'D', '2015', '2015-01-01', '0.00'),
(105, '541120', 'D', '2015', '2015-01-01', '0.00'),
(106, '541210', 'D', '2015', '2015-01-01', '0.00'),
(107, '541220', 'D', '2015', '2015-01-01', '0.00'),
(108, '541230', 'D', '2015', '2015-01-01', '0.00'),
(109, '581110', 'D', '2015', '2015-01-01', '0.00'),
(110, '581120', 'D', '2015', '2015-01-01', '0.00'),
(111, '581130', 'D', '2015', '2015-01-01', '0.00'),
(112, '591110', 'D', '2015', '2015-01-01', '0.00'),
(113, '591120', 'D', '2015', '2015-01-01', '0.00'),
(114, '591130', 'D', '2015', '2015-01-01', '0.00'),
(115, '611110', 'D', '2015', '2015-01-01', '0.00'),
(116, '611120', 'D', '2015', '2015-01-01', '0.00'),
(117, '611130', 'D', '2015', '2015-01-01', '0.00'),
(118, '611140', 'D', '2015', '2015-01-01', '0.00'),
(119, '611210', 'D', '2015', '2015-01-01', '0.00'),
(120, '611211', 'D', '2015', '2015-01-01', '0.00'),
(121, '611220', 'D', '2015', '2015-01-01', '0.00'),
(122, '612110', 'D', '2015', '2015-01-01', '0.00'),
(123, '612210', 'D', '2015', '2015-01-01', '0.00'),
(124, '612220', 'D', '2015', '2015-01-01', '0.00'),
(125, '612230', 'D', '2015', '2015-01-01', '0.00'),
(126, '612240', 'D', '2015', '2015-01-01', '0.00'),
(127, '612250', 'D', '2015', '2015-01-01', '0.00'),
(128, '613120', 'D', '2015', '2015-01-01', '0.00'),
(129, '613130', 'D', '2015', '2015-01-01', '0.00'),
(130, '615130', 'D', '2015', '2015-01-01', '0.00'),
(131, '616130', 'D', '2015', '2015-01-01', '0.00'),
(132, '614110', 'D', '2015', '2015-01-01', '0.00'),
(133, '614120', 'D', '2015', '2015-01-01', '0.00'),
(134, '614210', 'D', '2015', '2015-01-01', '0.00'),
(135, '614220', 'D', '2015', '2015-01-01', '0.00'),
(136, '614230', 'D', '2015', '2015-01-01', '0.00'),
(137, '618120', 'D', '2015', '2015-01-01', '0.00'),
(138, '619120', 'D', '2015', '2015-01-01', '0.00'),
(139, '631110', 'D', '2015', '2015-01-01', '0.00'),
(140, '631120', 'D', '2015', '2015-01-01', '0.00'),
(141, '631130', 'D', '2015', '2015-01-01', '0.00'),
(142, '631140', 'D', '2015', '2015-01-01', '0.00'),
(143, '631210', 'D', '2015', '2015-01-01', '0.00'),
(144, '631211', 'D', '2015', '2015-01-01', '0.00'),
(145, '631220', 'D', '2015', '2015-01-01', '0.00'),
(146, '631230', 'D', '2015', '2015-01-01', '0.00'),
(147, '631240', 'D', '2015', '2015-01-01', '0.00'),
(148, '633110', 'D', '2015', '2015-01-01', '0.00'),
(149, '633120', 'D', '2015', '2015-01-01', '0.00'),
(150, '633130', 'D', '2015', '2015-01-01', '0.00'),
(151, '633140', 'D', '2015', '2015-01-01', '0.00'),
(152, '634110', 'D', '2015', '2015-01-01', '0.00'),
(153, '634120', 'D', '2015', '2015-01-01', '0.00'),
(154, '634210', 'D', '2015', '2015-01-01', '0.00'),
(155, '634220', 'D', '2015', '2015-01-01', '0.00'),
(156, '634230', 'D', '2015', '2015-01-01', '0.00'),
(157, '635110', 'D', '2015', '2015-01-01', '0.00'),
(158, '635120', 'D', '2015', '2015-01-01', '0.00'),
(159, '635130', 'D', '2015', '2015-01-01', '0.00'),
(160, '635140', 'D', '2015', '2015-01-01', '0.00'),
(161, '635150', 'D', '2015', '2015-01-01', '0.00'),
(162, '636110', 'D', '2015', '2015-01-01', '0.00'),
(163, '636120', 'D', '2015', '2015-01-01', '0.00'),
(164, '636130', 'D', '2015', '2015-01-01', '0.00'),
(165, '636140', 'D', '2015', '2015-01-01', '0.00'),
(166, '637110', 'D', '2015', '2015-01-01', '0.00'),
(167, '637120', 'D', '2015', '2015-01-01', '0.00'),
(168, '637130', 'D', '2015', '2015-01-01', '0.00'),
(169, '638110', 'D', '2015', '2015-01-01', '0.00'),
(170, '638120', 'D', '2015', '2015-01-01', '0.00'),
(171, '638130', 'D', '2015', '2015-01-01', '0.00'),
(172, '632110', 'D', '2015', '2015-01-01', '0.00'),
(173, '632120', 'D', '2015', '2015-01-01', '0.00'),
(174, '632130', 'D', '2015', '2015-01-01', '0.00'),
(175, '632140', 'D', '2015', '2015-01-01', '0.00'),
(176, '632150', 'D', '2015', '2015-01-01', '0.00'),
(177, '639110', 'D', '2015', '2015-01-01', '0.00'),
(178, '639120', 'D', '2015', '2015-01-01', '0.00'),
(179, '639130', 'D', '2015', '2015-01-01', '0.00'),
(180, '711110', 'K', '2015', '2015-01-01', '0.00'),
(181, '711120', 'K', '2015', '2015-01-01', '0.00'),
(182, '721110', 'K', '2015', '2015-01-01', '0.00'),
(183, '721120', 'K', '2015', '2015-01-01', '0.00'),
(184, '722110', 'K', '2015', '2015-01-01', '0.00'),
(185, '722120', 'K', '2015', '2015-01-01', '0.00'),
(186, '799990', 'K', '2015', '2015-01-01', '0.00'),
(187, '811110', 'D', '2015', '2015-01-01', '0.00'),
(188, '811111', 'D', '2015', '2015-01-01', '0.00'),
(189, '811112', 'D', '2015', '2015-01-01', '0.00'),
(190, '811120', 'D', '2015', '2015-01-01', '0.00'),
(191, '811190', 'D', '2015', '2015-01-01', '0.00'),
(192, '821110', 'D', '2015', '2015-01-01', '0.00'),
(193, '821111', 'D', '2015', '2015-01-01', '0.00'),
(194, '821150', 'D', '2015', '2015-01-01', '0.00'),
(195, '899910', 'D', '2015', '2015-01-01', '0.00'),
(196, '899990', 'D', '2015', '2015-01-01', '0.00');

-- --------------------------------------------------------

--
-- Table structure for table `cart_of_account`
--

CREATE TABLE IF NOT EXISTS `cart_of_account` (
  `id` varchar(6) NOT NULL,
  `cart_of_account_middle_id` varchar(4) NOT NULL,
  `name` varchar(100) NOT NULL,
  `remark` varchar(255) NOT NULL,
  `saldo` decimal(14,2) NOT NULL,
  `date` date NOT NULL,
  PRIMARY KEY (`id`)
) ENGINE=MyISAM DEFAULT CHARSET=latin1;

--
-- Dumping data for table `cart_of_account`
--

INSERT INTO `cart_of_account` (`id`, `cart_of_account_middle_id`, `name`, `remark`, `saldo`, `date`) VALUES
('111110', '1111', 'PETTY CASH IDR JK', 'KAS RP JK', '0.00', '2015-05-17'),
('111120', '1111', 'PETTY CASH IDR BD', 'KAS RP BD', '0.00', '2015-05-17'),
('111130', '1111', 'PETTY CASH IDR SL', 'KAS RP SL', '0.00', '2015-05-17'),
('111510', '1115', 'PETTY CASH USD JK', 'KAS USD JK', '0.00', '2015-05-17'),
('111520', '1115', 'PETTY CASH USD BD', 'KAS USD BD', '0.00', '2015-05-17'),
('111530', '1115', 'PETTY CASH USD SL', 'KAS USD SL', '0.00', '2015-05-17'),
('112120', '1121', 'BANK MANDIRI IDR BD 130.0004779073', 'BANK MANDIRI IDR BD 130.0004779073', '0.00', '2015-05-17'),
('112110', '1121', 'BANK MANDIRI IDR JK 129.0098050384', 'BANK MANDIRI IDR JK 129.0098050384', '360280000.00', '2014-12-31'),
('112130', '1121', 'BANK MANDIRI IDR SL 138.0004386152', 'BANK MANDIRI IDR SL 138.0004386152', '0.00', '2015-05-17'),
('112131', '1121', 'BANK MANDIRI SYARIAH IDR SL 7015938247', 'BANK MANDIRI SYARIAH IDR SL 7015938247', '0.00', '2015-05-17'),
('113110', '1131', 'BANK MANDIRI USD JK 129.0098048883', 'BANK MANDIRI USD JK 129.0098048883', '0.00', '2015-05-17'),
('113120', '1131', 'BANK MANDIRI USD BD 130.0013552388', 'BANK MANDIRI USD BD 130.0013552388', '0.00', '2015-05-17'),
('113130', '1131', 'BANK MANDIRI USD SL 138.0004386178', 'BANK MANDIRI USD SL 138.0004386178', '0.00', '2015-05-17'),
('119990', '1199', 'CONTRA BALANCE', 'AYAT SILANG', '0.00', '2015-05-17'),
('121111', '1211', 'ACCOUNT RECEIVABLE', 'PIUTANG USAHA', '8945123835.00', '2014-12-31'),
('129110', '1291', 'ACCOUNT RECEIVABLE OTHER', 'PIUTANG LAIN-LAIN', '0.00', '2015-05-17'),
('131111', '1311', 'INVENTORY MATERIAL', 'PERSEDIAAN MATERIAL', '1352077500.00', '2014-12-31'),
('132110', '1321', 'INVENTORY PACKAGING', 'PERSEDIAAN KEMASAN', '0.00', '2015-05-17'),
('141110', '1411', 'PREPAID RENT - BUILDING', 'SEWA DIBAYAR DIMUKA - GEDUNG', '0.00', '2015-05-17'),
('142110', '1421', 'PREPAID INSURANCE - HEALTH', 'ASURANSI DIBAYAR DIMUKA - KESEHATAN', '0.00', '2015-05-17'),
('151110', '1511', 'VAT IN', 'PPN MASUKAN', '0.00', '2015-05-17'),
('152110', '1521', 'PREPAID TAX ART.21', 'PAJAK DIBAYAR DIMUKA PPH.21', '0.00', '2015-05-17'),
('152210', '1522', 'PREPAID TAX ART.22', 'PAJAK DIBAYAR DIMUKA PPH.22', '0.00', '2015-05-17'),
('152310', '1523', 'PREPAID TAX ART.23', 'PAJAK DIBAYAR DIMUKA PPH.23', '0.00', '2015-05-17'),
('152510', '1525', 'PREPAID TAX ART.25', 'PAJAK DIBAYAR DIMUKA PPH.25', '0.00', '2015-05-17'),
('152610', '1526', 'PREPAID TAX ART.26', 'PAJAK DIBAYAR DIMUKA PPH.26', '0.00', '2015-05-17'),
('154210', '1542', 'PREPAID TAX ART. 4 - 2', 'PAJAK DIBAYAR DIMUKA PPH.4-2', '0.00', '2015-05-17'),
('161110', '1611', 'ADV. PAYMENT PURCHASE', 'UANG MUKA PEMBELIAN', '0.00', '2015-05-17'),
('166110', '1661', 'EMPLOYEE LOAN', 'PINJAMAN KARYAWAN', '0.00', '2015-05-17'),
('167110', '1671', 'SHAREHOLDER RECEIVABLE', 'PIUTANG PEMEGANG SAHAM', '0.00', '2015-05-17'),
('171110', '1711', 'FA - LAND', 'AKTIVA TETAP TANAH', '0.00', '2015-05-17'),
('172121', '1721', 'FA - BUILDING', 'AKTIVA TETAP GEDUNG', '1729525000.00', '2014-12-31'),
('173131', '1731', 'FA - VEHICLE', 'AKTIVA TETAP KENDARAAN', '3050296931.00', '2014-12-31'),
('174141', '1741', 'FA - OFFICE EQUIPMENT', 'AKTIVA TETAP PERALATAN KANTOR', '283795500.00', '2014-12-31'),
('182121', '1821', 'DEPR - BUILDING', 'PENYUSUTAN GEDUNG', '652442500.00', '2014-12-31'),
('183131', '1831', 'DEPR - VEHICLE', 'PENYUSUTAN KENDARAAN', '716927569.00', '2014-12-31'),
('184141', '1841', 'DEPR - OFFICE EQUIPMENT', 'PENYUSUTAN PERALATAN KANTOR', '30344625.00', '2014-12-31'),
('191110', '1911', 'INVESTMENT', 'INVESTASI', '0.00', '2015-05-17'),
('192110', '1921', 'BUILDING GUARANTEE', 'JAMINAN GEDUNG', '0.00', '2015-05-17'),
('192115', '1921', 'EQUIPMENT GUARANTEE', 'JAMINAN PERALATAN', '0.00', '2015-05-17'),
('192120', '1921', 'BANK GUARANTEE', 'JAMINAN BANK', '0.00', '2015-05-17'),
('192130', '1921', 'GUARANTEE TO 3RD PARTY', 'JAMINAN PIHAK KE 3', '0.00', '2015-05-17'),
('192190', '1921', 'OTHER GUARANTEE', 'JAMINAN LAINNYA', '0.00', '2015-05-17'),
('211111', '2111', 'ACCOUNT PAYABLE TO VENDOR', 'HUTANG USAHA', '5126202900.00', '2014-12-31'),
('219110', '2191', 'OTHER PAYABLE', 'HUTANG LAIN-LAIN', '0.00', '2015-05-17'),
('221110', '2211', 'ACCR. EXP. - OFFICE UTILITIES - ELECTRIC', 'HUTANG YMH DIBAYAR LISTRIK', '0.00', '2015-05-17'),
('221120', '2211', 'ACCR. EXP. - OFFICE UTILITIES - TELEPHONE', 'HUTANG YMH DIBAYAR TELEPON', '0.00', '2015-05-17'),
('221130', '2211', 'ACCR. EXP. - OFFICE UTILITIES - INTERNET', 'HUTANG YMH DIBAYAR INTERNET', '0.00', '2015-05-17'),
('221140', '2211', 'ACCR. EXP. - OFFICE UTILITIES - PAM/WATER', 'HUTANG YMH DIBAYAR PAM/AIR', '0.00', '2015-05-17'),
('221150', '2211', 'ACCR. EXP. - OFFICE UTILITIES - SERVICE CHARGE', 'HUTANG YMH DIBAYAR PEMELIHARAAN', '0.00', '2015-05-17'),
('222110', '2221', 'ACCR. EXP. - EMPLOYEE - SALARY', 'HUTANG YMH DIBAYAR GAJI KARYAWAN', '0.00', '2015-05-17'),
('222120', '2221', 'ACCR. EXP. - EMPLOYEE - SOCIAL SECURITY', 'HUTANG YMH DIBAYAR JAMSOSTEK KARYAWAN', '0.00', '2015-05-17'),
('223110', '2231', 'ACCR. EXP. - 3RD PARTY - PROFESIONAL FEE', 'HUTANG YMH DIBAYAR PIHAK KE-3 PROFESIONAL FEE', '0.00', '2015-05-17'),
('224110', '2241', 'ACCR. EXP. - INTEREST', 'HUTANG YMH DIBAYAR BUNGA', '0.00', '2015-05-17'),
('229110', '2291', 'ACCRUED EXPENSE - OTHER', 'HUTANG YMH DIBAYAR LAINNYA', '0.00', '2015-05-17'),
('231111', '2311', 'VAT OUT', 'PPN KELUARAN', '37062852.00', '2014-12-31'),
('232110', '2321', 'TAX PAYABLE ART.21', 'HUTANG PAJAK PASAL 21', '0.00', '2015-05-17'),
('232210', '2322', 'TAX PAYABLE ART.22', 'HUTANG PAJAK PASAL 21', '0.00', '2015-05-17'),
('232310', '2323', 'TAX PAYABLE ART.23', 'HUTANG PAJAK PASAL 23', '0.00', '2015-05-17'),
('232510', '2325', 'TAX PAYABLE ART.25', 'HUTANG PAJAK PASAL 25', '0.00', '2015-05-17'),
('232610', '2326', 'TAX PAYABLE ART.26', 'HUTANG PAJAK PASAL 26', '0.00', '2015-05-17'),
('232910', '2329', 'TAX PAYABLE ART.29', 'HUTANG PAJAK PASAL 29', '0.00', '2015-05-17'),
('234210', '2342', 'TAX PAYABLE ART. 4 - 2', 'HUTANG PAJAK PASAL 4-2', '0.00', '2015-05-17'),
('241110', '2411', 'DEFFERED INCOME', 'PENDAPATAN DITANGGUHKAN', '0.00', '2015-05-17'),
('242110', '2421', 'ADVANCE RECEIVED', 'PENDAPATAN DITERIMA DIMUKA', '0.00', '2015-05-17'),
('251110', '2511', 'SECURITY DEPOSIT', 'HUTANG JAMINAN PIHAK KE 3', '0.00', '2015-05-17'),
('261110', '2611', 'A/P - OTHER', 'HUTANG LAINNYA', '0.00', '2015-05-17'),
('262110', '2621', 'A/P - SHAREHOLDER', 'HUTANG PEMEGANG SAHAM', '0.00', '2015-05-17'),
('263110', '2631', 'A/P - SUBSIDIARIES', 'HUTANG PERUSAHAAN ANAK', '0.00', '2015-05-17'),
('265110', '2651', 'PROVISION FOR EMPLOYEE BENEFITS', 'PENYISIHAN IMBALAN KERJA', '0.00', '2015-05-17'),
('271110', '2711', 'BANK LOAN', 'PINJAMAN BANK', '0.00', '2015-05-17'),
('271210', '2712', 'LEASE LOAN', 'HUTANG LEASE', '0.00', '2015-05-17'),
('272110', '2721', 'SHAREHOLDER LOAN', 'PINJAMAN PEMEGANG SAHAM', '0.00', '2015-05-17'),
('273110', '2731', 'SUBSIDIARIES LOAN', 'PINJAMAN PERUSAHAAN ANAK', '0.00', '2015-05-17'),
('311111', '3111', 'SHAREHOLDER CAPITAL - MR HP', 'MODAL PEMEGANG SAHAM  - MR HP', '20000000.00', '2014-12-31'),
('312121', '3121', 'SHAREHOLDER CAPITAL - MR RR', 'MODAL PEMEGANG SAHAM  - MR HP', '70000000.00', '2014-12-31'),
('313131', '3131', 'SHAREHOLDER CAPITAL - MS SD', 'MODAL PEMEGANG SAHAM - MS SD', '10000000.00', '2014-12-31'),
('321111', '3211', 'RETAINED EARNING - PREVIOUS PERIOD', 'LABA DITAHAN TAHUN SEBELUMNYA', '7667745500.00', '2014-12-31'),
('322121', '3221', 'RETAINED EARNING - CURRENT YEAR', 'LABA DITAHAN TAHUN BERJALAN', '1390372820.00', '2015-05-17'),
('331110', '3311', 'DEVIDEN', 'DEVIDEN', '0.00', '2015-05-17'),
('411110', '4111', 'SALES MATERIAL', 'PENJUALAN MATERIAL', '0.00', '2015-05-17'),
('412110', '4121', 'SALES PACKAGING', 'PENJUALAN KEMASAN', '0.00', '2015-05-17'),
('415110', '4151', 'SALES DISOUNT', 'DISCOUNT PENJUALAN', '0.00', '2015-05-17'),
('417110', '4171', 'SALES RETURN', 'RETURN PENJUALAN', '0.00', '2015-05-17'),
('511110', '5111', 'COGS - BEGIN INVENTORY MATERIAL', 'PERSEDIAAN AWAL MATERIAL', '0.00', '2015-05-17'),
('511120', '5111', 'COGS - PURCHASE MATERIAL', 'PEMBELIAN MATERIAL', '0.00', '2015-05-17'),
('511130', '5111', 'COGS - ENDING INVENTORY MATERIAL', 'PERSEDIAAN AKHIR MATERIAL', '0.00', '2015-05-17'),
('512110', '5121', 'COGS - BEGIN INVENTORY PACKAGING', 'PERSEDIAAN AWAL KEMASAN', '0.00', '2015-05-17'),
('512120', '5121', 'COGS - PURCHASE PACKAGING', 'PEMBELIAN KEMASAN', '0.00', '2015-05-17'),
('512130', '5121', 'COGS - ENDING INVENTORY PACKAGING', 'PERSEDIAAN AKHIR KEMASAN', '0.00', '2015-05-17'),
('521110', '5211', 'COST - OPERATION SALARY', 'BEBAN GAJI OPERASIONAL', '0.00', '2015-05-17'),
('521120', '5211', 'COST - OPERATION BONUS', 'BEBAN BONUS OPERASIONAL', '0.00', '2015-05-17'),
('521130', '5211', 'COST - OPERATION ART.21', 'BEBAN PPH 21 OPERASIOANAL', '0.00', '2015-05-17'),
('521140', '5211', 'COST - OPERATION SOCIAL SECURITY', 'BEBAN JAMSOSTEK OPERASIOANAL', '0.00', '2015-05-17'),
('521210', '5212', 'COST - OPERATION MEDICAL INSURANCE', 'BEBAN ASURANSI KESEHATAN OPERASIONAL', '0.00', '2015-05-17'),
('521211', '5212', 'COST - OPERATION EMPLOYEE MEDICAL', 'BEBAN PENGOBATAN KARYAWAN OPERAIONAL', '0.00', '2015-05-17'),
('521220', '5212', 'COST - OPERATION TRAINING & SEMINAR', 'BEBAN TRAINING & SEMINAR OPERASIONAL', '0.00', '2015-05-17'),
('531110', '5311', 'COST - OPERATION ELECTRICITY', 'BEBAN LISTRIK OPERASIONAL', '0.00', '2015-05-17'),
('531120', '5311', 'COST - OPERATION INTERNET, TELEPHONE & FAX', 'BEBAN INTERNET, TELEPON & FAX OPERASIONAL', '0.00', '2015-05-17'),
('531130', '5311', 'COST - OPERATION HANDPHONE', 'BEBAN HANDPHONE', '0.00', '2015-05-17'),
('531140', '5311', 'COST - OPERATION SERVICE & CLEANING CHARGES', 'BEBAN PEMELIHARAAN OPERASIONAL', '0.00', '2015-05-17'),
('551110', '5511', 'COST OF BUILING INSURANCE', 'BEBAN ASURANSI BANGUNAN', '0.00', '2015-05-17'),
('551120', '5511', 'COST OF EQUIPMENT INSURANCE', 'BEBAN ASURANSI PERALATAN', '0.00', '2015-05-17'),
('551130', '5511', 'COST OF VEHICLE INSURANCE', 'BEBAN ASURANSI KENDARAAN', '0.00', '2015-05-17'),
('551140', '5511', 'COST OF HEALTH INSURANCE', 'BEBAN ASURANSI KESEHATAN', '0.00', '2015-05-17'),
('561110', '5611', 'COST OF RENTAL BUILDING', 'BEBAN SEWA BANGUNAN', '0.00', '2015-05-17'),
('561120', '5611', 'COST OF RENTAL OFFICE EQUIPMENT', 'BEBAN SEWA PERALATAN', '0.00', '2015-05-17'),
('561130', '5611', 'COST OF RENTAL VEHICLE', 'BEBAN SEWA KENDARAAN', '0.00', '2015-05-17'),
('541110', '5411', 'FUEL, PARKING, TOLL, ETC', 'BBM, PARKIR, TOLL DLL', '0.00', '2015-05-17'),
('541120', '5411', 'BUSINESS TRANSPORTATION', 'BISNIS TRANSPORTASI', '0.00', '2015-05-17'),
('541210', '5412', 'COST OF TICKETING', 'BEBAN TIKET', '0.00', '2015-05-17'),
('541220', '5412', 'COST OF TRANSPORTATION', 'BEBAN TRANPORTASI', '0.00', '2015-05-17'),
('541230', '5412', 'COST OF ACCOMODATION', 'BEBAN AKOMODASI', '0.00', '2015-05-17'),
('581110', '5811', 'COST OF M & R - BUILDING', 'BEBAN PEMELIHARAAN & PERBAIKAN GEDUNG', '0.00', '2015-05-17'),
('581120', '5811', 'COST OF M & R - VEHICLE', 'BEBAN PEMELIHARAAN & PERBAIKAN KENDARAAN', '0.00', '2015-05-17'),
('581130', '5811', 'COST OF M & R - OFFICE EQUIPMENT', 'BEBAN PEMELIHARAAN & PERBAIKAN PERALATAN KANTOR', '0.00', '2015-05-17'),
('591110', '5911', 'COST OF DEPR - BUILDING', 'BEBAN PENYUSUTAN GEDUNG', '0.00', '2015-05-17'),
('591120', '5911', 'COST OF DEPR - VEHICLE', 'BEBAN PENYUSUTAN KENDARAAN', '0.00', '2015-05-17'),
('591130', '5911', 'COST OF DEPR - OFFICE EQUIPMENT', 'BEBAN PENYUSUTAN PERLENGKAPAN', '0.00', '2015-05-17'),
('611110', '6111', 'MARKETING SALARY', 'GAJI MARKETING', '0.00', '2015-05-17'),
('611120', '6111', 'MARKETING BONUS', 'BONUS MARKETING', '0.00', '2015-05-17'),
('611130', '6111', 'MARKETING ART.21', 'PPH 21 MARKETING', '0.00', '2015-05-17'),
('611140', '6111', 'MARKETING SOCIAL SECURITY', 'JAMSOSTEK MARKETING', '0.00', '2015-05-17'),
('611210', '6112', 'MEDICAL INSURANCE', 'ASURANSI KESEHATAN', '0.00', '2015-05-17'),
('611211', '6112', 'EMPLOYEE MEDICAL', 'PENGOBATAN KARYAWAN', '0.00', '2015-05-17'),
('611220', '6112', 'TRAINING & SEMINAR', 'PELATIHAN & SEMINAR', '0.00', '2015-05-17'),
('612110', '6121', 'BONUS RESELLER', 'BONUS PIHAK KE-3', '0.00', '2015-05-17'),
('612210', '6122', 'BUSINESS MEAL', 'MAKAN', '0.00', '2015-05-17'),
('612220', '6122', 'BUSINESS AND COMPLEMENTARY CARD, ETC', 'KARTU NAMA', '0.00', '2015-05-17'),
('612230', '6122', 'EVENT, PROMOTION & MEDIA ADVERTISEMENT', 'PROMOSI', '0.00', '2015-05-17'),
('612240', '6122', 'ENTERTAINMENT', 'ENTERTAINMENT', '0.00', '2015-05-17'),
('612250', '6122', 'CHARITY', 'SUMBANGAN', '0.00', '2015-05-17'),
('613120', '6131', 'TELP, FAX & INTERNET', 'TELP, FAX & INTERNET', '0.00', '2015-05-17'),
('613130', '6131', 'HANDPHONE', 'HANDPHONE', '0.00', '2015-05-17'),
('615130', '6151', 'VEHICLE INSURANCE', 'ASURANSI KENDARAAN', '0.00', '2015-05-17'),
('616130', '6161', 'RENTAL VEHICLE', 'SEWA KENDARAAN', '0.00', '2015-05-17'),
('614110', '6141', 'FUEL, PARKING, TOLL, ETC', 'BBM, PARKIR, TOLL DLL', '0.00', '2015-05-17'),
('614120', '6141', 'BUSINESS TRANSPORTATION', 'TRANSPORTASI', '0.00', '2015-05-17'),
('614210', '6142', 'TICKETING', 'TIKET', '0.00', '2015-05-17'),
('614220', '6142', 'TRANSPORTATION', 'TRANSPORTASI', '0.00', '2015-05-17'),
('614230', '6142', 'ACCOMODATION', 'AKOMODASI', '0.00', '2015-05-17'),
('618120', '6181', 'M & R - VEHICLE', 'PERAWATAN & PERBAIKAN KENDARAAN', '0.00', '2015-05-17'),
('619120', '6191', 'DEPR - VEHICLE', 'PENYUSUTAN KENDARAAN', '0.00', '2015-05-17'),
('631110', '6311', 'G & A  SALARY', 'GAJI', '0.00', '2015-05-17'),
('631120', '6311', 'G & A  BONUS', 'BONUS', '0.00', '2015-05-17'),
('631130', '6311', 'G & A  ART.21', 'PPH 21', '0.00', '2015-05-17'),
('631140', '6311', 'G & A  SOCIAL SECURITY', 'JAMSOSTEK', '0.00', '2015-05-17'),
('631210', '6312', 'MEDICAL INSURANCE', 'ASURANSI KESEHATAN', '0.00', '2015-05-17'),
('631211', '6312', 'EMPLOYEE MEDICAL', 'PENGOBATAN KARYAWAN', '0.00', '2015-05-17'),
('631220', '6312', 'TRAINING & SEMINAR', 'PELATIHAN & SEMINAR', '0.00', '2015-05-17'),
('631230', '6312', 'BOOK, MAGAZINE AND NEWS PAPER', 'BUKU, MAJALAH DAN SURAT KABAR', '0.00', '2015-05-17'),
('631240', '6312', 'SPORT AND RECREATION', 'OLAH RAGA DAN REKREASI', '0.00', '2015-05-17'),
('633110', '6331', 'ELECTRICITY', 'LISTRIK', '0.00', '2015-05-17'),
('633120', '6331', 'TELEPON FAX & INTERNET', 'TELEPON FAX & INTERNET', '0.00', '2015-05-17'),
('633130', '6331', 'HANDPHONE', 'HANDPHONE', '0.00', '2015-05-17'),
('633140', '6331', 'SERVICE & CLEANING CHARGES', 'BEBAN PEMELIHARAAN OPERASIONAL', '0.00', '2015-05-17'),
('634110', '6341', 'FUEL, PARKING, TOLL, ETC', 'BBM, PARKIR, TOLL DLL', '0.00', '2015-05-17'),
('634120', '6341', 'BUSINESS TRANSPORTATION', 'TRANSPORTASI', '0.00', '2015-05-17'),
('634210', '6342', 'TICKETING', 'TIKET', '0.00', '2015-05-17'),
('634220', '6342', 'TRANSPORTATION', 'TRANSPORTASI', '0.00', '2015-05-17'),
('634230', '6342', 'ACCOMODATION', 'AKOMODASI', '0.00', '2015-05-17'),
('635110', '6351', 'BUILING INSURANCE', 'ASURANSI GEDUNG', '0.00', '2015-05-17'),
('635120', '6351', 'EQUIPMENT INSURANCE', 'ASURANSI PERALATAN', '0.00', '2015-05-17'),
('635130', '6351', 'VEHICLE INSURANCE', 'ASURANSI KENDARAAN', '0.00', '2015-05-17'),
('635140', '6351', 'HEALTH INSURANCE', 'ASURANSI KESEHATAN', '0.00', '2015-05-17'),
('635150', '6351', 'OTHER INSURANCE', 'ASURANSI LAINNYA', '0.00', '2015-05-17'),
('636110', '6361', 'RENTAL BUILDING', 'SEWA GEDUNG', '0.00', '2015-05-17'),
('636120', '6361', 'RENTAL OFFICE EQUIPMENT', 'SEWA PERALATAN', '0.00', '2015-05-17'),
('636130', '6361', 'RENTAL VEHICLE', 'SEWA KENDARAAN', '0.00', '2015-05-17'),
('636140', '6361', 'RENTAL OTHER', 'SEWA LAINNYA', '0.00', '2015-05-17'),
('637110', '6371', 'LEGAL', 'LEGAL', '0.00', '2015-05-17'),
('637120', '6371', 'AUDIT SERVISES', 'AUDIT SERVISES', '0.00', '2015-05-17'),
('637130', '6371', 'CONSULTANT SERVICES', 'CONSULTANT SERVICES', '0.00', '2015-05-17'),
('638110', '6381', 'M & R - BUILDING', 'M & R - BUILDING', '0.00', '2015-05-17'),
('638120', '6381', 'M & R - VEHICLE', 'M & R - VEHICLE', '0.00', '2015-05-17'),
('638130', '6381', 'M & R - OFFICE EQUIPMENT', 'M & R - OFFICE EQUIPMENT', '0.00', '2015-05-17'),
('632110', '6321', 'OFFICE SUPPLIES & STATIONERIES', 'OFFICE SUPPLIES & STATIONERIES', '0.00', '2015-05-17'),
('632120', '6321', 'PHOTOCOPY', 'PHOTOCOPY', '0.00', '2015-05-17'),
('632130', '6321', 'MAIL & COURIER', 'MAIL & COURIER', '0.00', '2015-05-17'),
('632140', '6321', 'STAMP DUTY', 'STAMP DUTY', '0.00', '2015-05-17'),
('632150', '6321', 'OFFICE KITCHEN SUPPLIES', 'OFFICE KITCHEN SUPPLIES', '0.00', '2015-05-17'),
('639110', '6391', 'DEPR - BUILDING', 'DEPR - BUILDING', '0.00', '2015-05-17'),
('639120', '6391', 'DEPR - VEHICLE', 'DEPR - VEHICLE', '0.00', '2015-05-17'),
('639130', '6391', 'DEPR - OFFICE EQUIPMENT', 'DEPR - OFFICE EQUIPMENT', '0.00', '2015-05-17'),
('711110', '7111', 'INTEREST INCOME - BANK INTEREST', 'INTEREST INCOME - BANK INTEREST', '0.00', '2015-05-17'),
('711120', '7111', 'INTEREST INCOME - TIME DEPOSIT', 'INTEREST INCOME - TIME DEPOSIT', '0.00', '2015-05-17'),
('721110', '7211', 'REALIZED GAIN / LOSS FROM FOREX. IDR', 'REALIZED GAIN / LOSS FROM FOREX. IDR', '0.00', '2015-05-17'),
('721120', '7211', 'REALIZED GAIN / LOSS FROM FOREX. USD', 'REALIZED GAIN / LOSS FROM FOREX. USD', '0.00', '2015-05-17'),
('722110', '7221', 'UNREALIZED GAIN / LOSS FROM FOREX. IDR', 'UNREALIZED GAIN / LOSS FROM FOREX. IDR', '0.00', '2015-05-17'),
('722120', '7221', 'UNREALIZED GAIN / LOSS FROM FOREX. USD', 'UNREALIZED GAIN / LOSS FROM FOREX. USD', '0.00', '2015-05-17'),
('799990', '7999', 'OTHER INCOME', 'OTHER INCOME', '0.00', '2015-05-17'),
('811110', '8111', 'CHEQUE BOOKS', 'CHEQUE BOOKS', '0.00', '2015-05-17'),
('811111', '8111', 'BANK ADMINISTRATION', 'BANK ADMINISTRATION', '0.00', '2015-05-17'),
('811112', '8111', 'BANK STAMP DUTY', 'BANK STAMP DUTY', '0.00', '2015-05-17'),
('811120', '8111', 'BANK PROVISION', 'BANK PROVISION', '0.00', '2015-05-17'),
('811190', '8111', 'OTHER BANK CHARGES', 'OTHER BANK CHARGES', '0.00', '2015-05-17'),
('821110', '8211', 'LEASE INTEREST', 'LEASE INTEREST', '0.00', '2015-05-17'),
('821111', '8211', 'LOAN INTEREST', 'LOAN INTEREST', '0.00', '2015-05-17'),
('821150', '8211', 'SHAREHOLDERS LOAN INTEREST', 'SHAREHOLDERS LOAN INTEREST', '0.00', '2015-05-17'),
('899910', '8999', 'ROUNDING DIFFERENCE FOR PAYMENT', 'ROUNDING DIFFERENCE FOR PAYMENT', '0.00', '2015-05-17'),
('899990', '8999', 'OTHER EXPENSES', 'OTHER EXPENSES', '0.00', '2015-05-17');

-- --------------------------------------------------------

--
-- Table structure for table `cart_of_account_header`
--

CREATE TABLE IF NOT EXISTS `cart_of_account_header` (
  `id` varchar(2) NOT NULL,
  `name` varchar(100) NOT NULL,
  `type_saldo` varchar(1) NOT NULL COMMENT 'Debit Kredit',
  `remark` varchar(255) NOT NULL,
  PRIMARY KEY (`id`)
) ENGINE=MyISAM DEFAULT CHARSET=latin1;

--
-- Dumping data for table `cart_of_account_header`
--

INSERT INTO `cart_of_account_header` (`id`, `name`, `type_saldo`, `remark`) VALUES
('14', 'PREPAID EXPENSES', 'D', 'PREPAID EXPENSES'),
('13', 'INVENTORY', 'D', 'INVENTORY'),
('12', 'ACCOUNT RECEIVABLE FROM OPERATION', 'D', 'ACCOUNT RECEIVABLE FROM OPERATION'),
('11', 'CASH & CASH EQUIVALENT', 'D', 'CASH & CASH EQUIVALENT'),
('15', 'PREPAID TAX', 'D', 'PREPAID TAX'),
('16', 'OTHER CURRENT ASSETS', 'D', 'OTHER CURRENT ASSETS'),
('17', 'FIXED ASSETS', 'D', 'FIXED ASSETS'),
('18', 'FIXED ASSETS DEPRECIATION', 'K', 'FIXED ASSETS DEPRECIATION'),
('19', 'OTHER ASSETS', 'D', 'OTHER ASSETS'),
('21', 'ACCOUNT PAYABLE', 'K', 'ACCOUNT PAYABLE'),
('22', 'ACCRUED EXPENSE', 'K', 'ACCRUED EXPENSE'),
('23', 'TAX LIABILITIES', 'K', 'TAX LIABILITIES'),
('24', 'ADVANCE & DEFFERED', 'K', 'ADVANCE & DEFFERED'),
('25', '3RD PARTY DEPOSIT', 'K', '3RD PARTY DEPOSIT'),
('26', 'OTHER PAYABLE', 'K', 'OTHER PAYABLE'),
('27', 'LONG TERM LOAN', 'K', 'LONG TERM LOAN'),
('31', 'CAPITAL', 'K', 'CAPITAL'),
('32', 'RETAINED EARNING', 'K', 'RETAINED EARNING'),
('33', 'DEVIDEN', 'D', 'DEVIDEN'),
('41', 'REVENUE', 'K', 'REVENUE'),
('51', 'COST OF GOOD SOLD', 'D', 'COST OF GOOD SOLD'),
('52', 'COST OF OPERATION EMPLOYMENT', 'D', 'COST OF OPERATION EMPLOYMENT'),
('53', 'COST OF UTILITIES', 'D', 'COST OF UTILITIES'),
('55', 'COST OF INSURANCE EXPENSES', 'D', 'COST OF INSURANCE EXPENSES'),
('56', 'COST OF RENTAL EXPENSES', 'D', 'COST OF RENTAL EXPENSES'),
('54', 'COST OF TRANSPORT &  BUSINESS TRIP', 'D', 'COST OF TRANSPORT &  BUSINESS TRIP'),
('58', 'COST OF MAINTENANCE & REPAIR', 'D', 'COST OF MAINTENANCE & REPAIR'),
('59', 'COST OF DEPRECIATION', 'D', 'COST OF DEPRECIATION'),
('61', 'MARKETING EXPENSES', 'D', 'MARKETING EXPENSES'),
('63', 'G & A - EXPENSES', 'D', 'G & A - EXPENSES'),
('71', 'OTHER INCOME', 'K', 'OTHER INCOME'),
('72', 'REALIZED GAIN / LOSS FROM FOREX.', 'K', 'REALIZED GAIN / LOSS FROM FOREX.'),
('79', 'OTHER INCOME', 'K', 'OTHER INCOME'),
('81', 'BANK CHARGES', 'D', 'BANK CHARGES'),
('82', 'INTEREST CHARGES', 'D', 'INTEREST CHARGES'),
('89', 'OTHER EXPENSES', 'D', 'OTHER EXPENSES');

-- --------------------------------------------------------

--
-- Table structure for table `cart_of_account_middle`
--

CREATE TABLE IF NOT EXISTS `cart_of_account_middle` (
  `id` varchar(4) NOT NULL,
  `cart_of_account_header_id` varchar(2) NOT NULL,
  `name` varchar(100) NOT NULL,
  `remark` varchar(255) NOT NULL,
  PRIMARY KEY (`id`)
) ENGINE=MyISAM DEFAULT CHARSET=latin1;

--
-- Dumping data for table `cart_of_account_middle`
--

INSERT INTO `cart_of_account_middle` (`id`, `cart_of_account_header_id`, `name`, `remark`) VALUES
('1661', '16', 'EMPLOYEE LOAN', 'EMPLOYEE LOAN'),
('1611', '16', 'ADV. PAYMENT PURCHASE', 'ADV. PAYMENT PURCHASE'),
('1542', '15', 'PREPAID TAX ART. 4 - 2', 'PREPAID TAX ART. 4 - 2'),
('1526', '15', 'PREPAID TAX ART.26', 'PREPAID TAX ART.26'),
('1525', '15', 'PREPAID TAX ART.25', 'PREPAID TAX ART.25'),
('1523', '15', 'PREPAID TAX ART.23', 'PREPAID TAX ART.23'),
('1522', '15', 'PREPAID TAX ART.22', 'PREPAID TAX ART.22'),
('1115', '11', 'PETTY CASH USD', 'PETTY CASH USD'),
('1121', '11', 'BANK IDR', 'BANK IDR'),
('1521', '15', 'PREPAID TAX ART.21', 'PREPAID TAX ART.21'),
('1511', '15', 'VAT IN', 'VAT IN'),
('1421', '14', 'PREPAID INSURANCE', 'PREPAID INSURANCE'),
('1411', '14', 'PREPAID RENT', 'PREPAID RENT'),
('1321', '13', 'INVENTORY PACKAGING', 'INVENTORY PACKAGING'),
('1311', '13', 'INVENTORY MATERIAL', 'INVENTORY MATERIAL'),
('1211', '12', 'ACCOUNT RECEIVABLE', 'ACCOUNT RECEIVABLE'),
('1131', '11', 'BANK USD', 'BANK USD'),
('1671', '16', 'SHAREHOLDER RECEIVABLE', 'SHAREHOLDER RECEIVABLE'),
('1111', '11', 'PETTY CASH IDR', 'PETTY CASH IDR'),
('1711', '17', 'FA - LAND', 'FA - LAND'),
('1721', '17', 'FA - BUILDING', 'FA - BUILDING'),
('1731', '17', 'FA - VEHICLE', 'FA - VEHICLE'),
('1741', '17', 'FA - OFFICE EQUIPMENT', 'FA - OFFICE EQUIPMENT'),
('1811', '18', 'NULL', 'NULL'),
('1821', '18', 'DEPR - BUILDING', 'DEPR - BUILDING'),
('1831', '18', 'DEPR - VEHICLE', 'DEPR - VEHICLE'),
('1841', '18', 'DEPR - OFFICE EQUIPMENT', 'DEPR - OFFICE EQUIPMENT'),
('1911', '19', 'INVESTMENT', 'INVESTMENT'),
('1921', '19', 'GUARANTEE', 'GUARANTEE'),
('2111', '21', 'ACCOUNT PAYABLE TO VENDOR', 'ACCOUNT PAYABLE TO VENDOR'),
('2211', '22', 'ACCR. EXP. - OFFICE UTILITIES', 'ACCR. EXP. - OFFICE UTILITIES'),
('2221', '22', 'ACCR. EXP. - EMPLOYEE', 'ACCR. EXP. - EMPLOYEE'),
('2231', '22', 'ACCR. EXP. - 3RD PARTY', 'ACCR. EXP. - 3RD PARTY'),
('2241', '22', 'ACCR. EXP. - INTEREST', 'ACCR. EXP. - INTEREST'),
('2291', '22', 'ACCRUED EXPENSE - OTHER', 'ACCRUED EXPENSE - OTHER'),
('2311', '23', 'VAT OUT', 'VAT OUT'),
('2321', '23', 'TAX PAYABLE ART.21', 'TAX PAYABLE ART.21'),
('2322', '23', 'TAX PAYABLE ART.22', 'TAX PAYABLE ART.22'),
('2323', '23', 'TAX PAYABLE ART.23', 'TAX PAYABLE ART.23'),
('2325', '23', 'TAX PAYABLE ART.25', 'TAX PAYABLE ART.25'),
('2326', '23', 'TAX PAYABLE ART.26', 'TAX PAYABLE ART.26'),
('2329', '23', 'TAX PAYABLE ART.29', 'TAX PAYABLE ART.29'),
('2342', '23', 'TAX PAYABLE ART. 4 - 2', 'TAX PAYABLE ART. 4 - 2'),
('2411', '24', 'DEFFERED INCOME', 'DEFFERED INCOME'),
('2421', '24', 'ADVANCE RECEIVED', 'ADVANCE RECEIVED'),
('2511', '25', 'SECURITY DEPOSIT', 'SECURITY DEPOSIT'),
('2611', '26', 'A/P - OTHER', 'A/P - OTHER'),
('2621', '26', 'A/P - SHAREHOLDER', 'A/P - SHAREHOLDER'),
('2631', '26', 'A/P - SUBSIDIARIES', 'A/P - SUBSIDIARIES'),
('2651', '26', 'PROVISION FOR EMPLOYEE BENEFITS', 'PROVISION FOR EMPLOYEE BENEFITS'),
('2711', '27', 'BANK LOAN', 'BANK LOAN'),
('2721', '27', 'SHAREHOLDER LOAN', 'SHAREHOLDER LOAN'),
('2731', '27', 'SUBSIDIARIES LOAN', 'SUBSIDIARIES LOAN'),
('3111', '31', 'SHAREHOLDER CAPITAL', 'SHAREHOLDER CAPITAL'),
('3121', '31', 'SHAREHOLDER CAPITAL', 'SHAREHOLDER CAPITAL'),
('3211', '32', 'RETAINED EARNING - PREVIOUS PERIOD', 'RETAINED EARNING - PREVIOUS PERIOD'),
('3221', '32', 'RETAINED EARNING - CURRENT YEAR', 'RETAINED EARNING - CURRENT YEAR'),
('3311', '33', 'DEVIDEN', 'DEVIDEN'),
('4111', '41', 'REVENUE MATERIAL', 'REVENUE MATERIAL'),
('4121', '41', 'REVENUE PACKAGING', 'REVENUE PACKAGING'),
('5111', '51', 'COGS - MATERIAL', 'COGS - MATERIAL'),
('5121', '51', 'COGS - PACKAGING', 'COGS - PACKAGING'),
('5211', '52', 'COST OF OPERATION EMPLOYMENT', 'COST OF OPERATION EMPLOYMENT'),
('5212', '52', 'COST OF OPERATION EMPLOYMENT BENEFIT', 'COST OF OPERATION EMPLOYMENT BENEFIT'),
('5311', '53', 'COST OF UTILITIES', 'COST OF UTILITIES'),
('5511', '55', 'COST OF INSURANCE EXPENSES', 'COST OF INSURANCE EXPENSES'),
('5611', '56', 'COST OF RENTAL EXPENSES', 'COST OF RENTAL EXPENSES'),
('5411', '54', 'COST OF TRANSPORT', 'COST OF TRANSPORT'),
('5412', '54', 'COST OF BUSINESS TRIP EXPENSES', 'COST OF BUSINESS TRIP EXPENSES'),
('5811', '58', 'COST OF MAINTENANCE & REPAIR', 'COST OF MAINTENANCE & REPAIR'),
('5911', '59', 'COST OF DEPRECIATION', 'COST OF DEPRECIATION'),
('6111', '61', 'MARKETING EMPLOYMENT EXPENSES', 'MARKETING EMPLOYMENT EXPENSES'),
('6112', '61', 'MARKETING EMPLOYMENT BENEFIT ', 'MARKETING EMPLOYMENT BENEFIT '),
('6121', '61', '3RD PARTY BONUS EXPENSES', '3RD PARTY BONUS EXPENSES'),
('6122', '61', 'MARKETING PROMOTION EXPENSES', 'MARKETING PROMOTION EXPENSES'),
('6131', '61', 'MARKETING UTILITIES EXPENSES', 'MARKETING UTILITIES EXPENSES'),
('6151', '61', 'MARKETING INSURANCE EXPENSES', 'MARKETING INSURANCE EXPENSES'),
('6161', '61', 'MARKETING RENTAL EXPENSES ', 'MARKETING RENTAL EXPENSES '),
('6141', '61', 'MARKETING TRANSPORT EXPENSES', 'MARKETING TRANSPORT EXPENSES'),
('6142', '61', 'MARKETING BUSINESS TRIP EXPENSES', 'MARKETING BUSINESS TRIP EXPENSES'),
('6181', '61', 'MARKETING MAINTENANCE & REPAIR', 'MARKETING MAINTENANCE & REPAIR'),
('6191', '61', 'DEPRECIATION EXPENSES', 'DEPRECIATION EXPENSES'),
('6311', '63', 'G & A - EMPLOYMENT EXPENSES', 'G & A - EMPLOYMENT EXPENSES'),
('6312', '63', 'G & A - EMPLOYMENT BENEFIT ', 'G & A - EMPLOYMENT BENEFIT '),
('6331', '63', 'G & A - UTILITIES EXPENSES', 'G & A - UTILITIES EXPENSES'),
('6341', '63', 'G & A - TRANSPORTATION EXPENSES', 'G & A - TRANSPORTATION EXPENSES'),
('6342', '63', 'G & A - BUSINESS TRIP EXPENSES', 'G & A - BUSINESS TRIP EXPENSES'),
('6351', '63', 'G & A - INSURANCE EXPENSES', 'G & A - INSURANCE EXPENSES'),
('6361', '63', 'G & A - RENTAL EXPENSES', 'G & A - RENTAL EXPENSES'),
('6371', '63', 'G & A - LEGAL & PROFESIONAL CHARGES', 'G & A - LEGAL & PROFESIONAL CHARGES'),
('6381', '63', 'G & A - MAINTENANCE & REPAIR', 'G & A - MAINTENANCE & REPAIR'),
('6321', '63', 'G & A - OFFICE ADMINISTRATION EXPENSES', 'G & A - OFFICE ADMINISTRATION EXPENSES'),
('6391', '63', 'G & A - DEPRECIATION EXPENSES', 'G & A - DEPRECIATION EXPENSES'),
('7111', '71', 'OTHER INCOME', 'OTHER INCOME'),
('7211', '72', 'REALIZED GAIN / LOSS FROM FOREX.', 'REALIZED GAIN / LOSS FROM FOREX.'),
('7221', '72', 'REALIZED GAIN / LOSS FROM FOREX.', 'REALIZED GAIN / LOSS FROM FOREX.'),
('7999', '79', 'OTHER INCOME', 'OTHER INCOME'),
('8111', '81', 'BANK CHARGES', 'BANK CHARGES'),
('8211', '82', 'INTEREST CHARGES', 'INTEREST CHARGES'),
('8999', '89', 'OTHER EXPENSES', 'OTHER EXPENSES'),
('3131', '31', 'SHAREHOLDER CAPITAL', 'MODAL PEMEGANG SAHAM');

-- --------------------------------------------------------

--
-- Table structure for table `closing`
--

CREATE TABLE IF NOT EXISTS `closing` (
  `id` int(11) NOT NULL AUTO_INCREMENT,
  `period` date NOT NULL,
  `status` varchar(1) NOT NULL COMMENT 'N New, O Open, C Close',
  `remark` varchar(100) NOT NULL,
  PRIMARY KEY (`id`)
) ENGINE=MyISAM  DEFAULT CHARSET=latin1 AUTO_INCREMENT=3 ;

--
-- Dumping data for table `closing`
--

INSERT INTO `closing` (`id`, `period`, `status`, `remark`) VALUES
(2, '2015-01-01', 'N', 'First Month');

-- --------------------------------------------------------

--
-- Table structure for table `closing_period`
--

CREATE TABLE IF NOT EXISTS `closing_period` (
  `id` int(11) NOT NULL AUTO_INCREMENT,
  `coa` varchar(10) NOT NULL,
  `type` varchar(1) NOT NULL,
  `amount_begining` decimal(14,2) NOT NULL,
  `mutasi_debit` decimal(14,2) NOT NULL,
  `mutasi_credit` decimal(14,2) NOT NULL,
  `mutasi_net` decimal(14,2) NOT NULL COMMENT 'Begining + Debit - Credit',
  `status` varchar(1) NOT NULL COMMENT 'N New, L Lock',
  PRIMARY KEY (`id`)
) ENGINE=MyISAM  DEFAULT CHARSET=latin1 AUTO_INCREMENT=197 ;

--
-- Dumping data for table `closing_period`
--

INSERT INTO `closing_period` (`id`, `coa`, `type`, `amount_begining`, `mutasi_debit`, `mutasi_credit`, `mutasi_net`, `status`) VALUES
(1, '999999', 'C', '9999.00', '0.00', '0.00', '9999.00', 'N'),
(2, '111110', 'D', '0.00', '0.00', '0.00', '0.00', 'N'),
(3, '111120', 'D', '0.00', '0.00', '0.00', '0.00', 'N'),
(4, '111130', 'D', '0.00', '0.00', '0.00', '0.00', 'N'),
(5, '111510', 'D', '0.00', '0.00', '0.00', '0.00', 'N'),
(6, '111520', 'D', '0.00', '0.00', '0.00', '0.00', 'N'),
(7, '111530', 'D', '0.00', '0.00', '0.00', '0.00', 'N'),
(8, '112120', 'D', '0.00', '0.00', '0.00', '0.00', 'N'),
(9, '112110', 'D', '360280000.00', '0.00', '0.00', '360280000.00', 'N'),
(10, '112130', 'D', '0.00', '0.00', '0.00', '0.00', 'N'),
(11, '112131', 'D', '0.00', '0.00', '0.00', '0.00', 'N'),
(12, '113110', 'D', '0.00', '0.00', '0.00', '0.00', 'N'),
(13, '113120', 'D', '0.00', '0.00', '0.00', '0.00', 'N'),
(14, '113130', 'D', '0.00', '0.00', '0.00', '0.00', 'N'),
(15, '121111', 'D', '8945123835.00', '0.00', '0.00', '8945123835.00', 'N'),
(16, '131111', 'D', '1352077500.00', '0.00', '0.00', '1352077500.00', 'N'),
(17, '132110', 'D', '0.00', '0.00', '0.00', '0.00', 'N'),
(18, '141110', 'D', '0.00', '0.00', '0.00', '0.00', 'N'),
(19, '142110', 'D', '0.00', '0.00', '0.00', '0.00', 'N'),
(20, '151110', 'D', '0.00', '0.00', '0.00', '0.00', 'N'),
(21, '152110', 'D', '0.00', '0.00', '0.00', '0.00', 'N'),
(22, '152210', 'D', '0.00', '0.00', '0.00', '0.00', 'N'),
(23, '152310', 'D', '0.00', '0.00', '0.00', '0.00', 'N'),
(24, '152510', 'D', '0.00', '0.00', '0.00', '0.00', 'N'),
(25, '152610', 'D', '0.00', '0.00', '0.00', '0.00', 'N'),
(26, '154210', 'D', '0.00', '0.00', '0.00', '0.00', 'N'),
(27, '161110', 'D', '0.00', '0.00', '0.00', '0.00', 'N'),
(28, '166110', 'D', '0.00', '0.00', '0.00', '0.00', 'N'),
(29, '167110', 'D', '0.00', '0.00', '0.00', '0.00', 'N'),
(30, '171110', 'D', '0.00', '0.00', '0.00', '0.00', 'N'),
(31, '172121', 'D', '1729525000.00', '0.00', '0.00', '1729525000.00', 'N'),
(32, '173131', 'D', '3050296931.00', '0.00', '0.00', '3050296931.00', 'N'),
(33, '174141', 'D', '283795500.00', '0.00', '0.00', '283795500.00', 'N'),
(34, '182121', 'K', '652442500.00', '0.00', '0.00', '652442500.00', 'N'),
(35, '183131', 'K', '716927569.00', '0.00', '0.00', '716927569.00', 'N'),
(36, '184141', 'K', '30344625.00', '0.00', '0.00', '30344625.00', 'N'),
(37, '191110', 'D', '0.00', '0.00', '0.00', '0.00', 'N'),
(38, '192110', 'D', '0.00', '0.00', '0.00', '0.00', 'N'),
(39, '192115', 'D', '0.00', '0.00', '0.00', '0.00', 'N'),
(40, '192120', 'D', '0.00', '0.00', '0.00', '0.00', 'N'),
(41, '192130', 'D', '0.00', '0.00', '0.00', '0.00', 'N'),
(42, '192190', 'D', '0.00', '0.00', '0.00', '0.00', 'N'),
(43, '211111', 'K', '5126202900.00', '0.00', '0.00', '5126202900.00', 'N'),
(44, '221110', 'K', '0.00', '0.00', '0.00', '0.00', 'N'),
(45, '221120', 'K', '0.00', '0.00', '0.00', '0.00', 'N'),
(46, '221130', 'K', '0.00', '0.00', '0.00', '0.00', 'N'),
(47, '221140', 'K', '0.00', '0.00', '0.00', '0.00', 'N'),
(48, '221150', 'K', '0.00', '0.00', '0.00', '0.00', 'N'),
(49, '222110', 'K', '0.00', '0.00', '0.00', '0.00', 'N'),
(50, '222120', 'K', '0.00', '0.00', '0.00', '0.00', 'N'),
(51, '223110', 'K', '0.00', '0.00', '0.00', '0.00', 'N'),
(52, '224110', 'K', '0.00', '0.00', '0.00', '0.00', 'N'),
(53, '229110', 'K', '0.00', '0.00', '0.00', '0.00', 'N'),
(54, '231111', 'K', '37062852.00', '0.00', '0.00', '37062852.00', 'N'),
(55, '232110', 'K', '0.00', '0.00', '0.00', '0.00', 'N'),
(56, '232210', 'K', '0.00', '0.00', '0.00', '0.00', 'N'),
(57, '232310', 'K', '0.00', '0.00', '0.00', '0.00', 'N'),
(58, '232510', 'K', '0.00', '0.00', '0.00', '0.00', 'N'),
(59, '232610', 'K', '0.00', '0.00', '0.00', '0.00', 'N'),
(60, '232910', 'K', '0.00', '0.00', '0.00', '0.00', 'N'),
(61, '234210', 'K', '0.00', '0.00', '0.00', '0.00', 'N'),
(62, '241110', 'K', '0.00', '0.00', '0.00', '0.00', 'N'),
(63, '242110', 'K', '0.00', '0.00', '0.00', '0.00', 'N'),
(64, '251110', 'K', '0.00', '0.00', '0.00', '0.00', 'N'),
(65, '261110', 'K', '0.00', '0.00', '0.00', '0.00', 'N'),
(66, '262110', 'K', '0.00', '0.00', '0.00', '0.00', 'N'),
(67, '263110', 'K', '0.00', '0.00', '0.00', '0.00', 'N'),
(68, '265110', 'K', '0.00', '0.00', '0.00', '0.00', 'N'),
(69, '271110', 'K', '0.00', '0.00', '0.00', '0.00', 'N'),
(70, '272110', 'K', '0.00', '0.00', '0.00', '0.00', 'N'),
(71, '273110', 'K', '0.00', '0.00', '0.00', '0.00', 'N'),
(72, '311111', 'K', '20000000.00', '0.00', '0.00', '20000000.00', 'N'),
(73, '312121', 'K', '70000000.00', '0.00', '0.00', '70000000.00', 'N'),
(74, '313131', 'K', '10000000.00', '0.00', '0.00', '10000000.00', 'N'),
(75, '321111', 'K', '7667745500.00', '0.00', '0.00', '7667745500.00', 'N'),
(76, '322121', 'K', '1390372820.00', '0.00', '0.00', '1390372820.00', 'N'),
(77, '331110', 'D', '0.00', '0.00', '0.00', '0.00', 'N'),
(78, '411110', 'K', '0.00', '0.00', '0.00', '0.00', 'N'),
(79, '412110', 'K', '0.00', '0.00', '0.00', '0.00', 'N'),
(80, '511110', 'D', '0.00', '0.00', '0.00', '0.00', 'N'),
(81, '511120', 'D', '0.00', '0.00', '0.00', '0.00', 'N'),
(82, '511130', 'D', '0.00', '0.00', '0.00', '0.00', 'N'),
(83, '512110', 'D', '0.00', '0.00', '0.00', '0.00', 'N'),
(84, '512120', 'D', '0.00', '0.00', '0.00', '0.00', 'N'),
(85, '512130', 'D', '0.00', '0.00', '0.00', '0.00', 'N'),
(86, '521110', 'D', '0.00', '0.00', '0.00', '0.00', 'N'),
(87, '521120', 'D', '0.00', '0.00', '0.00', '0.00', 'N'),
(88, '521130', 'D', '0.00', '0.00', '0.00', '0.00', 'N'),
(89, '521140', 'D', '0.00', '0.00', '0.00', '0.00', 'N'),
(90, '521210', 'D', '0.00', '0.00', '0.00', '0.00', 'N'),
(91, '521211', 'D', '0.00', '0.00', '0.00', '0.00', 'N'),
(92, '521220', 'D', '0.00', '0.00', '0.00', '0.00', 'N'),
(93, '531110', 'D', '0.00', '0.00', '0.00', '0.00', 'N'),
(94, '531120', 'D', '0.00', '0.00', '0.00', '0.00', 'N'),
(95, '531130', 'D', '0.00', '0.00', '0.00', '0.00', 'N'),
(96, '531140', 'D', '0.00', '0.00', '0.00', '0.00', 'N'),
(97, '551110', 'D', '0.00', '0.00', '0.00', '0.00', 'N'),
(98, '551120', 'D', '0.00', '0.00', '0.00', '0.00', 'N'),
(99, '551130', 'D', '0.00', '0.00', '0.00', '0.00', 'N'),
(100, '551140', 'D', '0.00', '0.00', '0.00', '0.00', 'N'),
(101, '561110', 'D', '0.00', '0.00', '0.00', '0.00', 'N'),
(102, '561120', 'D', '0.00', '0.00', '0.00', '0.00', 'N'),
(103, '561130', 'D', '0.00', '0.00', '0.00', '0.00', 'N'),
(104, '541110', 'D', '0.00', '0.00', '0.00', '0.00', 'N'),
(105, '541120', 'D', '0.00', '0.00', '0.00', '0.00', 'N'),
(106, '541210', 'D', '0.00', '0.00', '0.00', '0.00', 'N'),
(107, '541220', 'D', '0.00', '0.00', '0.00', '0.00', 'N'),
(108, '541230', 'D', '0.00', '0.00', '0.00', '0.00', 'N'),
(109, '581110', 'D', '0.00', '0.00', '0.00', '0.00', 'N'),
(110, '581120', 'D', '0.00', '0.00', '0.00', '0.00', 'N'),
(111, '581130', 'D', '0.00', '0.00', '0.00', '0.00', 'N'),
(112, '591110', 'D', '0.00', '0.00', '0.00', '0.00', 'N'),
(113, '591120', 'D', '0.00', '0.00', '0.00', '0.00', 'N'),
(114, '591130', 'D', '0.00', '0.00', '0.00', '0.00', 'N'),
(115, '611110', 'D', '0.00', '0.00', '0.00', '0.00', 'N'),
(116, '611120', 'D', '0.00', '0.00', '0.00', '0.00', 'N'),
(117, '611130', 'D', '0.00', '0.00', '0.00', '0.00', 'N'),
(118, '611140', 'D', '0.00', '0.00', '0.00', '0.00', 'N'),
(119, '611210', 'D', '0.00', '0.00', '0.00', '0.00', 'N'),
(120, '611211', 'D', '0.00', '0.00', '0.00', '0.00', 'N'),
(121, '611220', 'D', '0.00', '0.00', '0.00', '0.00', 'N'),
(122, '612110', 'D', '0.00', '0.00', '0.00', '0.00', 'N'),
(123, '612210', 'D', '0.00', '0.00', '0.00', '0.00', 'N'),
(124, '612220', 'D', '0.00', '0.00', '0.00', '0.00', 'N'),
(125, '612230', 'D', '0.00', '0.00', '0.00', '0.00', 'N'),
(126, '612240', 'D', '0.00', '0.00', '0.00', '0.00', 'N'),
(127, '612250', 'D', '0.00', '0.00', '0.00', '0.00', 'N'),
(128, '613120', 'D', '0.00', '0.00', '0.00', '0.00', 'N'),
(129, '613130', 'D', '0.00', '0.00', '0.00', '0.00', 'N'),
(130, '615130', 'D', '0.00', '0.00', '0.00', '0.00', 'N'),
(131, '616130', 'D', '0.00', '0.00', '0.00', '0.00', 'N'),
(132, '614110', 'D', '0.00', '0.00', '0.00', '0.00', 'N'),
(133, '614120', 'D', '0.00', '0.00', '0.00', '0.00', 'N'),
(134, '614210', 'D', '0.00', '0.00', '0.00', '0.00', 'N'),
(135, '614220', 'D', '0.00', '0.00', '0.00', '0.00', 'N'),
(136, '614230', 'D', '0.00', '0.00', '0.00', '0.00', 'N'),
(137, '618120', 'D', '0.00', '0.00', '0.00', '0.00', 'N'),
(138, '619120', 'D', '0.00', '0.00', '0.00', '0.00', 'N'),
(139, '631110', 'D', '0.00', '0.00', '0.00', '0.00', 'N'),
(140, '631120', 'D', '0.00', '0.00', '0.00', '0.00', 'N'),
(141, '631130', 'D', '0.00', '0.00', '0.00', '0.00', 'N'),
(142, '631140', 'D', '0.00', '0.00', '0.00', '0.00', 'N'),
(143, '631210', 'D', '0.00', '0.00', '0.00', '0.00', 'N'),
(144, '631211', 'D', '0.00', '0.00', '0.00', '0.00', 'N'),
(145, '631220', 'D', '0.00', '0.00', '0.00', '0.00', 'N'),
(146, '631230', 'D', '0.00', '0.00', '0.00', '0.00', 'N'),
(147, '631240', 'D', '0.00', '0.00', '0.00', '0.00', 'N'),
(148, '633110', 'D', '0.00', '0.00', '0.00', '0.00', 'N'),
(149, '633120', 'D', '0.00', '0.00', '0.00', '0.00', 'N'),
(150, '633130', 'D', '0.00', '0.00', '0.00', '0.00', 'N'),
(151, '633140', 'D', '0.00', '0.00', '0.00', '0.00', 'N'),
(152, '634110', 'D', '0.00', '0.00', '0.00', '0.00', 'N'),
(153, '634120', 'D', '0.00', '0.00', '0.00', '0.00', 'N'),
(154, '634210', 'D', '0.00', '0.00', '0.00', '0.00', 'N'),
(155, '634220', 'D', '0.00', '0.00', '0.00', '0.00', 'N'),
(156, '634230', 'D', '0.00', '0.00', '0.00', '0.00', 'N'),
(157, '635110', 'D', '0.00', '0.00', '0.00', '0.00', 'N'),
(158, '635120', 'D', '0.00', '0.00', '0.00', '0.00', 'N'),
(159, '635130', 'D', '0.00', '0.00', '0.00', '0.00', 'N'),
(160, '635140', 'D', '0.00', '0.00', '0.00', '0.00', 'N'),
(161, '635150', 'D', '0.00', '0.00', '0.00', '0.00', 'N'),
(162, '636110', 'D', '0.00', '0.00', '0.00', '0.00', 'N'),
(163, '636120', 'D', '0.00', '0.00', '0.00', '0.00', 'N'),
(164, '636130', 'D', '0.00', '0.00', '0.00', '0.00', 'N'),
(165, '636140', 'D', '0.00', '0.00', '0.00', '0.00', 'N'),
(166, '637110', 'D', '0.00', '0.00', '0.00', '0.00', 'N'),
(167, '637120', 'D', '0.00', '0.00', '0.00', '0.00', 'N'),
(168, '637130', 'D', '0.00', '0.00', '0.00', '0.00', 'N'),
(169, '638110', 'D', '0.00', '0.00', '0.00', '0.00', 'N'),
(170, '638120', 'D', '0.00', '0.00', '0.00', '0.00', 'N'),
(171, '638130', 'D', '0.00', '0.00', '0.00', '0.00', 'N'),
(172, '632110', 'D', '0.00', '0.00', '0.00', '0.00', 'N'),
(173, '632120', 'D', '0.00', '0.00', '0.00', '0.00', 'N'),
(174, '632130', 'D', '0.00', '0.00', '0.00', '0.00', 'N'),
(175, '632140', 'D', '0.00', '0.00', '0.00', '0.00', 'N'),
(176, '632150', 'D', '0.00', '0.00', '0.00', '0.00', 'N'),
(177, '639110', 'D', '0.00', '0.00', '0.00', '0.00', 'N'),
(178, '639120', 'D', '0.00', '0.00', '0.00', '0.00', 'N'),
(179, '639130', 'D', '0.00', '0.00', '0.00', '0.00', 'N'),
(180, '711110', 'K', '0.00', '0.00', '0.00', '0.00', 'N'),
(181, '711120', 'K', '0.00', '0.00', '0.00', '0.00', 'N'),
(182, '721110', 'K', '0.00', '0.00', '0.00', '0.00', 'N'),
(183, '721120', 'K', '0.00', '0.00', '0.00', '0.00', 'N'),
(184, '722110', 'K', '0.00', '0.00', '0.00', '0.00', 'N'),
(185, '722120', 'K', '0.00', '0.00', '0.00', '0.00', 'N'),
(186, '799990', 'K', '0.00', '0.00', '0.00', '0.00', 'N'),
(187, '811110', 'D', '0.00', '0.00', '0.00', '0.00', 'N'),
(188, '811111', 'D', '0.00', '0.00', '0.00', '0.00', 'N'),
(189, '811112', 'D', '0.00', '0.00', '0.00', '0.00', 'N'),
(190, '811120', 'D', '0.00', '0.00', '0.00', '0.00', 'N'),
(191, '811190', 'D', '0.00', '0.00', '0.00', '0.00', 'N'),
(192, '821110', 'D', '0.00', '0.00', '0.00', '0.00', 'N'),
(193, '821111', 'D', '0.00', '0.00', '0.00', '0.00', 'N'),
(194, '821150', 'D', '0.00', '0.00', '0.00', '0.00', 'N'),
(195, '899910', 'D', '0.00', '0.00', '0.00', '0.00', 'N'),
(196, '899990', 'D', '0.00', '0.00', '0.00', '0.00', 'N');

-- --------------------------------------------------------

--
-- Table structure for table `counter`
--

CREATE TABLE IF NOT EXISTS `counter` (
  `id` int(11) NOT NULL AUTO_INCREMENT,
  `name` varchar(20) NOT NULL,
  `counter` int(11) NOT NULL,
  `remark` varchar(255) NOT NULL,
  PRIMARY KEY (`id`)
) ENGINE=MyISAM  DEFAULT CHARSET=latin1 AUTO_INCREMENT=2 ;

--
-- Dumping data for table `counter`
--

INSERT INTO `counter` (`id`, `name`, `counter`, `remark`) VALUES
(1, 'faktur', 16336530, 'Faktur');

-- --------------------------------------------------------

--
-- Table structure for table `currency`
--

CREATE TABLE IF NOT EXISTS `currency` (
  `id` varchar(3) NOT NULL,
  `name` varchar(20) NOT NULL,
  PRIMARY KEY (`id`)
) ENGINE=MyISAM DEFAULT CHARSET=latin1;

--
-- Dumping data for table `currency`
--

INSERT INTO `currency` (`id`, `name`) VALUES
('IDR', 'Rupiah'),
('USD', 'USA Dollar');

-- --------------------------------------------------------

--
-- Table structure for table `customer`
--

CREATE TABLE IF NOT EXISTS `customer` (
  `id` int(11) NOT NULL AUTO_INCREMENT,
  `unique_id` varchar(100) NOT NULL COMMENT 'customer unique id',
  `nama` varchar(255) NOT NULL COMMENT 'PIC nya',
  `nama_persh` varchar(255) NOT NULL,
  `nama_persh_detail` varchar(255) NOT NULL,
  `alamat` varchar(4096) NOT NULL,
  `alamat_detail` varchar(255) NOT NULL,
  `phone` varchar(255) NOT NULL,
  `fax` varchar(50) NOT NULL,
  `email` varchar(255) NOT NULL,
  `tax_cust_name` varchar(255) NOT NULL,
  `tax_address` varchar(2048) NOT NULL,
  `npwp` varchar(100) NOT NULL,
  PRIMARY KEY (`id`),
  UNIQUE KEY `unique_id` (`unique_id`),
  UNIQUE KEY `unique_id_2` (`unique_id`)
) ENGINE=MyISAM  DEFAULT CHARSET=latin1 AUTO_INCREMENT=10000 ;

--
-- Dumping data for table `customer`
--

INSERT INTO `customer` (`id`, `unique_id`, `nama`, `nama_persh`, `nama_persh_detail`, `alamat`, `alamat_detail`, `phone`, `fax`, `email`, `tax_cust_name`, `tax_address`, `npwp`) VALUES
(1, '00001', 'Ade', 'PT. ADETEX', '', 'JL. DAYANG SUMBI NO. 4 BANDUNG ', '', '', '', '', 'PT. ADETEX', 'JL. DAYANG SUMBI NO. 4 BANDUNG ', '01.104.801.4-441.000'),
(2, '00002', '', 'PT. APAC INTI CORPORA', '', 'GRAHA BIP LT. 10 JL. JEND. GATOT SUBROTO KAV. 23 JAKARTA SELATAN', '', '', '', '', 'PT. APAC INTI CORPORA', 'GRAHA BIP LT. 10 JL. JEND. GATOT SUBROTO KAV. 23 JAKARTA SELATAN', '01.744.927.3-091.000'),
(3, '00003', '', 'PT. ARGO PANTES TBK', '', 'WISMA ARGO MANUNGGAL LT.2 JL.JEND.GATOT SUBROTO NO.95 KAV.22 KUNINGAN TIMUR SETIABUDI JAKARTA SELATAN', '', '', '', '', 'PT. ARGO PANTES TBK', 'WISMA ARGO MANUNGGAL LT.2 JL.JEND.GATOT SUBROTO NO.95 KAV.22 KUNINGAN TIMUR SETIABUDI JAKARTA SELATAN', '01.001.018.9-054.000'),
(4, '00004', '', 'PT. ASTRA HONDA MOTOR', '', 'JL. YOS SUDARSO SUNTER 1 JAKARTA UTARA ', '', '', '', '', 'PT. ASTRA HONDA MOTOR', 'JL. YOS SUDARSO SUNTER 1 JAKARTA UTARA ', '01.000.746.6-092.000'),
(5, '00005', '', 'PT. AYOE INDOTAMA TEXTILE', '', 'JL.LEUWI GAJAH NO. 205 CIMAHI ', '', '', '', '', 'PT. AYOE INDOTAMA TEXTILE', 'JL.LEUWI GAJAH NO. 205 CIMAHI ', '01.494.494.6-441.000'),
(6, '00006', '', 'PT. BALI NIRWANA GARMENTS', '', 'JL. HOS COKROAMINOTO RT.002 RW.001 KREO SELATAN LARANGAN - TANGERANG', '', '', '', '', 'PT. BALI NIRWANA GARMENTS', 'JL. HOS COKROAMINOTO RT.002 RW.001 KREO SELATAN LARANGAN - TANGERANG', '01.300.862.8-415.000'),
(7, '00007', '', 'PT. BATAM TEXTILE INDUSTRY', '', 'DESA LANGENSARI - LANGENSARI UNGARAN KAB. SEMARANG', '', '', '', '', 'PT. BATAM TEXTILE INDUSTRY', 'DESA LANGENSARI - LANGENSARI UNGARAN KAB. SEMARANG', '01.106.931.7-511.000'),
(8, '00008', '', 'PT. BERKAT SARANA GLORY', '', 'JL. WONOAYU NO. 39 - 40 GEMPOL PASURUAN ', '', '', '', '', 'PT. BERKAT SARANA GLORY', 'JL. WONOAYU NO. 39 - 40 GEMPOL PASURUAN ', '02.082.116.1-624.000'),
(9, '00009', '', 'PT. BHINEKA KARYA MANUNGGAL', '', 'JL. DUSUN WALAHAR I RT.002/01 KLARI KLARI - KARAWANG  41371', '', '', '', '', 'PT. BHINEKA KARYA MANUNGGAL', 'JL. DUSUN WALAHAR I RT.002/01 KLARI KLARI - KARAWANG  41371', '01.368.798.3-431.000'),
(10, '00010', '', 'PT. BINA CITRA KHARISMA LESTARI', '', 'JL. SOEKARNO HATTA NO.162- KEBON LEGA BOJONG LOA KIDUL- BANDUNG- JAWA BARAT', '', '', '', '', 'PT. BINA CITRA KHARISMA LESTARI', 'JL. SOEKARNO HATTA NO.162- KEBON LEGA BOJONG LOA KIDUL- BANDUNG- JAWA BARAT', '01.280.045.4-441.000'),
(11, '00011', '', 'PT. BUKAKA FORGING INDUSTRIES', '', 'JL. RAYA NAROGONG BEKASI KM. 19-5 RT. 03 RW. 002 DES. LIMUSNUNGGAL CILEUNGSI BOGOR - JAWA  BARAT 16820', '', '', '', '', 'PT. BUKAKA FORGING INDUSTRIES', 'JL. RAYA NAROGONG BEKASI KM. 19-5 RT. 03 RW. 002 DES. LIMUSNUNGGAL CILEUNGSI BOGOR - JAWA  BARAT 16820', '01.069.426.3-431.000'),
(12, '00012', '', 'PT. BUNITOP INDONESIA', '', 'JL. GEBANG RAYA RT. 001 / 004 GEBANG RAYA - TANGERANG ', '', '', '', '', 'PT. BUNITOP INDONESIA', 'JL. GEBANG RAYA RT. 001 / 004 GEBANG RAYA - TANGERANG ', '01.081.344.2-402.000'),
(13, '00013', '', 'PT. CITRA LABEL JAYA PERKASA', '', 'JL. KARAWACI RT. 020/006 KARAWACI - TANGERANG ', '', '', '', '', 'PT. CITRA LABEL JAYA PERKASA', 'JL. KARAWACI RT. 020/006 KARAWACI - TANGERANG ', '01.477.772.6-402.000'),
(14, '00014', '', 'PT. COATS REJO INDONESIA', '', 'JL. RA. KARTINI NO. 26 VENTURA BUILDING LT. 4S - 401 A CILANDAK JAKARTA SELATAN 12430', '', '', '', '', 'PT. COATS REJO INDONESIA', 'JL. RA. KARTINI NO. 26 VENTURA BUILDING LT. 4S - 401 A CILANDAK JAKARTA SELATAN 12430', '01.002.073.3-057.000'),
(15, '00015', '', 'PT. DAYA MEKAR TEKSTINDO', '', 'JL. RAYA BATU JAJAR KM.3-5 GIRI ASIH BANDUNG - JAWA BARAT', '', '', '', '', 'PT. DAYA MEKAR TEKSTINDO', 'JL. RAYA BATU JAJAR KM.3-5 GIRI ASIH BANDUNG - JAWA BARAT', '01.723.503.7-441.000'),
(16, '00016', '', 'PT. EVER SHINE TEX TBK', '', 'JL. RAYA JAKARTA - BOGOR  KM. 50- CIJUJUNG SUKARAJA BOGOR JAWA BARAT - 16710', '', '', '', '', 'PT. EVER SHINE TEX TBK', 'JL. RAYA JAKARTA - BOGOR  KM. 50- CIJUJUNG SUKARAJA BOGOR JAWA BARAT - 16710', '01.131.301.2-054.000'),
(17, '00017', '', 'PT. NISSHINBO INDONESIA', '', 'JL. NANJUNG NO. 66 RT/RW: 01/01 UTAMA- CIMAHI SELATAN CIMAHI - JAWA BARAT 40533', '', '', '', '', 'PT. NISSHINBO INDONESIA', 'JL. NANJUNG NO. 66 RT/RW: 01/01 UTAMA- CIMAHI SELATAN CIMAHI - JAWA BARAT 40533', '01.824.681.9-057.000'),
(18, '00018', '', 'PT. HANIL INDONESIA', '', 'GRAHA SURVEYOR INDONESIA LT. 18 R 1801 JALAN JEND.  GATOT SUBROTO KAV. 56 KUNINGAN TIMUR SETIABUDI JAKARTA SELATAN - DKI JAKARTA', '', '', '', '', 'PT. HANIL INDONESIA', 'GRAHA SURVEYOR INDONESIA LT. 18 R 1801 JALAN JEND.  GATOT SUBROTO KAV. 56 KUNINGAN TIMUR SETIABUDI JAKARTA SELATAN - DKI JAKARTA', '01.069.311.7-057.000'),
(19, '00019', '', 'PT. HEKSATEX INDAH', '', 'JL. NANJUNG KM. 2 RT. 03 RW. 11 KEL. UTAMA KEC. CIMAHI SELATAN- KOTA CIMAHI 40533', '', '', '', '', 'PT. HEKSATEX INDAH', 'JL. NANJUNG KM. 2 RT. 03 RW. 11 KEL. UTAMA KEC. CIMAHI SELATAN- KOTA CIMAHI 40533', '01.524.816.4-441.000'),
(20, '00020', '', 'PT. HIMALAYA TUNAS TEXINDO', '', 'JALAN PANGKALAN RAJA NO.1 MAJALAYA  KAB. BANDUNG', '', '', '', '', 'PT. HIMALAYA TUNAS TEXINDO', 'JALAN PANGKALAN RAJA NO.1 MAJALAYA  KAB. BANDUNG', '01.240.727.6-441.000'),
(21, '00021', '', 'PT. HOTEL ANOMSOLO SARANATAMA', '', 'JL. ADISUCIPTO 47 SOLO ', '', '', '', '', 'PT. HOTEL ANOMSOLO SARANATAMA', 'JL. ADISUCIPTO 47 SOLO ', '01.582.494.9-526.000'),
(22, '00022', '', 'PT. INDO-RAMA SYNTHETICS TBK', '', 'GRAHA IRAMA LT. 17 JL. H. R. RASUNA SAID BLOK X - 1 KAV. 1-2 KUNINGAN TIMUR SETIABUDI JAKARTA SELATAN DKI JAKARTA RAYA 12950', '', '', '', '', 'PT. INDO-RAMA SYNTHETICS TBK', 'GRAHA IRAMA LT. 17 JL. H. R. RASUNA SAID BLOK X - 1 KAV. 1-2 KUNINGAN TIMUR SETIABUDI JAKARTA SELATAN DKI JAKARTA RAYA 12950', '01.001.680.6-054.000'),
(23, '00023', '', 'PT. INDOSEIKI METALUTAMA', '', 'JL. INDUSTRI RAYA III BLOK AD NO. 23B DS. BUNDER KEC. CIKUPA KAB. TANGERANG 15710', '', '', '', '', 'PT. INDOSEIKI METALUTAMA', 'JL. INDUSTRI RAYA III BLOK AD NO. 23B DS. BUNDER KEC. CIKUPA KAB. TANGERANG 15710', '01.495.261.8.055.000'),
(24, '00024', '', 'PT. INDOWASH PUSPITA', '', 'JL. RAYA CAKUNG CILINCING (KBN) BLOK E 1 SUKAPURA CILINCING JAKARTA UTARA 14140', '', '', '', '', 'PT. INDOWASH PUSPITA', 'JL. RAYA CAKUNG CILINCING (KBN) BLOK E 1 SUKAPURA CILINCING JAKARTA UTARA 14140', '01.346.235.3-053.000'),
(25, '00025', '', 'PT. KEMILAU WARNA CERIA', '', 'JL. SLAMET RIYADI NO.262 SRIWEDARI LAWEYAN SURAKARTA 57141', '', '', '', '', 'PT. KEMILAU WARNA CERIA', 'JL. SLAMET RIYADI NO.262 SRIWEDARI LAWEYAN SURAKARTA 57141', '01.515.243.2-526.000'),
(26, '00026', '', 'PT. KUKUH TANGGUH SANDANG MILLS', '', 'WISMA ARGO MANUNGGAL LT.8 JL. GATOT SUBROTO KAV. 22  KARET SETIABUDI JAKARTA SELATAN DKI JAKARTA RAYA 12930   ', '', '', '', '', 'PT. KUKUH TANGGUH SANDANG MILLS', 'WISMA ARGO MANUNGGAL LT.8 JL. GATOT SUBROTO KAV. 22  KARET SETIABUDI JAKARTA SELATAN DKI JAKARTA RAYA 12930   ', '01.000.600.5-057.000'),
(27, '00027', '', 'PT. LOTUS INDAH TEXTILE INDUSTRIES', '', 'DESA KEDUNG BARUK- KEDUNG BARUK RUNGKUT SURABAYA', '', '', '', '', 'PT. LOTUS INDAH TEXTILE INDUSTRIES', 'DESA KEDUNG BARUK- KEDUNG BARUK RUNGKUT SURABAYA', '01.061.720.7-057.000'),
(28, '00028', '', 'PT. MANNA', '', 'JLN.KS TUBUN KOANG JAYA KARAWACI - TANGERANG', '', '', '', '', 'PT. MANNA', 'JLN.KS TUBUN KOANG JAYA KARAWACI - TANGERANG', '02.095.734.6-402.000'),
(29, '00029', '', 'PT. MITRAMETAL PERKASA', '', 'JL. MITRA TIMUR I BLOK C5 KAW. INDUSTRI MITRAKARAWANG  PARUNGMULYA CIAMPEL - KARAWANG', '', '', '', '', 'PT. MITRAMETAL PERKASA', 'JL. MITRA TIMUR I BLOK C5 KAW. INDUSTRI MITRAKARAWANG  PARUNGMULYA CIAMPEL - KARAWANG', '01.798.062.4-431.000'),
(30, '00030', '', 'PT. MITSUBA INDONESIA', '', 'JL. SILIWANGI KERONCONG JATI UWUNG TANGERANG - BANTEN 15134', '', '', '', '', 'PT. MITSUBA INDONESIA', 'JL. SILIWANGI KERONCONG JATI UWUNG TANGERANG - BANTEN 15134', '01.869.450.5-055.000'),
(31, '00031', '', 'PT. MORADON BERLIAN SAKTI', '', 'JL. AGUNG KARYA II BLOK D/12A SUNTER AGUNG TJ PRIOK - JAKARTA UTARA', '', '', '', '', 'PT. MORADON BERLIAN SAKTI', 'JL. AGUNG KARYA II BLOK D/12A SUNTER AGUNG TJ PRIOK - JAKARTA UTARA', '01.372.721.9-025.000'),
(32, '00032', '', 'PT. PANASIA FILAMENT INTI TBK', '', 'JL. GARUDA NO. 153/74 KEC. ANDIR BANDUNG- BANDUNG 40184', '', '', '', '', 'PT. PANASIA FILAMENT INTI TBK', 'JL. GARUDA NO. 153/74 KEC. ANDIR BANDUNG- BANDUNG 40184', '01.450.230.6-054.000'),
(33, '00033', '', 'PT. PANJI DANANJAYA', '', 'KRIKILAN- MASARAN- SRAGEN- JAWA TENGAH ', '', '', '', '', 'PT. PANJI DANANJAYA', 'KRIKILAN- MASARAN- SRAGEN- JAWA TENGAH ', '01.515.329.9.528.000'),
(34, '00034', '', 'PT. PELANGI CIMANDIRI TEXTILE', '', 'JL. JABABEKA VI BLOK W 1-2 CIKARANG INDUSTRIAL ESTATE CIKARANG - BEKASI 17530', '', '', '', '', 'PT. PELANGI CIMANDIRI TEXTILE', 'JL. JABABEKA VI BLOK W 1-2 CIKARANG INDUSTRIAL ESTATE CIKARANG - BEKASI 17530', '01.611.024.9-414.000'),
(35, '00035', '', 'PT. PRIMA RAJULI SUKSES', '', 'JL. FACHRUDIN NO. 16 KAMPUNG BALI TANAH ABANG - JAKARTA PUSAT', '', '', '', '', 'PT. PRIMA RAJULI SUKSES', 'JL. FACHRUDIN NO. 16 KAMPUNG BALI TANAH ABANG - JAKARTA PUSAT', '01.340.217.7-073.000'),
(36, '00036', '', 'PT. RAPISARANA TEXPRO', '', 'JL. PANCASILA NO. 100 GUNUNG PUTRI- GUNUNG PUTRI - BOGOR', '', '', '', '', 'PT. RAPISARANA TEXPRO', 'JL. PANCASILA NO. 100 GUNUNG PUTRI- GUNUNG PUTRI - BOGOR', '01.703.846.4-403.000'),
(37, '00037', '', 'PT. SAFARIJUNIE TEXTINDO INDUSTRY', '', 'JL. RAYA SOLO - SEMARANG KM. 15 DS. KETAON BANYUDONO BOYOLALI   ', '', '', '', '', 'PT. SAFARIJUNIE TEXTINDO INDUSTRY', 'JL. RAYA SOLO - SEMARANG KM. 15 DS. KETAON BANYUDONO BOYOLALI   ', '01.490.765.3-526.000'),
(38, '00038', '', 'PT. SAHID DETOLINE TEXTILE', '', 'KELAPA DUA- TUGU CIMANGGIS DEPOK - INDONESIA', '', '', '', '', 'PT. SAHID DETOLINE TEXTILE', 'KELAPA DUA- TUGU CIMANGGIS DEPOK - INDONESIA', '01.131.452.3-412.000'),
(39, '00039', '', 'PT. SANKYO INDONESIA', '', 'KAWASAN INDUSTRI MM2100 BLOK N-12A- NO. 14-15  CIKARANG BARAT - BEKASI 17520', '', '', '', '', 'PT. SANKYO INDONESIA', 'KAWASAN INDUSTRI MM2100 BLOK N-12A- NO. 14-15  CIKARANG BARAT - BEKASI 17520', '02.198.999.1-413.000'),
(40, '00040', '', 'PT. SHINTA WOO SUNG', '', 'JL. RAYA KOPO - MAJA KM. 1 GABUS KOPO SERANG - BANTEN    ', '', '', '', '', 'PT. SHINTA WOO SUNG', 'JL. RAYA KOPO - MAJA KM. 1 GABUS KOPO SERANG - BANTEN    ', ' 01.069.295.2-057.000'),
(41, '00041', '', 'PT. STRETCHLINE', '', 'JL. PEMBANGUNAN II NO.32 BATUSARI BATUCEPER - TANGERANG', '', '', '', '', 'PT. STRETCHLINE', 'JL. PEMBANGUNAN II NO.32 BATUSARI BATUCEPER - TANGERANG', '02.026.517.9-057.000'),
(42, '00042', '', 'PT. SUNJIN SEJAHTERA', '', 'JL. RAYA SERANG KM. 68 KAWASAN INDUSTRI MODERN CIKANDE NAMBOILIR KIBIN SERANG BANTEN 42185', '', '', '', '', 'PT. SUNJIN SEJAHTERA', 'JL. RAYA SERANG KM. 68 KAWASAN INDUSTRI MODERN CIKANDE NAMBOILIR KIBIN SERANG BANTEN 42185', '01.605.930.5-401.000'),
(43, '00043', '', 'PT. TIGA MANUNGGAL SYNTHETIC INDUSTRIES', '', 'JL. GATOT SUBROTO KAV. 22 WISMA ARGO MANUNGGAL LT. 11 JAKARTA SELATAN', '', '', '', '', 'PT. TIGA MANUNGGAL SYNTHETIC INDUSTRIES', 'JL. GATOT SUBROTO KAV. 22 WISMA ARGO MANUNGGAL LT. 11 JAKARTA SELATAN', '01.000.551.0-057.000'),
(44, '00044', '', 'PT. TOYOBO KNITTING INDONESIA', '', 'JL. MALIGII LOT. B-3- KAWASAN INDUSTRI KIIC- DESA SUKALUYU TELUK JAMBE TIMUR- KARAWANG- JAWA BARAT 41361', '', '', '', '', 'PT. TOYOBO KNITTING INDONESIA', 'JL. MALIGII LOT. B-3- KAWASAN INDUSTRI KIIC- DESA SUKALUYU TELUK JAMBE TIMUR- KARAWANG- JAWA BARAT 41361', '01.071.045.7-057.000'),
(45, '00045', '', 'PT. TRISULA TEXTILE INDUSTRIES', '', 'JL. LEUWIGAJAH NO.120/170 CIGUGUR TENGAH CIMAHI TENGAH KABUPATEN BANDUNG ', '', '', '', '', 'PT. TRISULA TEXTILE INDUSTRIES', 'JL. LEUWIGAJAH NO.120/170 CIGUGUR TENGAH CIMAHI TENGAH KABUPATEN BANDUNG ', '01.118.564.2-441.000'),
(46, '00046', '', 'PT. TSUNAMI SANTOSO', '', 'TEGALREJO RT. 01 RW. 01 DAGEN JATEN KARANGANYAR  57771', '', '', '', '', 'PT. TSUNAMI SANTOSO', 'TEGALREJO RT. 01 RW. 01 DAGEN JATEN KARANGANYAR  57771', '01.705.569.0-528.000'),
(47, '00047', '', 'PT. YAMAHA INDONESIA MOTOR MFG', '', 'JALAN DR. KRT. RADJIMAN WIDYODININGRAT RT/RW:009/06 RAWA TERATE CAKUNG - JAKARTA TIMUR 13920', '', '', '', '', 'PT. YAMAHA INDONESIA MOTOR MFG', 'JALAN DR. KRT. RADJIMAN WIDYODININGRAT RT/RW:009/06 RAWA TERATE CAKUNG - JAKARTA TIMUR 13920', '01.000.554.4-092.000'),
(48, '00048', '', 'PT. TRINUNGGAL KOMARA', '', 'JL. KH. ZAINUL ARIFIN NO. 30 C-D TANAH SEREAL TAMBORA JAKARTA BARAT 11210 ', '', '', '', '', 'PT. TRINUNGGAL KOMARA', 'JL. KH. ZAINUL ARIFIN NO. 30 C-D TANAH SEREAL TAMBORA JAKARTA BARAT 11210 ', '01.319.732.2-038.000'),
(49, '00049', '', 'WAWANG TEJALAKSANA', '', 'JL. TOBLONG 51 MAJALAYA', '', '', '', '', 'WAWANG TEJALAKSANA', 'JL. TOBLONG 51 MAJALAYA', '04.042.534.0-444.000'),
(50, '00050', '', 'CV. SANDANG SARI ', '', 'JL. JEND. AH NASUTION  RT. 001 RW. 010 NO. 105A SINDANGJAYA MANDALAJATI KOTA BANDUNG - 00000', '', '', '', '', 'CV. SANDANG SARI ', 'JL. JEND. AH NASUTION  RT. 001 RW. 010 NO. 105A SINDANGJAYA MANDALAJATI KOTA BANDUNG - 00000', '01.118.411.6-441.000'),
(51, '00051', '', 'CV. SINERGA INDONESIA', '', 'JL. SAWUNGGALING SELATAN NO. 25 RT/RW : 01/14 PADANGSARI BANYUMANIK SEMARANG 50267  ', '', '', '', '', 'CV. SINERGA INDONESIA', 'JL. SAWUNGGALING SELATAN NO. 25 RT/RW : 01/14 PADANGSARI BANYUMANIK SEMARANG 50267  ', '01.834.275.8-508.000'),
(52, '00052', '', 'LIE KIAN SENG', '', 'JL. KOPO KATAPANG 168 RT. 03 RW. 01 KATAPANG KATAPANG - KAB. BANDUNG                                                   ', '', '', '', '', 'LIE KIAN SENG', 'JL. KOPO KATAPANG 168 RT. 03 RW. 01 KATAPANG KATAPANG - KAB. BANDUNG                                                   ', '07.083.480.9-445.000'),
(53, '00053', '', 'PT. PULOGADUNG TEMPAJAYA', '', 'JL.PULOGADUNG NO. 12 KIP RAWATERATE CAKUNG JAKARTA TIMUR', '', '', '', '', 'PT. PULOGADUNG TEMPAJAYA', 'JL.PULOGADUNG NO. 12 KIP RAWATERATE CAKUNG JAKARTA TIMUR', '01.628.574.4-007.000'),
(54, '00055', '', 'PT. BHAKTI PANCAWARNA SOLO', '', 'KOMP. GRIYA BANDUNG INDAH BLOK. C10 NO.24 BANDUNG', '', '', '', '', 'PT. BHAKTI PANCAWARNA SOLO', 'KOMP. GRIYA BANDUNG INDAH BLOK. C10 NO.24 BANDUNG', ''),
(55, '00056', '', 'PT. FEDERAL NITTAN INDUSTRIES', '', 'JL.HALMAHERA BLOK DD-9 KWSN.INDUSTRI MM 2100 DANAU INDAH CIKARANG BARAT- BEKASI 17520', '', '', '', '', 'PT. FEDERAL NITTAN INDUSTRIES', 'JL.HALMAHERA BLOK DD-9 KWSN.INDUSTRI MM 2100 DANAU INDAH CIKARANG BARAT- BEKASI 17520', '01.071.063.0-055.000'),
(56, '00057', '', 'CV. PELANGI INDAH ABADI', '', 'HOS COKROAMINOTO NO. 8 RT. 04 RW. 10 LARANGAN UTARA LARANGAN - TANGERANG', '', '', '', '', 'CV. PELANGI INDAH ABADI', 'HOS COKROAMINOTO NO. 8 RT. 04 RW. 10 LARANGAN UTARA LARANGAN - TANGERANG', '02.420.115.4-416.000'),
(57, '00058', '', 'PT. ADO INTERNATIONAL', '', 'JL. CIBEUREUM- DS. WANTILAN CIPEUNDEUY SUBANG - JAWA BARAT 41272', '', '', '', '', 'PT. ADO INTERNATIONAL', 'JL. CIBEUREUM- DS. WANTILAN CIPEUNDEUY SUBANG - JAWA BARAT 41272', '01.824.260.2-057.000'),
(58, '00059', '', 'JM PASIRINDO', '', ' WANAHERANG - BOGOR.', '', '', '', '', 'JM PASIRINDO', ' WANAHERANG - BOGOR.', ''),
(59, '00060', '', 'PT. TIARA UTAMA LAUNDRY', '', 'KP. BOJONG- CICADAS GUNUNG PUTRI BOGOR - JAWA BARAT', '', '', '', '', 'PT. TIARA UTAMA LAUNDRY', 'KP. BOJONG- CICADAS GUNUNG PUTRI BOGOR - JAWA BARAT', '02.170.707.0-403.000'),
(60, '00061', '', 'PT. VARIANTEXTINDO', '', 'JL. RAYA KEMLATEN 12 C SURABAYA ', '', '', '', '', 'PT. VARIANTEXTINDO', 'JL. RAYA KEMLATEN 12 C SURABAYA ', ''),
(61, '00062', '', 'UD. SANDA PERMAI', '', 'JALAN RAYA KLETEK NO.110 SEPANJANG SURABAYA', '', '', '', '', 'UD. SANDA PERMAI', 'JALAN RAYA KLETEK NO.110 SEPANJANG SURABAYA', ''),
(62, '00063', '', 'PT. GUNUNG SARI', '', 'SURABAYA ', '', '', '', '', 'PT. GUNUNG SARI', 'SURABAYA ', ''),
(63, '00064', '', 'PT. ATLAS INDONUSA LESTARI', '', 'LEMAHABANG BANDUNGAN KM. 2 NO. RT. 002 RW. 007 KEL. BERGAS LOR KEC. BERGAS', '', '', '', '', 'PT. ATLAS INDONUSA LESTARI', 'LEMAHABANG BANDUNGAN KM. 2 NO. RT. 002 RW. 007 KEL. BERGAS LOR KEC. BERGAS', '70.179.048.7-505.000'),
(64, '00065', '', 'PT. KURIOS UTAMA', '', 'JL. RAYA UNGARAN BAWEN KM. 9 KLEPU DSN. SENDEN - DS. JATI JAJAR BERGAS KAB. SEMARANG JAWA TENGAH 50000', '', '', '', '', 'PT. KURIOS UTAMA', 'JL. RAYA UNGARAN BAWEN KM. 9 KLEPU DSN. SENDEN - DS. JATI JAJAR BERGAS KAB. SEMARANG JAWA TENGAH 50000', '01.936.451.2-505.000'),
(65, '00066', '', 'PT. PERMATA ERA DUASATU', '', 'JL. PEMBANGUNAN 1 NO. 73 RT/RW: 000/000 BATUSARI BATUCEPER - TANGERANG 15122', '', '', '', '', 'PT. PERMATA ERA DUASATU', 'JL. PEMBANGUNAN 1 NO. 73 RT/RW: 000/000 BATUSARI BATUCEPER - TANGERANG 15122', '01.931.062.2-416.000'),
(66, '00067', '', 'PT. HANKEL KREASINDO', '', 'JL. INDUSTRI RAYA II BLOK. C NO. 2 TANGERANG', '', '', '', '', 'PT. HANKEL KREASINDO', 'JL. INDUSTRI RAYA II BLOK. C NO. 2 TANGERANG', ''),
(67, '00068', '', 'PT. SURYA BARUTAMA MANDIRI', '', 'JL. DAAN MOGOT KM. 12-9 NO. 66 JAKARTA  BARAT ', '', '', '', '', 'PT. SURYA BARUTAMA MANDIRI', 'JL. DAAN MOGOT KM. 12-9 NO. 66 JAKARTA  BARAT ', '01.392.577.1-038.000'),
(68, '00069', '', 'PT. RAPHAELINDO NUSANTARA', '', 'JL. KARYA LOGAM RT/RW : 05/05 JATIMULYA TAMBUN - BEKASI 17510', '', '', '', '', 'PT. RAPHAELINDO NUSANTARA', 'JL. KARYA LOGAM RT/RW : 05/05 JATIMULYA TAMBUN - BEKASI 17510', '01.994.374.5-435.000'),
(69, '00070', '', 'PT. SANDATEX WENPINDO', '', 'KP.GELAM RT/RW : 03/01 KUTAJAYA PASAR KEMIS  - TANGERANG', '', '', '', '', 'PT. SANDATEX WENPINDO', 'KP.GELAM RT/RW : 03/01 KUTAJAYA PASAR KEMIS  - TANGERANG', '02.607.743.8-418.000'),
(70, '00071', '', 'PT. KOKOH IDOLA MENAWAN', '', 'JL. BAROKAH- KP. PARUNGDENGDEK WANAHERANG  BOGOR 16965', '', '', '', '', 'PT. KOKOH IDOLA MENAWAN', 'JL. BAROKAH- KP. PARUNGDENGDEK WANAHERANG  BOGOR 16965', '01.671.089.9-403.000'),
(71, '00072', '', 'PT. AMEYA LIVINGSTYLE INDONESIA', '', 'DUSUN GUPAKWARAK- KEL. SENDANGSARI KEC. PAJANGAN KAB. BANTUL D I YOGYAKARTA 55751', '', '', '', '', 'PT. AMEYA LIVINGSTYLE INDONESIA', 'DUSUN GUPAKWARAK- KEL. SENDANGSARI KEC. PAJANGAN KAB. BANTUL D I YOGYAKARTA 55751', '02.419.303.9-543.000'),
(72, '00073', '', 'PT. SETIALIM GUNUNGSARI', '', 'DESA CANGKIR- CANGKIR DRIYOREJO GRESIK', '', '', '', '', 'PT. SETIALIM GUNUNGSARI', 'DESA CANGKIR- CANGKIR DRIYOREJO GRESIK', '01.440.015.4-642.000'),
(74, '00075', '', 'YULI PKL', '', 'PEKALONGAN ', '', '', '', '', 'YULI PKL', 'PEKALONGAN ', ''),
(75, '00076', '', 'RUKUN JAYA.M', '', 'SOLO ', '', '', '', '', 'RUKUN JAYA.M', 'SOLO ', ''),
(76, '00077', '', 'RADIANT LAUNDRY', '', 'TEGAL REJO RT 03/ RWXI DAGEN JATEN KARANGANYAR', '', '', '', '', 'RADIANT LAUNDRY', 'TEGAL REJO RT 03/ RWXI DAGEN JATEN KARANGANYAR', ''),
(77, '00078', '', 'PT. ARTA MITRA', '', ' ', '', '', '', '', 'PT. ARTA MITRA', ' ', ''),
(78, '00079', '', 'PT. SAMUDRA PALAPA', '', ' ', '', '', '', '', 'PT. SAMUDRA PALAPA', ' ', ''),
(79, '00080', '', 'PT. MULIA SRIKANDI', '', ' ', '', '', '', '', 'PT. MULIA SRIKANDI', ' ', ''),
(80, '00082', '', 'PT. GLOBAL', '', ' ', '', '', '', '', 'PT. GLOBAL', ' ', ''),
(81, '00083', '', 'PT. SANDANG SARI', '', ' ', '', '', '', '', 'PT. SANDANG SARI', ' ', ''),
(82, '00084', '', 'PT. LAUTAN LUAS TBK', '', 'GEDUNG GRAHA INDRAMAS LT. 6 - 12- JL. AIP II KS TUBUN RAYA NO. 77SLIPI PALMERAH - JAKARTA BARAT 11410', '', '', '', '', 'PT. LAUTAN LUAS TBK', 'GEDUNG GRAHA INDRAMAS LT. 6 - 12- JL. AIP II KS TUBUN RAYA NO. 77SLIPI PALMERAH - JAKARTA BARAT 11410', '01.315.900.9-054.000'),
(83, '00085', '', 'PT. SAINANTH INDUSTRIES', '', 'JL. PELABUHAN NUSANTARA II EPZ BLOK B2 EPZ AREA TANJUNG PRIOK JAKARTA UTARA', '', '', '', '', 'PT. SAINANTH INDUSTRIES', 'JL. PELABUHAN NUSANTARA II EPZ BLOK B2 EPZ AREA TANJUNG PRIOK JAKARTA UTARA', '01.000.274.9-057.000'),
(84, '00086', '', 'CV. DUL HAQ', '', ' ', '', '', '', '', 'CV. DUL HAQ', ' ', ''),
(85, '00087', '', 'CV. INDRADHANU', '', 'JL. RAYA DRIYOREJO NO. 173 DRIYOREJO DRIYOREJO - GRESIK 61177', '', '', '', '', 'CV. INDRADHANU', 'JL. RAYA DRIYOREJO NO. 173 DRIYOREJO DRIYOREJO - GRESIK 61177', '01.860.758.0-642.000'),
(86, '00088', '', 'CV. RUDPANS MEKAR', '', 'DESA KENTENG RT/RW : 02/08 KENTENG AMBARAWA KABUPATEN SEMARANG', '', '', '', '', 'CV. RUDPANS MEKAR', 'DESA KENTENG RT/RW : 02/08 KENTENG AMBARAWA KABUPATEN SEMARANG', '01.936.753.3-505.000'),
(87, '00151', '', 'PT. BIMATEX', '', ' ', '', '', '', '', 'PT. BIMATEX', ' ', ''),
(88, '00152', '', 'PT. AGUNG CEMERLANG', '', ' ', '', '', '', '', 'PT. AGUNG CEMERLANG', ' ', ''),
(89, '00153', '', 'HARTONO DJAJADI', '', 'JL. RAYA BOGEM PRIGEN - PASURUAN ', '', '', '', '', 'HARTONO DJAJADI', 'JL. RAYA BOGEM PRIGEN - PASURUAN ', '06.036.069.0-624.000'),
(90, '00155', '', 'INTERNUSA B', '', 'MOJOKERTO ', '', '', '', '', 'INTERNUSA B', 'MOJOKERTO ', ''),
(91, '00156', '', 'PT. SUTRAJAYA INDAHTAMA', '', 'JL. RAYA KLUDAN NO. 31 KLUDAN TANGGULANGIN - SIDOARJO 61272', '', '', '', '', 'PT. SUTRAJAYA INDAHTAMA', 'JL. RAYA KLUDAN NO. 31 KLUDAN TANGGULANGIN - SIDOARJO 61272', '01.661.609.6-617.000'),
(92, '00157', '', 'PT. GOLDEN METAL INDUSTRIES', '', 'JL. PASIR LAYUNG UTARA 1 NO. 8 BANDUNG ', '', '', '', '', 'PT. GOLDEN METAL INDUSTRIES', 'JL. PASIR LAYUNG UTARA 1 NO. 8 BANDUNG ', '02.778.751.4.423.000'),
(93, '00158', '', 'PT. MAJATEX', '', ' ', '', '', '', '', 'PT. MAJATEX', ' ', ''),
(94, '00159', '', 'PT. SUNGWOO INDONESIA', '', 'JL. MAYJEN SUNGKONO GG XVI PRAMBANGAN KEBOMAS GRESIK JAWA TIMUR', '', '', '', '', 'PT. SUNGWOO INDONESIA', 'JL. MAYJEN SUNGKONO GG XVI PRAMBANGAN KEBOMAS GRESIK JAWA TIMUR', '01.082.926.5-641.000'),
(95, '00160', '', 'PT. HISOTEX', '', 'JL. DAAN MOGOT RAYA 14 JAKARTA PUSAT ', '', '', '', '', 'PT. HISOTEX', 'JL. DAAN MOGOT RAYA 14 JAKARTA PUSAT ', '01.002.265.5-038.000'),
(96, '00161', '', 'PT. TAEHAN TEXTILE', '', 'KP. PABUARAN- PABUARAN CIBINONG BOGOR JAWA BARAT', '', '', '', '', 'PT. TAEHAN TEXTILE', 'KP. PABUARAN- PABUARAN CIBINONG BOGOR JAWA BARAT', '01.081.379.8-057.000'),
(97, '00162', '', 'PT. ASTRON OPTINDO INDUSTRIES', '', 'JL.PETAK BARU NO. 58 ROA MALAKA TAMBORA - JAKARTA BARAT', '', '', '', '', 'PT. ASTRON OPTINDO INDUSTRIES', 'JL.PETAK BARU NO. 58 ROA MALAKA TAMBORA - JAKARTA BARAT', '01.578.529.8-038.000'),
(98, '00163', '', 'PT. CANVAS INDUSTRI INDONESIA', '', 'JL. RAYA CIKAMPEK KM. 5 KLARI- KLARI KARAWANG', '', '', '', '', 'PT. CANVAS INDUSTRI INDONESIA', 'JL. RAYA CIKAMPEK KM. 5 KLARI- KLARI KARAWANG', '01.000.618.7-433.000'),
(99, '00164', '', 'PT. JAYA LAKSANA', '', ' ', '', '', '', '', 'PT. JAYA LAKSANA', ' ', ''),
(100, '00165', '', 'PT. TJIMINDI SUBUR', '', 'JL. RAYA CIMINDI NO. 88 CIMAHI - CIMAHI TENGAH BANDUNG 40525', '', '', '', '', 'PT. TJIMINDI SUBUR', 'JL. RAYA CIMINDI NO. 88 CIMAHI - CIMAHI TENGAH BANDUNG 40525', '01.118.553.5-421.000'),
(101, '00166', '', 'PT. GLORY INDUSTRIAL SEMARANG', '', 'JL. DUSUN SECANG RT.01 RW.01 DESA SAMBAN RT. RW. BAWEN', '', '', '', '', 'PT. GLORY INDUSTRIAL SEMARANG', 'JL. DUSUN SECANG RT.01 RW.01 DESA SAMBAN RT. RW. BAWEN', '02.192.905.4-057.000'),
(102, '00168', '', 'PT. SORAYA', '', 'SEMARANG ', '', '', '', '', 'PT. SORAYA', 'SEMARANG ', ''),
(103, '00169', '', 'PT. BINTANG MITRA TEXTINDO', '', 'JL. RAYA BANJARAN KM. 15- SUKASARI- PAMEUNGPEUK- KABUPATEN BANDUNG JAWA BARAT', '', '', '', '', 'PT. BINTANG MITRA TEXTINDO', 'JL. RAYA BANJARAN KM. 15- SUKASARI- PAMEUNGPEUK- KABUPATEN BANDUNG JAWA BARAT', '01.104.355.1-441.000'),
(104, '00171', '', 'PT. INKALI ( INDONESIA NIKKA CHEMICALS )', '', 'JL. MALIGI 2 LOT E-3- KAW. KIIC- TELUKJAMBE SUKALUYU TELUKJAMBE - KARAWANG 41361', '', '', '', '', 'PT. INKALI ( INDONESIA NIKKA CHEMICALS )', 'JL. MALIGI 2 LOT E-3- KAW. KIIC- TELUKJAMBE SUKALUYU TELUKJAMBE - KARAWANG 41361', '01.002.672.2-052.000'),
(105, '00172', '', 'PT. MAYER INDAH INDONESIA', '', 'JL. RAYA JAKARTA - BOGOR KM. 39 CILANGKAP - CIMANGGIS DEPOK - JAWA BARAT', '', '', '', '', 'PT. MAYER INDAH INDONESIA', 'JL. RAYA JAKARTA - BOGOR KM. 39 CILANGKAP - CIMANGGIS DEPOK - JAWA BARAT', '01.105.438.4-412.000'),
(106, '00173', '', 'PT. STARLIGHT GARMENT SEMARANG', '', 'JL. TEGALPANAS JIMBARAN DUSUN SECANG SAMBAN KAB. SEMARANG 50661', '', '', '', '', 'PT. STARLIGHT GARMENT SEMARANG', 'JL. TEGALPANAS JIMBARAN DUSUN SECANG SAMBAN KAB. SEMARANG 50661', '02.253.880.5-505.000'),
(107, '00175', '', 'PT. CNJ', '', 'BOYOLALI ', '', '', '', '', 'PT. CNJ', 'BOYOLALI ', ''),
(108, '00177', '', 'SINAR AGUNG SENTOSA', '', ' ', '', '', '', '', 'SINAR AGUNG SENTOSA', ' ', ''),
(109, '00178', '', 'SINAR SURYA UTAMA', '', ' ', '', '', '', '', 'SINAR SURYA UTAMA', ' ', ''),
(110, '00179', '', 'PT. SINAR DOMAS', '', ' ', '', '', '', '', 'PT. SINAR DOMAS', ' ', ''),
(111, '00180', '', 'PT. WIRATAMA PRIMA TEXTILE INDO', '', 'JL. RAYA RANCAEKEK KM. 25- CANGKUANG- RANCAEKEK KAB. BANDUNG- JAWA BARAT 40394', '', '', '', '', 'PT. WIRATAMA PRIMA TEXTILE INDO', 'JL. RAYA RANCAEKEK KM. 25- CANGKUANG- RANCAEKEK KAB. BANDUNG- JAWA BARAT 40394', '02.064.497.7-444.000'),
(112, '00181', '', 'YANUS', '', 'SOLO ', '', '', '', '', 'YANUS', 'SOLO ', ''),
(113, '00182', '', 'PT. PAPYRUS SAKTI', '', 'JL. TOMANG RAYA TERUSAN KAV. 71 - 73 TOMANG GROGOL PETAMBURAN- JAKARTA BARAT - DKI JAKARTA', '', '', '', '', 'PT. PAPYRUS SAKTI', 'JL. TOMANG RAYA TERUSAN KAV. 71 - 73 TOMANG GROGOL PETAMBURAN- JAKARTA BARAT - DKI JAKARTA', '01.118.535.2-052.000'),
(114, '00183', '', 'PT. PRABHA SRI UTAMA EMBRIODERY TEXTILE INDUSTRY', '', 'JL. DIAN PERMAI RAYA B - 5 NO. 10 BANDUNG', '', '', '', '', 'PT. PRABHA SRI UTAMA EMBRIODERY TEXTILE INDUSTRY', 'JL. DIAN PERMAI RAYA B - 5 NO. 10 BANDUNG', '01.104.724.8-422.000'),
(115, '00184', '', 'CV. LAKSANA KURNIA', '', 'CIKUPA - TANGERANG ', '', '', '', '', 'CV. LAKSANA KURNIA', 'CIKUPA - TANGERANG ', ''),
(116, '00185', '', 'CV. AFANTEX', '', 'JL. RAYA SOLO SRAGEN KM.9-5 BRUJUL JATEN-KARANGANYAR', '', '', '', '', 'CV. AFANTEX', 'JL. RAYA SOLO SRAGEN KM.9-5 BRUJUL JATEN-KARANGANYAR', '01.444.740.3-528.000'),
(117, '00186', '', 'CENTRAL JAVA', '', 'BOYOLALI ', '', '', '', '', 'CENTRAL JAVA', 'BOYOLALI ', ''),
(118, '00187', '', 'BOWO', '', 'PEKALONGAN ', '', '', '', '', 'BOWO', 'PEKALONGAN ', ''),
(119, '00188', '', 'CV. MANDIRI BERKARYA', '', ' ', '', '', '', '', 'CV. MANDIRI BERKARYA', ' ', ''),
(120, '00189', '', 'MARTHAS', '', ' ', '', '', '', '', 'MARTHAS', ' ', ''),
(121, '00190', '', 'MULYA JAYA', '', ' ', '', '', '', '', 'MULYA JAYA', ' ', ''),
(122, '00191', '', 'PT. ANUGRAH MANDIRI', '', 'JL.MADARASAH NO.67-69 KEBUN JERUK JAKARTA BARAT', '', '', '', '', 'PT. ANUGRAH MANDIRI', 'JL.MADARASAH NO.67-69 KEBUN JERUK JAKARTA BARAT', ''),
(123, '00192', '', 'PT. HASTRATAMA KARISMA', '', 'JL. INDUSTRI RAYA I BLOK F NO. 5 RT. 001 / 002 PASIR JAYA- JATI UWUNG TANGERANG', '', '', '', '', 'PT. HASTRATAMA KARISMA', 'JL. INDUSTRI RAYA I BLOK F NO. 5 RT. 001 / 002 PASIR JAYA- JATI UWUNG TANGERANG', '01.528.804.6-402.000'),
(124, '00193', '', 'PT. KENCANA PRINT', '', ' ', '', '', '', '', 'PT. KENCANA PRINT', ' ', ''),
(125, '00194', '', 'RJM', '', 'SOLO ', '', '', '', '', 'RJM', 'SOLO ', ''),
(126, '00195', '', 'PT. SHITATEX', '', ' ', '', '', '', '', 'PT. SHITATEX', ' ', ''),
(127, '00196', '', 'PT. DUTA ANANDA UTAMA TEKSTIL', '', 'DESA PEKAJANGAN GANG IV NO. 99 PEKAJANGAN KEDUNGWUNI KAB. PEKALONGAN JAWA TENGAH', '', '', '', '', 'PT. DUTA ANANDA UTAMA TEKSTIL', 'DESA PEKAJANGAN GANG IV NO. 99 PEKAJANGAN KEDUNGWUNI KAB. PEKALONGAN JAWA TENGAH', '01.619.962.2-511.000'),
(128, '00197', '', 'PT. WANKA APPERINDO', '', ' ', '', '', '', '', 'PT. WANKA APPERINDO', ' ', ''),
(129, '00198', '', 'CAKRAWALA', '', 'MOJOSONGO SOLO ', '', '', '', '', 'CAKRAWALA', 'MOJOSONGO SOLO ', ''),
(130, '00199', '', 'PT. WIKA INTINUSA NIAGATAMA', '', 'JL. KAYU PUTIH V BLOK C NO. 11 RT. 003 / 006 JAKARTA TIMUR 13260', '', '', '', '', 'PT. WIKA INTINUSA NIAGATAMA', 'JL. KAYU PUTIH V BLOK C NO. 11 RT. 003 / 006 JAKARTA TIMUR 13260', '02.436.298.0-003.000'),
(131, '00200', '', 'PT. LEADER WEAVING', '', 'JL.INDUSTRI RAYA 1 BLOK H NO. 9 PASIR JAYA - JATIUWUNG TANGERANG BANTEN', '', '', '', '', 'PT. LEADER WEAVING', 'JL.INDUSTRI RAYA 1 BLOK H NO. 9 PASIR JAYA - JATIUWUNG TANGERANG BANTEN', '01.313.840.9-402.000'),
(132, '00201', '', 'CV. PRIA TAMPAN', '', 'TEGAL SARI RT.03 RW.01 BUMI LAWEYAN- SURAKARTA', '', '', '', '', 'CV. PRIA TAMPAN', 'TEGAL SARI RT.03 RW.01 BUMI LAWEYAN- SURAKARTA', '21.005.784.0-526.000'),
(133, '00202', '', 'MKCM', '', 'JALAN RAYA KARANG MALANG RT 03/ 04 PEKALONGAN ', '', '', '', '', 'MKCM', 'JALAN RAYA KARANG MALANG RT 03/ 04 PEKALONGAN ', ''),
(134, '00203', '', 'PT. KAISA FORMOSA', '', 'KAMPUNG BULAKAN RT. 006 RW. 03 BITUNG JAYA CIKUPA - TANGERANG', '', '', '', '', 'PT. KAISA FORMOSA', 'KAMPUNG BULAKAN RT. 006 RW. 03 BITUNG JAYA CIKUPA - TANGERANG', '01.356.234.3-059.000'),
(135, '00204', '', 'PT. CLASSIC PRIMA CARPET INDUSTRIES', '', 'JL.RUNGKUT INDUSTRI II NO. 39 KALIRUNGKUT - SURABAYA JAWA TIMUR 00000', '', '', '', '', 'PT. CLASSIC PRIMA CARPET INDUSTRIES', 'JL.RUNGKUT INDUSTRI II NO. 39 KALIRUNGKUT - SURABAYA JAWA TIMUR 00000', '01.231.841.6-631.000'),
(136, '00205', '', 'CV. DIDIK', '', 'PEKALONGAN ', '', '', '', '', 'CV. DIDIK', 'PEKALONGAN ', ''),
(137, '00206', '', 'PT. WASTEX', '', ' ', '', '', '', '', 'PT. WASTEX', ' ', ''),
(138, '00208', '', 'PT. ASIA LAUNDRY', '', ' WANAHERANG - BOGOR.', '', '', '', '', 'PT. ASIA LAUNDRY', ' WANAHERANG - BOGOR.', ''),
(139, '00209', '', 'PT. FUJITA INDONESIA', '', 'JL. MALIGI III LOT N-3A KAWASAN INDUSTRI KIIC TELUKJAMBE - TELUKJAMBE KARAWANG 41361', '', '', '', '', 'PT. FUJITA INDONESIA', 'JL. MALIGI III LOT N-3A KAWASAN INDUSTRI KIIC TELUKJAMBE - TELUKJAMBE KARAWANG 41361', '02.165.396.9-431.000'),
(140, '00210', '', 'PT. ARGO MANUNGGAL TRIASTA', '', 'WISMA ARGO MANUNGGAL JL. JEND.KAV. GATOT SUBROTO NO. 22 SEMANGGI - SETIA BUDI JAKARTA SELATAN- DKI JAKARTA 00000', '', '', '', '', 'PT. ARGO MANUNGGAL TRIASTA', 'WISMA ARGO MANUNGGAL JL. JEND.KAV. GATOT SUBROTO NO. 22 SEMANGGI - SETIA BUDI JAKARTA SELATAN- DKI JAKARTA 00000', '01.301.268.7-062.000'),
(141, '00211', '', 'PT. ARYATAMA NUGRAHA', '', 'KP. BABAKAN RAWAHAUR RT. 001 RW. 006 SENTUL BABAKAN MADANG - BOGOR', '', '', '', '', 'PT. ARYATAMA NUGRAHA', 'KP. BABAKAN RAWAHAUR RT. 001 RW. 006 SENTUL BABAKAN MADANG - BOGOR', '02.380.536.9-403.000'),
(142, '00212', '', 'BPK. ENCIONG', '', 'JL. KARET 2 NO. 11 KOMP. BATIK LIPO CIKARANG', '', '', '', '', 'BPK. ENCIONG', 'JL. KARET 2 NO. 11 KOMP. BATIK LIPO CIKARANG', ''),
(143, '00213', '', 'PT. STAR SPECIALTY CHEMICALS INDONESIA', '', 'JL.JABABEKA IV BLOK T-5 B KAWASAN INDUSTRI JABABEKA - PASIR GOMBONG CIKARANG UTARA', '', '', '', '', 'PT. STAR SPECIALTY CHEMICALS INDONESIA', 'JL.JABABEKA IV BLOK T-5 B KAWASAN INDUSTRI JABABEKA - PASIR GOMBONG CIKARANG UTARA', '21.085.890.8-414.000'),
(144, '00214', '', 'LA BOSH', '', 'YOGYAKARTA ', '', '', '', '', 'LA BOSH', 'YOGYAKARTA ', ''),
(145, '00215', '', 'PT. SAI GARMENTS INDUSTRIES', '', 'KBN JL. BRIGJEN SUDIARTO KM. 12 SEMARANG 50194', '', '', '', '', 'PT. SAI GARMENTS INDUSTRIES', 'KBN JL. BRIGJEN SUDIARTO KM. 12 SEMARANG 50194', '02.193.197.7-057.000'),
(146, '00216', '', 'RACHMAN', '', 'SOLO ', '', '', '', '', 'RACHMAN', 'SOLO ', ''),
(147, '00217', '', 'IBU NINIK', '', 'TANGERANG ', '', '', '', '', 'IBU NINIK', 'TANGERANG ', ''),
(148, '00218', '', 'PT. GOLDEN LAND', '', 'JL. RAYA BUBAKAN RT.001/RW 001 BUBAKAN MIJEN SEMARANG', '', '', '', '', 'PT. GOLDEN LAND', 'JL. RAYA BUBAKAN RT.001/RW 001 BUBAKAN MIJEN SEMARANG', '21.049.436.5-503.000'),
(149, '00219', '', 'PT. MULTI GARMENJAYA', '', 'JL. KRAWANG NO. 1 KEBONWARU BATUNUNGGAL BANDUNG - JAWA BARAT', '', '', '', '', 'PT. MULTI GARMENJAYA', 'JL. KRAWANG NO. 1 KEBONWARU BATUNUNGGAL BANDUNG - JAWA BARAT', '01.455.738.3-441.000'),
(150, '00220', '', 'PT. KG TECHNOLOGY', '', 'WISMA KORINDO JL. M.T. HARYONO KAV. 62 PANCORAN JAKARTA SELATAN - DKI JAKARTA RAYA 12780', '', '', '', '', 'PT. KG TECHNOLOGY', 'WISMA KORINDO JL. M.T. HARYONO KAV. 62 PANCORAN JAKARTA SELATAN - DKI JAKARTA RAYA 12780', '01.061.723.1-055.000'),
(151, '00221', '', 'PT. DONG KWANG IND', '', 'JL. BOJONG BUAH RAYA NO.  11A DS. CILAMPENI - KATAPANG KAB. BANDUNG 40971', '', '', '', '', 'PT. DONG KWANG IND', 'JL. BOJONG BUAH RAYA NO.  11A DS. CILAMPENI - KATAPANG KAB. BANDUNG 40971', '01.869.321.8-445.000'),
(152, '00222', '', 'FERDINAND', '', 'SOLO ', '', '', '', '', 'FERDINAND', 'SOLO ', ''),
(153, '00223', '', 'PT. CIMANGGIS MAKMUR MYPRINT', '', ' JL.PROF.LAFRAN PANE RT 07/011 NO.66', '', '', '', '', 'PT. CIMANGGIS MAKMUR MYPRINT', ' JL.PROF.LAFRAN PANE RT 07/011 NO.66', ''),
(154, '00224', '', 'PT. SIGMA MAKMUR JAYA', '', 'JL. AKASIA II- A7 NO. 3 A DELTA SILICONE I INDUSTRIAL PARK CIKARANG - BEKASI 17550', '', '', '', '', 'PT. SIGMA MAKMUR JAYA', 'JL. AKASIA II- A7 NO. 3 A DELTA SILICONE I INDUSTRIAL PARK CIKARANG - BEKASI 17550', '01.869.672.4-055.000'),
(155, '00225', '', 'PT. COLOMBO', '', 'JL. JEND. SUDIRMAN NO. 72 KUDUS', '', '', '', '', 'PT. COLOMBO', 'JL. JEND. SUDIRMAN NO. 72 KUDUS', '01.107.262.6 - 506.000'),
(156, '00226', '', 'PT. HANDSOME', '', 'KP .CIELA RT. 01 RW. 01 WANAKERTA PURWADADI ', '', '', '', '', 'PT. HANDSOME', 'KP .CIELA RT. 01 RW. 01 WANAKERTA PURWADADI ', '02.192.891.6 - 057.000'),
(157, '00227', '', 'PT. ARFIA MEGAH', '', 'KAWASAN INDUSTRI JABABEKA CIKARANG BEKASI JL. JABABEKA VII G BLOK.R NO.2C CIKARANG UTARA BEKASI', '', '', '', '', 'PT. ARFIA MEGAH', 'KAWASAN INDUSTRI JABABEKA CIKARANG BEKASI JL. JABABEKA VII G BLOK.R NO.2C CIKARANG UTARA BEKASI', '01.359.397.5-038.000'),
(158, '00228', '', 'PT. INDONESIA TORAY SYNTHETICS', '', 'JL. JEND. SUDIRMAN 61 - 62 SUMMITMAS II LT. 3 SENAYAN - KEBAYORAN BARU JAKARTA 12190', '', '', '', '', 'PT. INDONESIA TORAY SYNTHETICS', 'JL. JEND. SUDIRMAN 61 - 62 SUMMITMAS II LT. 3 SENAYAN - KEBAYORAN BARU JAKARTA 12190', '01.000.596.5-092.000'),
(159, '00229', '', 'PT. UNGGUL JAYA SEJAHTERA', '', 'JL. TENTARA PELAJAR NO.11 RT.03 RW.01 KANDANGPANJANG PEKALONGAN UTARA - KODYA PEKALONGAN', '', '', '', '', 'PT. UNGGUL JAYA SEJAHTERA', 'JL. TENTARA PELAJAR NO.11 RT.03 RW.01 KANDANGPANJANG PEKALONGAN UTARA - KODYA PEKALONGAN', '01.694.812.7-502.000'),
(160, '00230', '', 'PT. KOYAMA INDONESIA', '', 'JL. MALIGI VI LOT. Q-1A3- TELUK JAMBE- KARAWANG JAWA BARAT', '', '', '', '', 'PT. KOYAMA INDONESIA', 'JL. MALIGI VI LOT. Q-1A3- TELUK JAMBE- KARAWANG JAWA BARAT', '02.165.744.0-431.000'),
(161, '00231', '', 'PT. PRIMA ILJO', '', 'JL.RAYA SUBANG KP.CISANTRI RT.001 RW 001 CILANDAK-CIBATU PURWAKARTA JAWA BARAT 41181', '', '', '', '', 'PT. PRIMA ILJO', 'JL.RAYA SUBANG KP.CISANTRI RT.001 RW 001 CILANDAK-CIBATU PURWAKARTA JAWA BARAT 41181', '02.651.937.1-409.000'),
(162, '00232', '', 'PT. LARAS MANDIRI MAKMUR', '', 'KAWASAN TDK KEBON BESAR- KEBON BESAR BATU CEPER - TANGERANG  00000', '', '', '', '', 'PT. LARAS MANDIRI MAKMUR', 'KAWASAN TDK KEBON BESAR- KEBON BESAR BATU CEPER - TANGERANG  00000', '02.672.756.0-416.000'),
(163, '00233', '', 'PT. INTERMESINDO FORGING PRIMA', '', 'JL. PAJAJARAN RAYA NO. 3 JATIUWUNG - CIBODAS TANGERANG', '', '', '', '', 'PT. INTERMESINDO FORGING PRIMA', 'JL. PAJAJARAN RAYA NO. 3 JATIUWUNG - CIBODAS TANGERANG', '02.746.190.4-402.000'),
(164, '00234', '', 'PT. KARYA METALINDO UNGGUL', '', 'JL. GOTONG ROYONG NO.2PONDOK CABE UDIK TANGERANG 15418', '', '', '', '', 'PT. KARYA METALINDO UNGGUL', 'JL. GOTONG ROYONG NO.2PONDOK CABE UDIK TANGERANG 15418', '02.607.959.0-411.000'),
(165, '00235', '', 'PT. SINAR AGUNG SELALU SUKSES', '', 'NGALASAN RT. 002 RW. 001- BRUJUL JATEN KARANGANYAR - JAWA TENGAH  00000', '', '', '', '', 'PT. SINAR AGUNG SELALU SUKSES', 'NGALASAN RT. 002 RW. 001- BRUJUL JATEN KARANGANYAR - JAWA TENGAH  00000', '01.545.727.8-528.000'),
(166, '00236', '', 'PT. PELINITRA GUNAWAN', '', 'INTERCHANGE TOL DAWUAN NO.8 DAWUAN TENGAH- CIKAMPEK KARAWANG', '', '', '', '', 'PT. PELINITRA GUNAWAN', 'INTERCHANGE TOL DAWUAN NO.8 DAWUAN TENGAH- CIKAMPEK KARAWANG', '01.656.711.7-433.000'),
(167, '00237', '', 'KING MANUFACTURE', '', 'KARTASURA ', '', '', '', '', 'KING MANUFACTURE', 'KARTASURA ', ''),
(168, '00238', '', 'PT. TARINDO', '', 'SEMARANG ', '', '', '', '', 'PT. TARINDO', 'SEMARANG ', ''),
(169, '00239', '', 'PT. ERA JAYA MAKMUR ABADI', '', ' ', '', '', '', '', 'PT. ERA JAYA MAKMUR ABADI', ' ', ''),
(170, '00240', '', 'PT. TERUS JAYA SUKSES', '', 'JL. ABDURAHMAN SALEH NO.9/RUKO C.17 HUSEIN SASTRANEGARA CICENDO BANDUNG', '', '', '', '', 'PT. TERUS JAYA SUKSES', 'JL. ABDURAHMAN SALEH NO.9/RUKO C.17 HUSEIN SASTRANEGARA CICENDO BANDUNG', '31.192.988.9-428.000'),
(171, '00241', '', 'FAJAR  HIDUP', '', 'SOLO ', '', '', '', '', 'FAJAR  HIDUP', 'SOLO ', ''),
(172, '00242', '', 'HORISON', '', 'TULUNG AGUNG ', '', '', '', '', 'HORISON', 'TULUNG AGUNG ', ''),
(173, '00243', '', 'BATIK FAJAR INDAH', '', 'JL. LAWEYAN NO.7 SOLO ', '', '', '', '', 'BATIK FAJAR INDAH', 'JL. LAWEYAN NO.7 SOLO ', ''),
(174, '00244', '', 'CV. INDOWASH', '', 'KP. CISIRUNG NO. 25A RT. 001 RW. 002 DAYEUHKOLOT KAB. BANDUNG JAWA BARAT', '', '', '', '', 'CV. INDOWASH', 'KP. CISIRUNG NO. 25A RT. 001 RW. 002 DAYEUHKOLOT KAB. BANDUNG JAWA BARAT', '21.130.416.7-445.000'),
(175, '00245', '', 'ANDI', '', 'JL. INDUSTRI RAYA II BLOK. C NO. 2 TANGERANG', '', '', '', '', 'ANDI', 'JL. INDUSTRI RAYA II BLOK. C NO. 2 TANGERANG', ''),
(176, '00246', '', 'KO APO', '', 'RUKO PERUMAHAN TELAGA BESTARI BLOK K. 07 CIKUPA - TANGERANG', '', '', '', '', 'KO APO', 'RUKO PERUMAHAN TELAGA BESTARI BLOK K. 07 CIKUPA - TANGERANG', ''),
(177, '00247', '', 'CENTRAL YOGYA', '', 'YOGYAKARTA ', '', '', '', '', 'CENTRAL YOGYA', 'YOGYAKARTA ', ''),
(178, '00248', '', 'PT. SATONAS UTAMA', '', 'JL. RAYA KLARI KM. 10- KLARI- KARAWANG JAWA BARAT 41371', '', '', '', '', 'PT. SATONAS UTAMA', 'JL. RAYA KLARI KM. 10- KLARI- KARAWANG JAWA BARAT 41371', '01.069.175.6-055.000'),
(179, '00249', '', 'PT. WIJAYA KARYA INTRADE', '', 'JL. D.I PANJAITAN KAV. 3 - 4 JAKARTA TIMUR', '', '', '', '', 'PT. WIJAYA KARYA INTRADE', 'JL. D.I PANJAITAN KAV. 3 - 4 JAKARTA TIMUR', '01.061.186.1-051.000'),
(180, '00250', '', 'PT. FUMAKILLA INDONESIA', '', 'JL. CILANDAK I NO. 96 RT. 002 RW. 001- CILANDAK BARAT CILANDAK JAKARTA SELATAN DKI JAKARTA RAYA 12430', '', '', '', '', 'PT. FUMAKILLA INDONESIA', 'JL. CILANDAK I NO. 96 RT. 002 RW. 001- CILANDAK BARAT CILANDAK JAKARTA SELATAN DKI JAKARTA RAYA 12430', '01.069.308.3 - 052.000'),
(181, '00251', '', 'PT. AICHIKIKI AUTOPARTS INDONESIA', '', 'JL. MALIGI IV LOT.M 5 KAWASAN INDUSTRI KIIC TELUK JAMBE - TELUK JAMBE KARAWANG 41361', '', '', '', '', 'PT. AICHIKIKI AUTOPARTS INDONESIA', 'JL. MALIGI IV LOT.M 5 KAWASAN INDUSTRI KIIC TELUK JAMBE - TELUK JAMBE KARAWANG 41361', '02.165.431.4-431.000'),
(182, '00252', '', 'PT. KWANG JIN TEXTILE ABADI', '', 'JL. DS. TARAJUSARI KM. 04 NO. 27 TARAJUSARI BANJARAN KABUPATEN - BANDUNG', '', '', '', '', 'PT. KWANG JIN TEXTILE ABADI', 'JL. DS. TARAJUSARI KM. 04 NO. 27 TARAJUSARI BANJARAN KABUPATEN - BANDUNG', '02.736.589.9-445.000'),
(183, '00253', '', 'PT. DELFART', '', ' ', '', '', '', '', 'PT. DELFART', ' ', ''),
(184, '00254', '', 'PT. SINAR CONTINENTAL', '', 'JL. INDUSTRI II NO. 20 RT. 02 RW. 14- UTAMA CIMAHI SELATAN- CIMAHI JAWA BARAT 40533', '', '', '', '', 'PT. SINAR CONTINENTAL', 'JL. INDUSTRI II NO. 20 RT. 02 RW. 14- UTAMA CIMAHI SELATAN- CIMAHI JAWA BARAT 40533', '01.280.493.6-441.000'),
(185, '00255', '', 'PT. ASIA PACIFIC FIBERS', '', 'JL. RAYA KALIWUNGU KM.19 NOLOKERTO KALIWUNGU KENDAL', '', '', '', '', 'PT. ASIA PACIFIC FIBERS', 'JL. RAYA KALIWUNGU KM.19 NOLOKERTO KALIWUNGU KENDAL', '01.254.040.7-092.000'),
(186, '00256', '', 'EVY YULIANTI', '', 'PEKALONGAN ', '', '', '', '', 'EVY YULIANTI', 'PEKALONGAN ', ''),
(187, '00257', '', 'BU KUS', '', 'JL. LAWEYAN NO.7 SOLO ', '', '', '', '', 'BU KUS', 'JL. LAWEYAN NO.7 SOLO ', ''),
(188, '00258', '', 'CV. HIMALAYA LAUNDRY', '', 'JL. RAYA MAUK KM. 7 KAWASAN INDUSTRY MEKAR JAYA -  BLOK TEXTILE', '', '', '', '', 'CV. HIMALAYA LAUNDRY', 'JL. RAYA MAUK KM. 7 KAWASAN INDUSTRY MEKAR JAYA -  BLOK TEXTILE', ''),
(190, '00260', '', 'CV. ELISINDO CITRA TEKSTIL', '', 'JL. AMSTERDAM NO. 8 LIPPO KARAWACI PENUNGGANGAN BARAT-CIBODAS- TANGERANG-BANTEN', '', '', '', '', 'CV. ELISINDO CITRA TEKSTIL', 'JL. AMSTERDAM NO. 8 LIPPO KARAWACI PENUNGGANGAN BARAT-CIBODAS- TANGERANG-BANTEN', '31.236.836.8-402.000'),
(191, '00261', '', 'PT. DUA TALEN', '', 'MOJOSONGO SOLO ', '', '', '', '', 'PT. DUA TALEN', 'MOJOSONGO SOLO ', ''),
(192, '00262', '', 'PT. VASTEX PRIMA INDUSTRIES', '', 'JL. RUMAH SAKIT NO. 7 MEKAR MULYA RANCASARI BANDUNG -  JAWA BARAT 00000', '', '', '', '', 'PT. VASTEX PRIMA INDUSTRIES', 'JL. RUMAH SAKIT NO. 7 MEKAR MULYA RANCASARI BANDUNG -  JAWA BARAT 00000', '01.118.556.8-441.000'),
(193, '00263', '', 'PT. ROYAL ORIENTAL RAPLASTEX', '', 'JL. RAYA KRIKILAN KM. 27-5 DESA / KEL. KRIKILAN KEC. DRIYOREJO GRESIK', '', '', '', '', 'PT. ROYAL ORIENTAL RAPLASTEX', 'JL. RAYA KRIKILAN KM. 27-5 DESA / KEL. KRIKILAN KEC. DRIYOREJO GRESIK', '02.230.545.2-641.000'),
(194, '00264', '', 'ANDREAS RONI PURWANTO', '', 'JL. LAMPOBATANG RAYA NO. 41 RT. 003 RW. 020 MOJOSONGO JEBRES - SURAKARTA', '', '', '', '', 'ANDREAS RONI PURWANTO', 'JL. LAMPOBATANG RAYA NO. 41 RT. 003 RW. 020 MOJOSONGO JEBRES - SURAKARTA', '07,489,710,9-526,000'),
(195, '00265', '', 'PT. SAI APPAREL INDUSTRIES', '', 'GD. GRAHA KIRANA LT. II / 102 JL. YOS SUDARSO KAV. 88 RT. RW. SUNTER JAYA JAKARTA UTARA DKI JAKARTA RAYA 14350', '', '', '', '', 'PT. SAI APPAREL INDUSTRIES', 'GD. GRAHA KIRANA LT. II / 102 JL. YOS SUDARSO KAV. 88 RT. RW. SUNTER JAYA JAKARTA UTARA DKI JAKARTA RAYA 14350', '01,070,897,2-057,000'),
(196, '00266', '', 'PT. IHWA TEXTILE INDONESIA', '', 'KAWASAN INDUSTRI BATIK KAV. 1B MEKAR WANGI CIKARANG BARAT -  BEKASI', '', '', '', '', 'PT. IHWA TEXTILE INDONESIA', 'KAWASAN INDUSTRI BATIK KAV. 1B MEKAR WANGI CIKARANG BARAT -  BEKASI', '02.553.799.4-413.000'),
(197, '00267', '', 'ASLI JAYA', '', 'SOLO BARU ', '', '', '', '', 'ASLI JAYA', 'SOLO BARU ', ''),
(198, '00268', '', 'FORTUNA LAUDNRY', '', 'JL. KUNTI II JL.YUDISTIRA TAG - TAG SEMINYAK BALI ', '', '', '', '', 'FORTUNA LAUDNRY', 'JL. KUNTI II JL.YUDISTIRA TAG - TAG SEMINYAK BALI ', ''),
(199, '00269', '', 'WIJAYA KARYA INTERADE', '', ' ', '', '', '', '', 'WIJAYA KARYA INTERADE', ' ', ''),
(200, '00270', '', 'ARIF LAUNDRY', '', 'SALATIGA ', '', '', '', '', 'ARIF LAUNDRY', 'SALATIGA ', ''),
(201, '00271', '', 'BPK. ASEP', '', 'JL. BALE ENDAH - BANDUNG ', '', '', '', '', 'BPK. ASEP', 'JL. BALE ENDAH - BANDUNG ', ''),
(202, '00272', '', 'PT. CREVIS TEX JAYA', '', 'JL. RAYA CIPEUNDEUY DUSUN 1 RT. 013 RW. 004 CIPEUNDEUY- CIPEUNDEUY- SUBANG- JAWA BARAT', '', '', '', '', 'PT. CREVIS TEX JAYA', 'JL. RAYA CIPEUNDEUY DUSUN 1 RT. 013 RW. 004 CIPEUNDEUY- CIPEUNDEUY- SUBANG- JAWA BARAT', '31.161.098.4-439.000'),
(203, '00273', '', 'PT. BUSANA INDAH GLOBAL', '', 'KP. PABUARAN- RT. 01/01 CIHEULANGTONGGOH CIBADAK KAB. SUKABUMI JAWA BARAT', '', '', '', '', 'PT. BUSANA INDAH GLOBAL', 'KP. PABUARAN- RT. 01/01 CIHEULANGTONGGOH CIBADAK KAB. SUKABUMI JAWA BARAT', '02.193.122.5-057.000'),
(204, '00274', '', 'PT. ROYAL', '', ' ', '', '', '', '', 'PT. ROYAL', ' ', ''),
(205, '00275', '', 'PT. MAXMODA INDO GLOBAL', '', 'KIRANA BOUTIQUE OFFICE BLOK C 1 NO. 7 JL. BOULEVARD RAYA KIRANA COMMERCIAL AVENUE KELAPA GADING TIMUR- KELAPA GADING JAKARTA UTARA- DKI JAKARTA', '', '', '', '', 'PT. MAXMODA INDO GLOBAL', 'KIRANA BOUTIQUE OFFICE BLOK C 1 NO. 7 JL. BOULEVARD RAYA KIRANA COMMERCIAL AVENUE KELAPA GADING TIMUR- KELAPA GADING JAKARTA UTARA- DKI JAKARTA', '31.294.653.6-043.000'),
(206, '00276', '', 'PT. RAHMAT JAYA', '', 'JABABEKA BLOK CC NO. 188 KWS. INDUSTRI JABABEKA PASIR GOMBONG - BEKASI 17520', '', '', '', '', 'PT. RAHMAT JAYA', 'JABABEKA BLOK CC NO. 188 KWS. INDUSTRI JABABEKA PASIR GOMBONG - BEKASI 17520', '02.422.266.3-414.000'),
(207, '00277', '', 'PT. PROGRESS DIECAST', '', 'EJIP INDUSTRIAL PARK PLOT 7F - 2 CIKARANG SELATAN- BEKASI 17550', '', '', '', '', 'PT. PROGRESS DIECAST', 'EJIP INDUSTRIAL PARK PLOT 7F - 2 CIKARANG SELATAN- BEKASI 17550', '01.869.589.0-055.000'),
(208, '00278', '', 'PT. SUNJIN HJ', '', 'JL. RAYA SERANG KM. 68 MODERN CIKANDE INDUSTRIAL ESTATE NO. 23 NAMBO ILIR KIBIN SERANG - BANTEN', '', '', '', '', 'PT. SUNJIN HJ', 'JL. RAYA SERANG KM. 68 MODERN CIKANDE INDUSTRIAL ESTATE NO. 23 NAMBO ILIR KIBIN SERANG - BANTEN', '31.248.903.2-401.000'),
(9999, '00365', 'Cash', 'Cash', '', 'Customer System, Dont Delete', '', 'Customer System, Dont Delete', 'Customer System, Dont Delete', 'Customer System, Dont Delete', 'Cash', 'Customer System, Dont Delete', ''),
(210, '00280', '', 'ASKAN HADI', '', 'JL. SOEKARNO HATTA NO. 151 SEMARANG ', '', '', '', '', 'ASKAN HADI', 'JL. SOEKARNO HATTA NO. 151 SEMARANG ', ''),
(211, '00281', '', 'BPK. ARIEF', '', 'SALATIGA ', '', '', '', '', 'BPK. ARIEF', 'SALATIGA ', ''),
(212, '00282', '', 'PT. HANJAYA', '', 'KP. LEBAK KONGSI RT. 003 / 007 CILEUNGSI -  BOGOR', '', '', '', '', 'PT. HANJAYA', 'KP. LEBAK KONGSI RT. 003 / 007 CILEUNGSI -  BOGOR', ''),
(213, '00283', 'BASUKI', 'EXPRESS LAUNDRY', '', 'SOLO ', '', '', '', '', 'EXPRESS LAUNDRY', 'SOLO ', '01.728.955.4-003.000'),
(214, '00284', '', 'PT. PURA BARUTAMA', '', 'JL. AKBP AGIL KUSUMADYA NO. 203 KUDUS', '', '', '', '', 'PT. PURA BARUTAMA', 'JL. AKBP AGIL KUSUMADYA NO. 203 KUDUS', '01.121.427.7-092.000'),
(215, '00285', '', 'PT. BINABUSANA INTERNUSA', '', 'JL. INPEKSI CAKUNG DRAIN RT. 06 RW. 010 SEMPER TIMUR- CILINCING JAKARTA UTARA', '', '', '', '', 'PT. BINABUSANA INTERNUSA', 'JL. INPEKSI CAKUNG DRAIN RT. 06 RW. 010 SEMPER TIMUR- CILINCING JAKARTA UTARA', '01.345.929.2-045.000'),
(216, '00286', '', 'PT. ATEJA TRITUNGGAL', '', 'JL. RAYA BATUJAJAR KM. 2-8 RT. 04 RW. 04 DESA. LAKSANAMEKAR PADALARANG- BANDUNG BARAT- JAWA BARAT', '', '', '', '', 'PT. ATEJA TRITUNGGAL', 'JL. RAYA BATUJAJAR KM. 2-8 RT. 04 RW. 04 DESA. LAKSANAMEKAR PADALARANG- BANDUNG BARAT- JAWA BARAT', '01.494.612.3-441.000'),
(217, '00287', '', 'CV. SUMBER AGUNG', '', 'JL. NGELOM MEGARE NO. 132 RT. 001 RW. 001 NGELOM - TAMAN- SIDOARJO 61257', '', '', '', '', 'CV. SUMBER AGUNG', 'JL. NGELOM MEGARE NO. 132 RT. 001 RW. 001 NGELOM - TAMAN- SIDOARJO 61257', '31.200.601.8-603.000'),
(219, '00289', '', 'BPK. ENDE', '', ' ', '', '', '', '', 'BPK. ENDE', ' ', ''),
(220, '00290', '', 'PT. THREE LAUNDRY', '', ' ', '', '', '', '', 'PT. THREE LAUNDRY', ' ', ''),
(221, '00291', '', 'PT. SEIKYO INDONESIA', '', 'JALAN GOLF N0.12  CISARANTEN WETAN - BANDUNG ', '', '', '', '', 'PT. SEIKYO INDONESIA', 'JALAN GOLF N0.12  CISARANTEN WETAN - BANDUNG ', '02.789-693-5-429-000'),
(222, '00292', '', 'PT. LW GARMENT', '', 'YOGYAKARTA ', '', '', '', '', 'PT. LW GARMENT', 'YOGYAKARTA ', ''),
(223, '00293', '', 'PT.GLORY  INDUSTRIAL UNGARAN', '', 'JL. KARANG JATI KM.29 BAWEN - UNGGARAN ', '', '', '', '', 'PT.GLORY  INDUSTRIAL UNGARAN', 'JL. KARANG JATI KM.29 BAWEN - UNGGARAN ', ''),
(224, '00294', '', 'PT. IJ GLOBAL', '', 'JL. ASHOHEH (ATOM)  RT. 03 RW. 01 KARANGASEM TIMUR BOGOR - JAWA BARAT', '', '', '', '', 'PT. IJ GLOBAL', 'JL. ASHOHEH (ATOM)  RT. 03 RW. 01 KARANGASEM TIMUR BOGOR - JAWA BARAT', '31.420.688.9-436.000'),
(225, '00295', '', 'PT. SAM SAN INTERNASIONAL', '', 'JALAN RAYA NAROGONG KM.9 RT. 03 RW.04 BOJONG MENTENG RAWA LUMBU BEKASI 17117', '', '', '', '', 'PT. SAM SAN INTERNASIONAL', 'JALAN RAYA NAROGONG KM.9 RT. 03 RW.04 BOJONG MENTENG RAWA LUMBU BEKASI 17117', ''),
(226, '00296', '', 'CV.DAMARINDO', '', 'D/A. DESA TERBAN NO.27 RT 04/RW 02 KEC.WARUNG ASEM KABUPATEN BATANG', '', '', '', '', 'CV.DAMARINDO', 'D/A. DESA TERBAN NO.27 RT 04/RW 02 KEC.WARUNG ASEM KABUPATEN BATANG', ''),
(227, '00297', '', 'BPK. TOTO', '', ' ', '', '', '', '', 'BPK. TOTO', ' ', ''),
(228, '00298', '', 'CV. BANYUMAS', '', 'JL. CIMUNCANG NO. 51 BANDUNG', '', '', '', '', 'CV. BANYUMAS', 'JL. CIMUNCANG NO. 51 BANDUNG', '01.104.873.3 - 423.000'),
(229, '00299', '', 'PT. DEWU TEXTILE INDONESIA', '', 'KOMPLEK BATIK MEKARWANGI- JL. RAYA SETU KAV. 6 RT. 04 RW. 01 MEKARWANGI CIKARANG BARAT BEKASI JAWA BARAT 17520', '', '', '', '', 'PT. DEWU TEXTILE INDONESIA', 'KOMPLEK BATIK MEKARWANGI- JL. RAYA SETU KAV. 6 RT. 04 RW. 01 MEKARWANGI CIKARANG BARAT BEKASI JAWA BARAT 17520', '02.193.168.8-413.001'),
(230, '00300', '', 'PT. BIDAYA', '', '"\r\nJL. H. AHMAD ADNAWIJAYA NO.108 TEGAL GUNDIL JL. H AHMAD ADNAWIJAYA NO.108 TEGAL GUNDIL - BOGOR"', '', '', '', '', 'PT. BIDAYA', '"\r\nJL. H. AHMAD ADNAWIJAYA NO.108 TEGAL GUNDIL JL. H AHMAD ADNAWIJAYA NO.108 TEGAL GUNDIL - BOGOR"', ''),
(231, '00301', '', 'PT. ILJO. CO. LTD', '', 'ATTN : MR. HONG J.H NO.555-4 GASAN DONG GEUM CHEON GU SEOUL CITY SEOUL - KOREA  PHONE: 02-838-3300', '', '', '', '', 'PT. ILJO. CO. LTD', 'ATTN : MR. HONG J.H NO.555-4 GASAN DONG GEUM CHEON GU SEOUL CITY SEOUL - KOREA  PHONE: 02-838-3300', ''),
(232, '00302', '', 'PT. COTTON VILLA', '', 'JL. KARET 2 BLOK H NO. 18 LIPPO CIKARANG', '', '', '', '', 'PT. COTTON VILLA', 'JL. KARET 2 BLOK H NO. 18 LIPPO CIKARANG', '31.555.125.9-413.000'),
(233, '00303', '', 'PT. CEMERLANG HADI PERKASA', '', ' ', '', '', '', '', 'PT. CEMERLANG HADI PERKASA', ' ', ''),
(234, '00304', '', 'CV. ANANDA WARNA ABADI', '', 'SOLO ', '', '', '', '', 'CV. ANANDA WARNA ABADI', 'SOLO ', ''),
(235, '00305', '', 'TOKO TURISARI', '', 'SOLO ', '', '', '', '', 'TOKO TURISARI', 'SOLO ', ''),
(236, '00306', '', 'PT. ATEJA MULTI INDUSTRI', '', 'JL. RAYA GADOBANGKONG NO. 97 - PADALARANG CIMAREME NGAMPRAH- KAB. BANDUNG BARAT- JAWA BARAT 40552', '', '', '', '', 'PT. ATEJA MULTI INDUSTRI', 'JL. RAYA GADOBANGKONG NO. 97 - PADALARANG CIMAREME NGAMPRAH- KAB. BANDUNG BARAT- JAWA BARAT 40552', '01.143.332.3-441.000'),
(237, '00307', '', 'BPK. BAYU', '', 'BANDUNG ', '', '', '', '', 'BPK. BAYU', 'BANDUNG ', ''),
(238, '00308', '', 'MASTER LAUNDRY', '', 'BANDUNG ', '', '', '', '', 'MASTER LAUNDRY', 'BANDUNG ', ''),
(239, '00309', '', 'SRIMULYA', '', 'BANDUNG ', '', '', '', '', 'SRIMULYA', 'BANDUNG ', ''),
(240, '00310', '', 'JO PERKASA', '', 'BANDUNG ', '', '', '', '', 'JO PERKASA', 'BANDUNG ', ''),
(241, '00311', '', 'BPK. MIMING', '', 'BANDUNG ', '', '', '', '', 'BPK. MIMING', 'BANDUNG ', ''),
(242, '00312', '', 'SOPHIE MARTIN', '', 'JAKARTA ', '', '', '', '', 'SOPHIE MARTIN', 'JAKARTA ', ''),
(243, '00313', '', 'PT. CAKRA GEMILANG', '', 'DELANGU - KLATEN ', '', '', '', '', 'PT. CAKRA GEMILANG', 'DELANGU - KLATEN ', ''),
(244, '00314', '', 'PT. BAKRIE TOSANJAYA', '', 'JL. RAYA BEKASI KM. 27 PONDOK UNGU- MEDAN SATRIA KOTA BEKASI- JAWA BARAT', '', '', '', '', 'PT. BAKRIE TOSANJAYA', 'JL. RAYA BEKASI KM. 27 PONDOK UNGU- MEDAN SATRIA KOTA BEKASI- JAWA BARAT', '01.001.778.8-431.000');
INSERT INTO `customer` (`id`, `unique_id`, `nama`, `nama_persh`, `nama_persh_detail`, `alamat`, `alamat_detail`, `phone`, `fax`, `email`, `tax_cust_name`, `tax_address`, `npwp`) VALUES
(245, '00315', '', 'PT. SANSAN SAUDARATEX', '', 'JALAN CIBALIGO CIMAHI - BANDUNG ', '', '', '', '', 'PT. SANSAN SAUDARATEX', 'JALAN CIBALIGO CIMAHI - BANDUNG ', ''),
(246, '00316', '', 'BATIK AUNIA', '', 'JL. URIP SUMOHARJO GG.1 ', '', '', '', '', 'BATIK AUNIA', 'JL. URIP SUMOHARJO GG.1 ', ''),
(247, '00317', '', 'PT. UNIVERSAL INDO GEMILANG', '', 'JL. RH DIDI SUKARDI NO.201 SUKABUMI ', '', '', '', '', 'PT. UNIVERSAL INDO GEMILANG', 'JL. RH DIDI SUKARDI NO.201 SUKABUMI ', '01.477.334.5-405.001'),
(248, '00318', '', 'PT. GRAHA SURYA ANGKASA', '', 'JL. DESA TARAJUSARI KM. 0-5 TARAJUSARI- BANJARAN - KAB. BANDUNG', '', '', '', '', 'PT. GRAHA SURYA ANGKASA', 'JL. DESA TARAJUSARI KM. 0-5 TARAJUSARI- BANJARAN - KAB. BANDUNG', '01.468.395.7-445.000'),
(249, '00319', '', 'CV. KHALIFAH', '', ' ', '', '', '', '', 'CV. KHALIFAH', ' ', ''),
(250, '00320', '', 'SOFT LAUNDRY', '', ' ', '', '', '', '', 'SOFT LAUNDRY', ' ', ''),
(251, '00321', '', 'PT. EMERALD', '', ' ', '', '', '', '', 'PT. EMERALD', ' ', ''),
(252, '00322', '', 'PT. INTIGARMINDO PERSADA', '', 'JL. PUALAM JAYA NO. 31 RT/RW: 016/002- KEMAYORAN- KEMAYORAN JAKARTA PUSAT- DKI JAKARTA RAYA', '', '', '', '', 'PT. INTIGARMINDO PERSADA', 'JL. PUALAM JAYA NO. 31 RT/RW: 016/002- KEMAYORAN- KEMAYORAN JAKARTA PUSAT- DKI JAKARTA RAYA', '01.399.203.7-073.000'),
(253, '00323', '', 'PT. IDEAL FASTENER', '', 'JL. HALIM PERDANA KUSUMA NO. 88 RT. 005 RW. 004 BATU CEPER TANGERANG - BANTEN', '', '', '', '', 'PT. IDEAL FASTENER', 'JL. HALIM PERDANA KUSUMA NO. 88 RT. 005 RW. 004 BATU CEPER TANGERANG - BANTEN', '31.646.566.5-416.000'),
(254, '00324', '', 'PT. PELANGI INDAH JAYA', '', 'DESA PINGGIR-  TELUKAN-  GROGOL- SUKOHARJO JAWA TENGAH', '', '', '', '', 'PT. PELANGI INDAH JAYA', 'DESA PINGGIR-  TELUKAN-  GROGOL- SUKOHARJO JAWA TENGAH', '01.980.250.3-532.000'),
(255, '00325', '', 'PT. DELAMI NITYA MANDITA', '', 'JL. RAYA CIDAHU KP. PONDOKKASO RT/RW: 01/01 PONDOKKASOTONGGOH - CIDAHU SUKABUMI 43158 JAWA BARAT', '', '', '', '', 'PT. DELAMI NITYA MANDITA', 'JL. RAYA CIDAHU KP. PONDOKKASO RT/RW: 01/01 PONDOKKASOTONGGOH - CIDAHU SUKABUMI 43158 JAWA BARAT', '21.044.246.3-405.000'),
(256, '00326', '', 'BPK. DAVID', '', ' ', '', '', '', '', 'BPK. DAVID', ' ', ''),
(258, '00328', '', 'BPK. WISNU DARMAWAN', '', 'JAKARTA ', '', '', '', '', 'BPK. WISNU DARMAWAN', 'JAKARTA ', ''),
(259, '00329', '', 'CV. WANKA ATARINDO JAYA', '', 'KOPO PERMAI BLOK Q NO. 5 RT. 005 RW. 001 MARGAHAYU KAB. BANDUNG JAWA BARAT', '', '', '', '', 'CV. WANKA ATARINDO JAYA', 'KOPO PERMAI BLOK Q NO. 5 RT. 005 RW. 001 MARGAHAYU KAB. BANDUNG JAWA BARAT', '31.526.080.2-445.000'),
(260, '00330', '', 'PT. DELAMI GARMENT INDUTRIES', '', ' ', '', '', '', '', 'PT. DELAMI GARMENT INDUTRIES', ' ', ''),
(261, '00331', '', 'PT. JIN MYOUNG INDUSTRIAL', '', 'KOMPLEK INDUSTRI BATUJAJAR PERMAI II NO. 27 RT. 00 RW. 00 LAKSANA MEKAR PADALARANG- KABUPATEN BANDUNG', '', '', '', '', 'PT. JIN MYOUNG INDUSTRIAL', 'KOMPLEK INDUSTRI BATUJAJAR PERMAI II NO. 27 RT. 00 RW. 00 LAKSANA MEKAR PADALARANG- KABUPATEN BANDUNG', '02.761.162.3-421.000'),
(262, '00332', '', 'PT. NEW SUBURTEX', '', 'GARDU JETIS PALUR KM. 7.8- KARANGANYAR- KARANGANYAR KARANGANYAR- JAWA TENGAH 00000', '', '', '', '', 'PT. NEW SUBURTEX', 'GARDU JETIS PALUR KM. 7.8- KARANGANYAR- KARANGANYAR KARANGANYAR- JAWA TENGAH 00000', '01.444.365.9-528.000'),
(263, '00333', '', 'PT. DK INTERNATIONAL', '', 'KP. SUKAMANAH KAW. LUWITEX A-2 ANGGADITA KLARI- KARAWANG- JAWA BARAT', '', '', '', '', 'PT. DK INTERNATIONAL', 'KP. SUKAMANAH KAW. LUWITEX A-2 ANGGADITA KLARI- KARAWANG- JAWA BARAT', '31.222.500.6-433.000'),
(264, '00334', '', 'PT. CENTRAL LAUNDRY', '', 'JL. RAYA SOLO SRAGEN KM. 7-5 PALUR JATEN KARANGANYAR JAWA TENGAH', '', '', '', '', 'PT. CENTRAL LAUNDRY', 'JL. RAYA SOLO SRAGEN KM. 7-5 PALUR JATEN KARANGANYAR JAWA TENGAH', '06.392.297.5-528.000'),
(265, '00335', '', 'PT. ASK TECHNICA INDONESIA', '', 'JL. RAYA KLARI KM. 10 KALAPA NUNGGAL- KLARI KARAWANG- JAWA BARAT 41371', '', '', '', '', 'PT. ASK TECHNICA INDONESIA', 'JL. RAYA KLARI KM. 10 KALAPA NUNGGAL- KLARI KARAWANG- JAWA BARAT 41371', '01.069.175.6-055.000'),
(266, '00336', '', 'M. ALI TAHYARI/HUDA', '', 'DS.TERBAN NO.27 RT 04/02 WARUNG ASEM - BATANG ', '', '', '', '', 'M. ALI TAHYARI/HUDA', 'DS.TERBAN NO.27 RT 04/02 WARUNG ASEM - BATANG ', ''),
(268, '00338', '', 'PT. INDONESIA SYNTHETIC TEXTILE MILLS', '', 'JL. JEND. SUDIRMAN KAV. 61-62 SUMMITMAS TOWER LT. 3 KEBAYORAN BARU JAKARTA SELATAN DKI JAKARTA RAYA 12190', '', '', '', '', 'PT. INDONESIA SYNTHETIC TEXTILE MILLS', 'JL. JEND. SUDIRMAN KAV. 61-62 SUMMITMAS TOWER LT. 3 KEBAYORAN BARU JAKARTA SELATAN DKI JAKARTA RAYA 12190', '01.000.597.3-057.000'),
(269, '00339', '', 'PT. GUNZE SOCKS INDONESIA', '', 'LIPPO CIKARANG BLOK A1 DESA SUKARESMI LEMAHABANG BEKASI - JAWA BARAT', '', '', '', '', 'PT. GUNZE SOCKS INDONESIA', 'LIPPO CIKARANG BLOK A1 DESA SUKARESMI LEMAHABANG BEKASI - JAWA BARAT', '01.071.021.8-057.000'),
(270, '00340', '', 'PT. BUANA INTAN GEMILANG', '', 'JL. DESA TARAJUSARI KM. 0.4 NO. 27 TARAJUSARI BANJARAN - KAB. BANDUNG', '', '', '', '', 'PT. BUANA INTAN GEMILANG', 'JL. DESA TARAJUSARI KM. 0.4 NO. 27 TARAJUSARI BANJARAN - KAB. BANDUNG', '01.448.230.1-445.000'),
(271, '00341', '', 'BPK. EKO', '', ' ', '', '', '', '', 'BPK. EKO', ' ', ''),
(272, '00342', '', 'BPK. WAWAN', '', ' ', '', '', '', '', 'BPK. WAWAN', ' ', ''),
(273, '00343', '', 'PT. INSANPAQ  INDONESIA', '', 'DUSUN KENAGKAN RT- 08 RW- 07- BERGAS KIDUL- BERGAS SEMARANG - JAWA TENGAH 50552', '', '', '', '', 'PT. INSANPAQ  INDONESIA', 'DUSUN KENAGKAN RT- 08 RW- 07- BERGAS KIDUL- BERGAS SEMARANG - JAWA TENGAH 50552', '03.312.422.3-505.000'),
(274, '00344', 'Dudung', 'BPK. DUDUNG', '', ' ', '', '', '', '', 'BPK. DUDUNG', ' ', ''),
(275, '00345', '', 'BPK MUNAWIR', '', ' ', '', '', '', '', 'BPK MUNAWIR', ' ', ''),
(276, '00346', '', 'BPK. ANSOR', '', ' ', '', '', '', '', 'BPK. ANSOR', ' ', ''),
(277, '00347', '', 'PT. PISMA GARMENT INDO', '', 'JL. RAYA SEMARANG DEMAK KM 8-2 RT. 003 RW. 008 KELURAHAN SAYUNG- SAYUNG DEMAK JAWA TENGAH', '', '', '', '', 'PT. PISMA GARMENT INDO', 'JL. RAYA SEMARANG DEMAK KM 8-2 RT. 003 RW. 008 KELURAHAN SAYUNG- SAYUNG DEMAK JAWA TENGAH', '31.421.969.2-515.001'),
(278, '00348', '', 'BPK. SOLEHUDIN', '', ' ', '', '', '', '', 'BPK. SOLEHUDIN', ' ', ''),
(279, '00349', '', 'KUSUMA LAUNDRY', '', 'MAGELANG ', '', '', '', '', 'KUSUMA LAUNDRY', 'MAGELANG ', ''),
(280, '00350', '', 'PT. SURYA TIRTA', '', ' ', '', '', '', '', 'PT. SURYA TIRTA', ' ', ''),
(281, '00351', '', 'CV. SUKSES MEGA LANGGENG', '', 'PERUMAHAN PERMATA CIBUBUR RUKO BLOK A.5 NO.20 CILEUNGSI - BOGOR', '', '', '', '', 'CV. SUKSES MEGA LANGGENG', 'PERUMAHAN PERMATA CIBUBUR RUKO BLOK A.5 NO.20 CILEUNGSI - BOGOR', ''),
(282, '00352', '', 'BPK. KENT', '', 'JL. LEUWI DULANG NO.53 MAJALAYA ', '', '', '', '', 'BPK. KENT', 'JL. LEUWI DULANG NO.53 MAJALAYA ', ''),
(283, '00353', '', 'ALAMANDA LAUNDRY', '', ' ', '', '', '', '', 'ALAMANDA LAUNDRY', ' ', ''),
(284, '00354', '', 'CV. BINTANG MUDA', '', ' ', '', '', '', '', 'CV. BINTANG MUDA', ' ', ''),
(285, '00355', '', 'CV. WARTINDO PUTRA JAYA', '', 'JL. MATAHARI- DS GROWONG KIDUL RT 02 RW 04 JUANA PATI', '', '', '', '', 'CV. WARTINDO PUTRA JAYA', 'JL. MATAHARI- DS GROWONG KIDUL RT 02 RW 04 JUANA PATI', ''),
(286, '00356', '', 'BP. NADIRIN', '', ' ', '', '', '', '', 'BP. NADIRIN', ' ', ''),
(287, '00357', '', 'PT. ANUGRAH MEGAH LESTARI', '', ' ', '', '', '', '', 'PT. ANUGRAH MEGAH LESTARI', ' ', ''),
(288, '00358', '', 'MAJU JAYA LAUNDRY', '', ' ', '', '', '', '', 'MAJU JAYA LAUNDRY', ' ', ''),
(289, '00359', '', 'PT. RATIO KARUNIA GARMENT', '', 'KARANG ANYAR ', '', '', '', '', 'PT. RATIO KARUNIA GARMENT', 'KARANG ANYAR ', ''),
(290, '00360', '', 'PT. ECO LAUNDRY HIJAU INDONESIA', '', 'KARANGWARU  RT. 28A / 007 KRIKILAN-  MASARAN - SRAGEN', '', '', '', '', 'PT. ECO LAUNDRY HIJAU INDONESIA', 'KARANGWARU  RT. 28A / 007 KRIKILAN-  MASARAN - SRAGEN', '31.795.034.3-528.000'),
(291, '00361', '', 'CV. YOGA CIPTA PERKASA', '', 'JL. HALMAHERA NO. 01 CIBELOK TAMAN PEMALANG 52361 ', '', '', '', '', 'CV. YOGA CIPTA PERKASA', 'JL. HALMAHERA NO. 01 CIBELOK TAMAN PEMALANG 52361 ', '31.276.213.1-502.000'),
(292, '00362', '', 'CV. JAYA LESTARI', '', 'JL. TARAKAN V NO. 6 RT. 003 RW. 017 BOJONGBATA. PEMALANG - JAWA TENGAH.', '', '', '', '', 'CV. JAYA LESTARI', 'JL. TARAKAN V NO. 6 RT. 003 RW. 017 BOJONGBATA. PEMALANG - JAWA TENGAH.', '02.878.129.2-502.000'),
(293, '00363', '', 'PT. RANA GLOBAL', '', 'JL. INSPEKSI KALIMALANG KM. 1-8  CIKEDOKAN RT. 003  RW. 011 SUKADANAU - CIKARANG BARAT.  BEKASI', '', '', '', '', 'PT. RANA GLOBAL', 'JL. INSPEKSI KALIMALANG KM. 1-8  CIKEDOKAN RT. 003  RW. 011 SUKADANAU - CIKARANG BARAT.  BEKASI', '31.390.112.6-413.000'),
(294, '00364', '', 'PT. CENTA BUMINDO AGROLESTARI', '', 'GRHA CBA JL. CBD PARAMOUNT 6- GADING SERPONG CURUG SANGERENG - KELAPA DUA. TANGERANG', '', '', '', '', 'PT. CENTA BUMINDO AGROLESTARI', 'GRHA CBA JL. CBD PARAMOUNT 6- GADING SERPONG CURUG SANGERENG - KELAPA DUA. TANGERANG', '31.433.479.8-451.000');

-- --------------------------------------------------------

--
-- Table structure for table `delivery_order`
--

CREATE TABLE IF NOT EXISTS `delivery_order` (
  `id` int(11) NOT NULL AUTO_INCREMENT,
  `sales_order_id` int(11) NOT NULL,
  `do_no` varchar(17) NOT NULL,
  `date` date NOT NULL,
  `status` varchar(2) NOT NULL,
  `user_id` int(11) NOT NULL,
  `delivery_order_id` int(11) NOT NULL,
  `car_no` varchar(100) NOT NULL COMMENT 'No Mobil',
  `remark` varchar(255) NOT NULL,
  PRIMARY KEY (`id`)
) ENGINE=MyISAM  DEFAULT CHARSET=latin1 AUTO_INCREMENT=30 ;

--
-- Dumping data for table `delivery_order`
--

INSERT INTO `delivery_order` (`id`, `sales_order_id`, `do_no`, `date`, `status`, `user_id`, `delivery_order_id`, `car_no`, `remark`) VALUES
(29, 332, '00001BP-JKT0515', '2015-05-04', 'N', 49, 0, '', '');

-- --------------------------------------------------------

--
-- Table structure for table `delivery_order_detail`
--

CREATE TABLE IF NOT EXISTS `delivery_order_detail` (
  `id` int(11) NOT NULL AUTO_INCREMENT,
  `delivery_order_id` int(11) NOT NULL,
  `barang_sales_id` varchar(12) NOT NULL,
  `quantity` int(11) NOT NULL,
  `dikirim` int(11) NOT NULL,
  `sisa_kirim` int(11) NOT NULL,
  `konversi` int(11) NOT NULL,
  `satuan_convert` varchar(10) NOT NULL,
  PRIMARY KEY (`id`)
) ENGINE=MyISAM  DEFAULT CHARSET=latin1 AUTO_INCREMENT=64 ;

--
-- Dumping data for table `delivery_order_detail`
--

INSERT INTO `delivery_order_detail` (`id`, `delivery_order_id`, `barang_sales_id`, `quantity`, `dikirim`, `sisa_kirim`, `konversi`, `satuan_convert`) VALUES
(20, 9, 'PC01P000004', 350, 150, 200, 0, ''),
(19, 9, 'PC01P000001', 150, 100, 50, 0, ''),
(18, 8, 'PC01P000826', 15, 0, 15, 0, ''),
(17, 8, 'PC01P000186', 1000, 0, 1000, 0, ''),
(38, 18, 'PC01P000186', 25, 25, 0, 0, ''),
(15, 8, 'PC01P000004', 30, 30, 0, 0, ''),
(14, 8, 'PC01P000001', 50, 50, 0, 0, ''),
(13, 7, 'PC01P001009', 14, 14, 0, 0, ''),
(26, 12, 'PC01P000004', 350, 50, 150, 0, ''),
(25, 12, 'PC01P000001', 150, 30, 20, 0, ''),
(30, 14, 'PC01P000004', 350, 50, 100, 0, ''),
(29, 14, 'PC01P000001', 150, 0, 20, 0, ''),
(31, 15, 'PC01P000001', 150, 15, 5, 0, ''),
(32, 15, 'PC01P000004', 350, 20, 80, 0, ''),
(37, 18, 'PC01P000001', 234, 200, 34, 0, ''),
(39, 19, 'PC01P000001', 234, 34, 0, 0, ''),
(40, 20, 'PC01P000004', 68, 68, 0, 0, ''),
(41, 20, 'PC01P000643', 10, 0, 10, 0, ''),
(42, 20, 'PC01P000710', 236, 0, 236, 0, ''),
(43, 21, 'PC01P000643', 10, 10, 0, 0, ''),
(44, 21, 'PC01P000710', 236, 0, 236, 0, ''),
(45, 22, 'PC01P000710', 236, 236, 0, 1000, 'CAN'),
(46, 23, 'PC01P000008', 100, 100, 0, 0, ''),
(47, 23, 'PC01P000033', 400, 0, 400, 0, ''),
(48, 23, 'PC01P000305', 300, 0, 300, 0, ''),
(49, 23, 'PC01P000643', 200, 0, 200, 0, ''),
(50, 24, 'PC01P000033', 400, 400, 0, 0, ''),
(51, 24, 'PC01P000305', 300, 0, 300, 0, ''),
(52, 24, 'PC01P000643', 200, 0, 200, 0, ''),
(53, 25, 'PC01P000305', 300, 300, 0, 0, ''),
(54, 25, 'PC01P000643', 200, 0, 200, 0, ''),
(55, 26, 'PC01P000643', 200, 200, 0, 0, ''),
(56, 27, 'PC01P000001', 15, 15, 0, 0, ''),
(57, 27, 'PC01P000008', 10, 10, 0, 0, ''),
(58, 27, 'PC01P000010', 20, 20, 0, 0, ''),
(59, 28, 'PC01P000956', 200, 200, 0, 100, 'PL'),
(60, 29, 'PC01P000001', 810, 270, 540, 30, 'JR'),
(61, 29, 'PC01P000203', 800, 0, 800, 0, ''),
(62, 29, 'PC01P000811', 400, 400, 0, 200, 'DM'),
(63, 29, 'PC01P000823', 600, 0, 600, 0, '');

-- --------------------------------------------------------

--
-- Table structure for table `goods_receipt`
--

CREATE TABLE IF NOT EXISTS `goods_receipt` (
  `id` int(11) NOT NULL AUTO_INCREMENT,
  `purchase_order_id` int(11) NOT NULL,
  `gr_no` varchar(17) NOT NULL,
  `date` date NOT NULL,
  `status` varchar(2) NOT NULL,
  `user_id` int(11) NOT NULL,
  `goods_receipt_id` int(11) NOT NULL,
  `remark` varchar(255) NOT NULL,
  `suplier_do_no` varchar(200) NOT NULL,
  `suplier_do_date` date NOT NULL,
  `receipt_date` date NOT NULL,
  PRIMARY KEY (`id`)
) ENGINE=MyISAM  DEFAULT CHARSET=latin1 AUTO_INCREMENT=7 ;

--
-- Dumping data for table `goods_receipt`
--

INSERT INTO `goods_receipt` (`id`, `purchase_order_id`, `gr_no`, `date`, `status`, `user_id`, `goods_receipt_id`, `remark`, `suplier_do_no`, `suplier_do_date`, `receipt_date`) VALUES
(5, 7, 'BP-GR041500002', '2015-04-13', 'I', 2, 4, 'Proses ASAP', 'BT-99KD8-152', '2015-04-15', '2015-04-14'),
(4, 7, 'BP-GR041500001', '2015-04-12', 'I', 2, 0, 'Tunggu Antrian Driver', 'BT-99KD8-15', '2015-04-15', '2015-04-14'),
(6, 383, 'BP-GR051500001', '2015-05-18', 'N', 49, 0, '', '0001', '2015-05-14', '2015-05-14');

-- --------------------------------------------------------

--
-- Table structure for table `goods_receipt_detail`
--

CREATE TABLE IF NOT EXISTS `goods_receipt_detail` (
  `id` int(11) NOT NULL AUTO_INCREMENT,
  `goods_receipt_id` int(11) NOT NULL,
  `barang_purchase_id` varchar(12) NOT NULL,
  `quantity` int(11) NOT NULL,
  `dikirim` int(11) NOT NULL,
  `sisa_kirim` int(11) NOT NULL,
  PRIMARY KEY (`id`)
) ENGINE=MyISAM  DEFAULT CHARSET=latin1 AUTO_INCREMENT=32 ;

--
-- Dumping data for table `goods_receipt_detail`
--

INSERT INTO `goods_receipt_detail` (`id`, `goods_receipt_id`, `barang_purchase_id`, `quantity`, `dikirim`, `sisa_kirim`) VALUES
(30, 5, 'PC01P000600', 50, 0, 50),
(29, 5, 'PC01P000342', 250, 0, 250),
(28, 5, 'PC01P000338', 150, 0, 150),
(27, 5, 'PC01P000333', 200, 150, 50),
(26, 4, 'PC01P000600', 50, 0, 50),
(25, 4, 'PC01P000342', 250, 0, 250),
(24, 4, 'PC01P000338', 150, 0, 150),
(23, 4, 'PC01P000333', 200, 0, 200),
(22, 4, 'PC01P000001', 100, 100, 0),
(31, 6, 'PC01P000724', 15, 10, 5);

-- --------------------------------------------------------

--
-- Table structure for table `groups`
--

CREATE TABLE IF NOT EXISTS `groups` (
  `group_id` smallint(5) unsigned NOT NULL AUTO_INCREMENT,
  `group_name` varchar(32) NOT NULL DEFAULT '',
  `group_desc` varchar(255) NOT NULL DEFAULT '',
  `store_id` int(11) NOT NULL COMMENT 'If store id = 0, mean public group and cannot edit or delete.',
  `allow_delete` tinyint(1) NOT NULL,
  `allow_edit` tinyint(1) NOT NULL,
  `allow_see_other_location` tinyint(1) NOT NULL,
  PRIMARY KEY (`group_id`),
  UNIQUE KEY `idx_groups` (`group_name`)
) ENGINE=MyISAM  DEFAULT CHARSET=latin1 AUTO_INCREMENT=27 ;

--
-- Dumping data for table `groups`
--

INSERT INTO `groups` (`group_id`, `group_name`, `group_desc`, `store_id`, `allow_delete`, `allow_edit`, `allow_see_other_location`) VALUES
(14, 'Admin', 'Administrator [Default]', 0, 1, 1, 1),
(21, 'Gudang', 'Bagian Pergudangan', 0, 0, 0, 0),
(23, 'Sales &amp; Purcahse', 'Sales &amp; Purcahse', 0, 0, 0, 0),
(24, 'Accounting', 'Accounting', 0, 0, 0, 0),
(25, 'Finance', 'Finance', 0, 0, 0, 0),
(26, 'Rusmiati Access', 'Rusmiati Access Privilege', 0, 0, 0, 0);

-- --------------------------------------------------------

--
-- Table structure for table `group_module_priv`
--

CREATE TABLE IF NOT EXISTS `group_module_priv` (
  `group_id` smallint(5) unsigned NOT NULL DEFAULT '0',
  `module_id` smallint(6) NOT NULL DEFAULT '0',
  `priv` smallint(2) DEFAULT NULL,
  PRIMARY KEY (`group_id`,`module_id`),
  UNIQUE KEY `group_id` (`group_id`,`module_id`)
) ENGINE=MyISAM DEFAULT CHARSET=latin1;

--
-- Dumping data for table `group_module_priv`
--

INSERT INTO `group_module_priv` (`group_id`, `module_id`, `priv`) VALUES
(12, 163, 1),
(12, 157, 1),
(12, 152, 1),
(12, 165, 1),
(12, 146, 1),
(12, 153, 1),
(12, 159, 1),
(12, 183, 1),
(12, 114, 1),
(12, 137, 1),
(12, 142, 1),
(12, 143, 1),
(12, 182, 1),
(12, 181, 1),
(12, 180, 1),
(12, 179, 1),
(12, 176, 1),
(12, 175, 1),
(12, 174, 1),
(12, 173, 1),
(12, 172, 1),
(12, 169, 1),
(12, 168, 1),
(12, 167, 1),
(12, 166, 1),
(12, 164, 1),
(12, 160, 1),
(12, 156, 1),
(12, 155, 1),
(12, 154, 1),
(12, 145, 1),
(12, 147, 1),
(12, 148, 1),
(12, 149, 1),
(12, 150, 1),
(12, 151, 1),
(12, 140, 1),
(12, 161, 1),
(14, 111, 1),
(14, 161, 1),
(14, 140, 1),
(14, 184, 1),
(14, 112, 1),
(14, 163, 1),
(14, 155, 1),
(14, 153, 1),
(14, 158, 1),
(14, 157, 1),
(14, 159, 1),
(14, 165, 1),
(14, 169, 1),
(14, 173, 1),
(14, 183, 1),
(14, 152, 1),
(14, 172, 1),
(14, 137, 1),
(14, 144, 1),
(14, 146, 1),
(14, 166, 1),
(14, 162, 1),
(14, 164, 1),
(14, 114, 1),
(14, 168, 1),
(14, 167, 1),
(14, 182, 1),
(14, 143, 1),
(14, 181, 1),
(14, 142, 1),
(14, 174, 1),
(14, 175, 1),
(14, 180, 1),
(14, 176, 1),
(14, 148, 1),
(14, 151, 1),
(14, 160, 1),
(14, 149, 1),
(14, 150, 1),
(14, 154, 1),
(14, 156, 1),
(14, 179, 1),
(14, 136, 1),
(14, 147, 1),
(12, 141, 1),
(12, 139, 1),
(12, 178, 1),
(14, 177, 1),
(14, 171, 1),
(14, 170, 1),
(14, 138, 1),
(14, 115, 1),
(14, 145, 1),
(15, 140, 1),
(14, 139, 1),
(14, 178, 1),
(14, 141, 1),
(14, 185, 1),
(12, 185, 1),
(12, 144, 1),
(12, 177, 1),
(15, 163, 1),
(12, 158, 1),
(15, 158, 1),
(15, 157, 1),
(15, 165, 1),
(16, 165, 1),
(15, 114, 1),
(16, 114, 1),
(15, 176, 1),
(16, 176, 1),
(15, 160, 1),
(16, 160, 1),
(15, 179, 1),
(16, 179, 1),
(15, 175, 1),
(16, 175, 1),
(15, 145, 1),
(16, 145, 1),
(14, 1, 1),
(14, 2, 1),
(14, 3, 1),
(14, 5, 1),
(14, 188, 1),
(14, 200, 1),
(14, 193, 1),
(14, 198, 1),
(14, 196, 1),
(16, 196, 1),
(14, 201, 1),
(14, 194, 1),
(14, 199, 1),
(14, 197, 1),
(14, 195, 1),
(14, 190, 1),
(16, 188, 1),
(14, 191, 1),
(16, 191, 1),
(14, 189, 1),
(12, 1, 1),
(12, 2, 1),
(12, 3, 1),
(12, 4, 1),
(12, 5, 1),
(12, 111, 1),
(12, 112, 1),
(12, 115, 1),
(12, 186, 1),
(12, 187, 1),
(12, 188, 1),
(12, 189, 1),
(12, 190, 1),
(12, 191, 1),
(12, 192, 1),
(12, 193, 1),
(12, 194, 1),
(12, 195, 1),
(23, 188, 1),
(12, 217, 1),
(23, 190, 1),
(12, 219, 1),
(12, 220, 1),
(14, 4, 1),
(14, 186, 1),
(14, 187, 1),
(14, 192, 1),
(14, 202, 1),
(14, 203, 1),
(14, 204, 1),
(14, 205, 1),
(14, 206, 1),
(14, 207, 1),
(14, 208, 1),
(14, 209, 1),
(14, 210, 1),
(14, 211, 1),
(14, 212, 1),
(14, 213, 1),
(14, 214, 1),
(14, 215, 1),
(14, 216, 1),
(14, 217, 1),
(14, 218, 1),
(14, 219, 1),
(14, 220, 1),
(15, 1, 1),
(15, 2, 1),
(15, 3, 1),
(15, 4, 1),
(15, 5, 1),
(15, 111, 1),
(15, 112, 1),
(15, 115, 1),
(15, 139, 1),
(15, 141, 1),
(15, 144, 1),
(15, 161, 1),
(15, 185, 1),
(15, 186, 1),
(15, 187, 1),
(15, 188, 1),
(15, 189, 1),
(15, 190, 1),
(15, 191, 1),
(15, 192, 1),
(15, 193, 1),
(15, 194, 1),
(15, 195, 1),
(15, 196, 1),
(22, 141, 1),
(15, 198, 1),
(15, 199, 1),
(15, 200, 1),
(15, 201, 1),
(15, 202, 1),
(15, 203, 1),
(15, 204, 1),
(15, 205, 1),
(15, 214, 1),
(15, 215, 1),
(15, 216, 1),
(15, 217, 1),
(21, 206, 1),
(15, 219, 1),
(15, 220, 1),
(16, 1, 1),
(16, 2, 1),
(16, 3, 1),
(16, 4, 1),
(16, 5, 1),
(16, 111, 1),
(16, 112, 1),
(16, 115, 1),
(16, 139, 1),
(16, 141, 1),
(16, 144, 1),
(16, 161, 1),
(16, 185, 1),
(16, 186, 1),
(16, 187, 1),
(16, 189, 1),
(16, 190, 1),
(16, 192, 1),
(16, 193, 1),
(16, 194, 1),
(16, 195, 1),
(16, 197, 1),
(16, 198, 1),
(16, 199, 1),
(16, 200, 1),
(16, 201, 1),
(16, 202, 1),
(16, 203, 1),
(16, 204, 1),
(16, 205, 1),
(16, 214, 1),
(16, 215, 1),
(16, 216, 1),
(16, 217, 1),
(16, 218, 1),
(16, 219, 1),
(16, 220, 1),
(14, 221, 1),
(16, 221, 1),
(14, 222, 1),
(14, 6, 1),
(14, 7, 1),
(14, 9, 1),
(14, 10, 1),
(14, 11, 1),
(12, 205, 1),
(12, 203, 1),
(16, 206, 1),
(12, 204, 1),
(15, 206, 1),
(12, 206, 1),
(16, 222, 1),
(12, 222, 1),
(12, 221, 1),
(12, 11, 1),
(12, 6, 1),
(12, 7, 1),
(16, 210, 1),
(21, 189, 1),
(12, 211, 1),
(12, 209, 1),
(12, 210, 1),
(12, 208, 1),
(12, 199, 1),
(12, 197, 1),
(12, 200, 1),
(12, 198, 1),
(12, 196, 1),
(12, 223, 1),
(14, 224, 1),
(12, 224, 1),
(12, 202, 1),
(12, 214, 1),
(12, 213, 1),
(21, 204, 1),
(21, 191, 1),
(12, 10, 1),
(12, 9, 1),
(12, 207, 1),
(12, 212, 1),
(12, 8, 1),
(14, 8, 1),
(12, 225, 1),
(14, 225, 1),
(14, 227, 1),
(12, 227, 1),
(16, 211, 1),
(12, 215, 1),
(23, 203, 1),
(23, 205, 1),
(24, 200, 1),
(24, 194, 1),
(24, 188, 1),
(24, 203, 1),
(24, 190, 1),
(24, 205, 1),
(25, 227, 1),
(25, 210, 1),
(25, 211, 1),
(25, 200, 1),
(25, 195, 1),
(25, 194, 1),
(21, 187, 1),
(21, 202, 1),
(21, 186, 1),
(24, 187, 1),
(24, 202, 1),
(26, 144, 1),
(26, 139, 1),
(26, 141, 1),
(24, 6, 1),
(26, 205, 1),
(26, 203, 1),
(26, 191, 1),
(26, 189, 1),
(26, 187, 1),
(26, 202, 1),
(26, 186, 1),
(26, 161, 1),
(26, 6, 1),
(26, 188, 1),
(26, 190, 1),
(24, 207, 1),
(24, 192, 1),
(24, 211, 1),
(24, 210, 1),
(24, 227, 1),
(24, 195, 1);

-- --------------------------------------------------------

--
-- Table structure for table `invoice`
--

CREATE TABLE IF NOT EXISTS `invoice` (
  `id` int(11) NOT NULL AUTO_INCREMENT,
  `sales_order_id` int(11) NOT NULL,
  `date` date NOT NULL,
  `due_date` date NOT NULL,
  `datetime` datetime NOT NULL,
  `in_no` varchar(50) NOT NULL,
  `remark` varchar(1024) NOT NULL,
  `amount` decimal(14,2) NOT NULL,
  `discount` decimal(14,2) NOT NULL,
  `status` varchar(2) NOT NULL,
  `user_id` int(11) NOT NULL,
  `sub_total` decimal(14,2) NOT NULL,
  `tax` decimal(14,2) NOT NULL,
  `other_charge` decimal(14,2) NOT NULL,
  `original_amount` decimal(14,2) NOT NULL COMMENT 'amount asli bila selain IDR',
  `faktur` varchar(20) NOT NULL,
  `dipungut` varchar(3) NOT NULL,
  `rate_id` int(11) NOT NULL,
  PRIMARY KEY (`id`)
) ENGINE=MyISAM  DEFAULT CHARSET=latin1 AUTO_INCREMENT=21 ;

--
-- Dumping data for table `invoice`
--

INSERT INTO `invoice` (`id`, `sales_order_id`, `date`, `due_date`, `datetime`, `in_no`, `remark`, `amount`, `discount`, `status`, `user_id`, `sub_total`, `tax`, `other_charge`, `original_amount`, `faktur`, `dipungut`, `rate_id`) VALUES
(15, 5, '2015-03-03', '2015-03-31', '2015-03-29 16:48:07', '00002BP0315', 'OK Bro', '56500000.00', '0.00', 'P', 2, '50000000.00', '5000000.00', '1500000.00', '0.00', '010.003.15.16336486', 'yes', 5),
(14, 5, '2015-03-01', '2015-03-31', '2015-03-29 16:47:21', '00001BP0315', 'OK', '255000000.00', '0.00', 'P', 2, '230000000.00', '23000000.00', '2000000.00', '0.00', '010.003.15.16336485', 'yes', 5),
(16, 1, '2015-03-01', '2015-03-31', '2015-03-29 17:45:19', '00003BP0315', 'OK', '1840000.00', '0.00', 'P', 2, '1400000.00', '140000.00', '300000.00', '0.00', '010.003.15.16336487', 'yes', 5),
(17, 15, '2015-04-03', '2015-04-30', '2015-04-03 14:47:43', '00004BP0415', 'Segera ya', '21152.27', '0.00', 'P', 2, '19202.06', '1920.21', '30.00', '0.00', '010.003.15.16336526', 'yes', 7),
(18, 3, '2015-04-12', '2015-04-14', '2015-04-12 15:21:12', '00005BP0415', 'Proses ASAP..', '72500000.00', '0.00', 'N', 2, '65000000.00', '6500000.00', '1000000.00', '0.00', '010.003.15.16336527', 'yes', 5),
(19, 18, '2015-04-13', '2015-04-14', '2015-04-12 15:40:05', '00006BP0415', 'OK', '3080.00', '0.00', 'N', 2, '2800.00', '280.00', '0.00', '0.00', '010.003.15.16336528', 'yes', 7),
(20, 20, '2015-05-14', '2015-05-30', '2015-05-14 04:11:50', '00007BP0515', '', '6299260.00', '0.00', 'R', 2, '440.00', '44.00', '0.00', '484.00', '070.003.15.16336530', 'no', 7);

-- --------------------------------------------------------

--
-- Table structure for table `invoice_detail`
--

CREATE TABLE IF NOT EXISTS `invoice_detail` (
  `id` int(11) NOT NULL AUTO_INCREMENT,
  `invoice_id` int(11) NOT NULL,
  `do_id` int(11) NOT NULL,
  PRIMARY KEY (`id`)
) ENGINE=MyISAM  DEFAULT CHARSET=latin1 AUTO_INCREMENT=37 ;

--
-- Dumping data for table `invoice_detail`
--

INSERT INTO `invoice_detail` (`id`, `invoice_id`, `do_id`) VALUES
(35, 19, 27),
(34, 18, 8),
(33, 17, 19),
(32, 17, 18),
(31, 16, 7),
(30, 15, 15),
(29, 15, 14),
(28, 14, 12),
(27, 14, 9),
(36, 20, 28);

-- --------------------------------------------------------

--
-- Table structure for table `invoice_po`
--

CREATE TABLE IF NOT EXISTS `invoice_po` (
  `id` int(11) NOT NULL AUTO_INCREMENT,
  `purchase_order_id` int(11) NOT NULL,
  `date` date NOT NULL,
  `due_date` date NOT NULL,
  `datetime` datetime NOT NULL,
  `in_no` varchar(50) NOT NULL,
  `remark` varchar(1024) NOT NULL,
  `amount` decimal(14,2) NOT NULL,
  `original_amount` decimal(14,2) NOT NULL,
  `status` varchar(2) NOT NULL,
  `user_id` int(11) NOT NULL,
  `sub_total` decimal(14,2) NOT NULL,
  `tax` decimal(14,2) NOT NULL,
  `rate_id` int(11) NOT NULL,
  `account` varchar(10) NOT NULL,
  `invoice_suplier` varchar(100) NOT NULL,
  `invoice_date` date NOT NULL,
  `tax_no` varchar(100) NOT NULL,
  PRIMARY KEY (`id`)
) ENGINE=MyISAM  DEFAULT CHARSET=latin1 AUTO_INCREMENT=4 ;

--
-- Dumping data for table `invoice_po`
--

INSERT INTO `invoice_po` (`id`, `purchase_order_id`, `date`, `due_date`, `datetime`, `in_no`, `remark`, `amount`, `original_amount`, `status`, `user_id`, `sub_total`, `tax`, `rate_id`, `account`, `invoice_suplier`, `invoice_date`, `tax_no`) VALUES
(1, 7, '2015-04-25', '2015-04-28', '2015-04-25 21:20:10', '00001BP-AP0415', 'OK Bro', '0.00', '0.00', 'R', 2, '40000000.00', '4000000.00', 5, '', '', '0000-00-00', ''),
(2, 7, '2015-04-24', '2015-04-26', '2015-04-25 21:53:29', '00002BP-AP0415', 'Remark 1', '44000000.00', '44000000.00', 'R', 2, '40000000.00', '4000000.00', 5, '', 'INV S 001', '2015-04-27', '90002'),
(3, 7, '2015-04-29', '2015-05-13', '2015-04-28 05:40:19', '00003BP-AP0415', 'OK.', '44000000.00', '44000000.00', 'N', 2, '40000000.00', '4000000.00', 5, '232610', 'INV-0019', '2015-04-29', '990019');

-- --------------------------------------------------------

--
-- Table structure for table `invoice_po_detail`
--

CREATE TABLE IF NOT EXISTS `invoice_po_detail` (
  `id` int(11) NOT NULL AUTO_INCREMENT,
  `invoice_po_id` int(11) NOT NULL,
  `gr_id` int(11) NOT NULL,
  PRIMARY KEY (`id`)
) ENGINE=MyISAM  DEFAULT CHARSET=latin1 AUTO_INCREMENT=5 ;

--
-- Dumping data for table `invoice_po_detail`
--

INSERT INTO `invoice_po_detail` (`id`, `invoice_po_id`, `gr_id`) VALUES
(1, 2, 4),
(2, 2, 5),
(3, 3, 4),
(4, 3, 5);

-- --------------------------------------------------------

--
-- Table structure for table `jurnal`
--

CREATE TABLE IF NOT EXISTS `jurnal` (
  `id` int(11) NOT NULL AUTO_INCREMENT,
  `move` varchar(1) NOT NULL,
  `account` varchar(11) NOT NULL,
  `amount` decimal(14,2) NOT NULL,
  `amount_real` decimal(14,2) NOT NULL,
  `referal_id` int(11) NOT NULL COMMENT 'ID dari table Invoice / Acc Payable / Pelunasan',
  `type` varchar(2) NOT NULL COMMENT 'should be "ar", "ap", "pl" (pelunasan)"',
  `datetime` datetime NOT NULL,
  `status` varchar(1) NOT NULL COMMENT '"A" Active, "R" Removed',
  `description` varchar(100) NOT NULL,
  `latest_datetime` datetime NOT NULL,
  `latest_userid` int(11) NOT NULL,
  PRIMARY KEY (`id`)
) ENGINE=MyISAM  DEFAULT CHARSET=latin1 AUTO_INCREMENT=137 ;

--
-- Dumping data for table `jurnal`
--

INSERT INTO `jurnal` (`id`, `move`, `account`, `amount`, `amount_real`, `referal_id`, `type`, `datetime`, `status`, `description`, `latest_datetime`, `latest_userid`) VALUES
(73, 'C', '132110', '31334000.00', '31334000.00', 15, 'pl', '2015-04-08 07:09:48', 'R', 'Tax BP-JV/04/15/00002', '0000-00-00 00:00:00', 0),
(72, 'D', '131110', '2024000.00', '2024000.00', 15, 'pl', '2015-04-08 07:09:48', 'R', 'Total Invoice 00003/BP/03/15 On Voucher BP-JV/04/15/00002', '0000-00-00 00:00:00', 0),
(70, 'D', '131110', '280500000.00', '280500000.00', 15, 'pl', '2015-04-08 07:09:48', 'R', 'Total Invoice 00001/BP/03/15 On Voucher BP-JV/04/15/00002', '0000-00-00 00:00:00', 0),
(71, 'C', '132110', '1840000.00', '1840000.00', 15, 'pl', '2015-04-08 07:09:48', 'R', 'Sub Total Invoice 00003/BP/03/15 On Voucher BP-JV/04/15/00002', '0000-00-00 00:00:00', 0),
(48, 'C', '121110', '3344933.09', '257.01', 17, 'ar', '2015-04-03 14:47:43', 'A', 'Tax 00004BP0415', '0000-00-00 00:00:00', 0),
(47, 'D', '411110', '36794263.99', '2827.07', 17, 'ar', '2015-04-03 14:47:43', 'A', 'Total Barang ACETIC ACID On Invoice 00004BP0415', '0000-00-00 00:00:00', 0),
(46, 'C', '121110', '33449330.90', '2570.06', 17, 'ar', '2015-04-03 14:47:43', 'A', 'Sub Total Barang ACETIC ACID On Invoice 00004BP0415', '0000-00-00 00:00:00', 0),
(45, 'C', '131111', '21646548.00', '1663.20', 17, 'ar', '2015-04-03 14:47:43', 'A', 'Tax 00004BP0415', '0000-00-00 00:00:00', 0),
(44, 'D', '131111', '238112028.00', '18295.20', 17, 'ar', '2015-04-03 14:47:43', 'A', 'Total Barang A-ACID On Invoice 00004BP0415', '0000-00-00 00:00:00', 0),
(43, 'C', '131111', '216465480.00', '16632.00', 17, 'ar', '2015-04-03 14:47:43', 'A', 'Sub Total Barang A-ACID On Invoice 00004BP0415', '0000-00-00 00:00:00', 0),
(42, 'C', '131111', '140000.00', '140000.00', 16, 'ar', '2015-03-29 17:45:19', 'R', 'Tax 00003BP0315', '0000-00-00 00:00:00', 0),
(41, 'D', '131111', '1540000.00', '1540000.00', 16, 'ar', '2015-03-29 17:45:19', 'R', 'Total Barang PIGBASOL BROWN BP On Invoice 00003BP0315', '0000-00-00 00:00:00', 0),
(40, 'C', '131111', '1400000.00', '1400000.00', 16, 'ar', '2015-03-29 17:45:19', 'R', 'Sub Total Barang PIGBASOL BROWN BP On Invoice 00003BP0315', '0000-00-00 00:00:00', 0),
(28, 'C', '121110', '175000000.00', '175000000.00', 14, 'ar', '2015-03-29 16:47:21', 'A', 'Sub Total Barang ACETIC ACID On Invoice 00001BP0315', '0000-00-00 00:00:00', 0),
(29, 'D', '411110', '192500000.00', '192500000.00', 14, 'ar', '2015-03-29 16:47:21', 'A', 'Total Barang ACETIC ACID On Invoice 00001BP0315', '0000-00-00 00:00:00', 0),
(30, 'C', '121110', '17500000.00', '17500000.00', 14, 'ar', '2015-03-29 16:47:21', 'A', 'Tax 00001BP0315', '0000-00-00 00:00:00', 0),
(31, 'C', '121110', '55000000.00', '55000000.00', 14, 'ar', '2015-03-29 16:47:21', 'A', 'Sub Total Barang ACETIC ACID On Invoice 00001BP0315', '0000-00-00 00:00:00', 0),
(32, 'D', '411110', '60500000.00', '60500000.00', 14, 'ar', '2015-03-29 16:47:21', 'A', 'Total Barang ACETIC ACID On Invoice 00001BP0315', '0000-00-00 00:00:00', 0),
(33, 'C', '121110', '5500000.00', '5500000.00', 14, 'ar', '2015-03-29 16:47:21', 'A', 'Tax 00001BP0315', '0000-00-00 00:00:00', 0),
(34, 'C', '121110', '25000000.00', '25000000.00', 15, 'ar', '2015-03-29 16:48:07', 'R', 'Sub Total Barang ACR 850 On Invoice 00002BP0315', '0000-00-00 00:00:00', 0),
(35, 'D', '411110', '27500000.00', '27500000.00', 15, 'ar', '2015-03-29 16:48:07', 'R', 'Total Barang ACR 850 On Invoice 00002BP0315', '0000-00-00 00:00:00', 0),
(36, 'C', '121110', '2500000.00', '2500000.00', 15, 'ar', '2015-03-29 16:48:07', 'R', 'Tax 00002BP0315', '0000-00-00 00:00:00', 0),
(37, 'C', '121110', '25000000.00', '25000000.00', 15, 'ar', '2015-03-29 16:48:07', 'R', 'Sub Total Barang ACETIC ACID On Invoice 00002BP0315', '0000-00-00 00:00:00', 0),
(38, 'D', '411110', '27500000.00', '27500000.00', 15, 'ar', '2015-03-29 16:48:07', 'R', 'Total Barang ACETIC ACID On Invoice 00002BP0315', '0000-00-00 00:00:00', 0),
(39, 'C', '121110', '2500000.00', '2500000.00', 15, 'ar', '2015-03-29 16:48:07', 'R', 'Tax 00002BP0315', '0000-00-00 00:00:00', 0),
(69, 'C', '132110', '255000000.00', '255000000.00', 15, 'pl', '2015-04-08 07:09:48', 'R', 'Sub Total Invoice 00001/BP/03/15 On Voucher BP-JV/04/15/00002', '0000-00-00 00:00:00', 0),
(68, 'D', '131110', '62150000.00', '62150000.00', 15, 'pl', '2015-04-08 07:09:48', 'R', 'Total Invoice 00002/BP/03/15 On Voucher BP-JV/04/15/00002', '0000-00-00 00:00:00', 0),
(67, 'C', '132110', '56500000.00', '56500000.00', 15, 'pl', '2015-04-08 07:09:48', 'R', 'Sub Total Invoice 00002/BP/03/15 On Voucher BP-JV/04/15/00002', '0000-00-00 00:00:00', 0),
(66, 'C', '132110', '27529679.41', '2115.23', 14, 'pl', '2015-04-08 06:46:27', 'R', 'Tax BP-JV/04/15/00001', '0000-00-00 00:00:00', 0),
(74, 'C', '132110', '275296794.05', '21152.27', 16, 'pl', '2015-04-11 11:30:31', 'A', 'Sub Total Invoice 00004/BP/04/15 On Voucher BP-JV/04/15/00003', '0000-00-00 00:00:00', 0),
(65, 'D', '131110', '302826473.46', '23267.50', 14, 'pl', '2015-04-08 06:46:27', 'R', 'Total Invoice 00004/BP/04/15 On Voucher BP-JV/04/15/00001', '0000-00-00 00:00:00', 0),
(64, 'C', '132110', '275296794.05', '21152.27', 14, 'pl', '2015-04-08 06:46:27', 'R', 'Sub Total Invoice 00004/BP/04/15 On Voucher BP-JV/04/15/00001', '0000-00-00 00:00:00', 0),
(75, 'D', '131110', '302826473.46', '23267.50', 16, 'pl', '2015-04-11 11:30:31', 'A', 'Total Invoice 00004/BP/04/15 On Voucher BP-JV/04/15/00003', '0000-00-00 00:00:00', 0),
(76, 'C', '132110', '27529679.41', '2115.23', 16, 'pl', '2015-04-11 11:30:31', 'A', 'Tax BP-JV/04/15/00003', '0000-00-00 00:00:00', 0),
(77, 'C', '121110', '65000000.00', '65000000.00', 18, 'ar', '2015-04-12 15:21:12', 'A', 'Sub Total Barang ACETIC ACID On Invoice 00005BP0415', '0000-00-00 00:00:00', 0),
(78, 'D', '411110', '71500000.00', '71500000.00', 18, 'ar', '2015-04-12 15:21:12', 'A', 'Total Barang ACETIC ACID On Invoice 00005BP0415', '0000-00-00 00:00:00', 0),
(79, 'C', '121110', '6500000.00', '6500000.00', 18, 'ar', '2015-04-12 15:21:12', 'A', 'Tax 00005BP0415', '0000-00-00 00:00:00', 0),
(80, 'C', '121110', '36442000.00', '2800.00', 19, 'ar', '2015-04-12 15:40:05', 'A', 'Sub Total Barang ACETIC ACID On Invoice 00006BP0415', '0000-00-00 00:00:00', 0),
(81, 'D', '411110', '40086200.00', '3080.00', 19, 'ar', '2015-04-12 15:40:05', 'A', 'Total Barang ACETIC ACID On Invoice 00006BP0415', '0000-00-00 00:00:00', 0),
(82, 'C', '121110', '3644200.00', '280.00', 19, 'ar', '2015-04-12 15:40:05', 'A', 'Tax 00006BP0415', '0000-00-00 00:00:00', 0),
(84, 'C', '211110', '500000.00', '500000.00', 18, 'pl', '2015-04-15 23:16:15', 'R', 'Cash 211110 On Voucher BP-JV/04/15/00004', '2015-04-19 23:46:24', 2),
(85, 'C', '262110', '1000000.00', '1000000.00', 18, 'pl', '2015-04-15 23:16:15', 'R', 'Cash 262110 On Voucher BP-JV/04/15/00004', '0000-00-00 00:00:00', 0),
(86, 'D', '112110', '2100000.00', '1500000.00', 18, 'pl', '2015-04-15 23:16:15', 'R', 'Bank Receipt Cash BP-JV/04/15/00004', '2015-04-19 23:47:23', 2),
(88, 'C', '631120', '300000.00', '300000.00', 18, 'pl', '2015-04-19 23:45:09', 'R', 'Cash 631120 On Voucher 00004BP-JV0415', '0000-00-00 00:00:00', 0),
(89, 'C', '611120', '200000.00', '200000.00', 18, 'pl', '2015-04-19 23:47:23', 'R', 'Cash 611120 On Voucher 00004BP-JV0415', '0000-00-00 00:00:00', 0),
(90, 'C', '611110', '600000.00', '600000.00', 18, 'pl', '2015-04-19 23:47:23', 'R', 'Cash 611110 On Voucher 00004BP-JV0415', '0000-00-00 00:00:00', 0),
(91, 'C', '132110', '1840000.00', '1840000.00', 15, 'pl', '2015-04-20 21:30:28', 'R', 'Sub Total Invoice 00003/BP/03/15 On Voucher BP-JV/04/15/00002', '0000-00-00 00:00:00', 0),
(92, 'D', '131110', '2024000.00', '2024000.00', 15, 'pl', '2015-04-20 21:30:28', 'R', 'Total Invoice 00003/BP/03/15 On Voucher BP-JV/04/15/00002', '0000-00-00 00:00:00', 0),
(93, 'C', '132110', '56500000.00', '56500000.00', 15, 'pl', '2015-04-20 21:30:28', 'R', 'Sub Total Invoice 00002/BP/03/15 On Voucher BP-JV/04/15/00002', '0000-00-00 00:00:00', 0),
(94, 'D', '131110', '62150000.00', '62150000.00', 15, 'pl', '2015-04-20 21:30:28', 'R', 'Total Invoice 00002/BP/03/15 On Voucher BP-JV/04/15/00002', '0000-00-00 00:00:00', 0),
(95, 'C', '132110', '255000000.00', '255000000.00', 15, 'pl', '2015-04-20 21:30:28', 'R', 'Sub Total Invoice 00001/BP/03/15 On Voucher BP-JV/04/15/00002', '0000-00-00 00:00:00', 0),
(96, 'D', '131110', '280500000.00', '280500000.00', 15, 'pl', '2015-04-20 21:30:28', 'R', 'Total Invoice 00001/BP/03/15 On Voucher BP-JV/04/15/00002', '0000-00-00 00:00:00', 0),
(97, 'C', '0', '72500000.00', '72500000.00', 15, 'pl', '2015-04-20 21:30:28', 'R', 'Sub Total Invoice 00005/BP/04/15 On Voucher BP-JV/04/15/00002', '0000-00-00 00:00:00', 0),
(98, 'D', '0', '79750000.00', '79750000.00', 15, 'pl', '2015-04-20 21:30:28', 'R', 'Total Invoice 00005/BP/04/15 On Voucher BP-JV/04/15/00002', '0000-00-00 00:00:00', 0),
(99, 'C', '0', '38584000.00', '38584000.00', 15, 'pl', '2015-04-20 21:30:28', 'R', 'Tax BP-JV/04/15/00002', '0000-00-00 00:00:00', 0),
(100, 'C', '0', '0.00', '0.00', 15, 'pl', '2015-04-20 21:47:14', 'R', 'Tax ', '0000-00-00 00:00:00', 0),
(101, 'C', '0', '72500000.00', '72500000.00', 15, 'pl', '2015-04-20 21:51:48', 'R', 'Sub Total Invoice 00005/BP/04/15 On Voucher BP-JV/04/15/00002', '0000-00-00 00:00:00', 0),
(102, 'D', '0', '79750000.00', '79750000.00', 15, 'pl', '2015-04-20 21:51:48', 'R', 'Total Invoice 00005/BP/04/15 On Voucher BP-JV/04/15/00002', '0000-00-00 00:00:00', 0),
(103, 'C', '0', '7250000.00', '7250000.00', 15, 'pl', '2015-04-20 21:51:48', 'R', 'Tax BP-JV/04/15/00002', '0000-00-00 00:00:00', 0),
(104, 'C', '121110', '255000000.00', '255000000.00', 15, 'pl', '2015-04-20 22:05:53', 'A', 'Sub Total Invoice 00001/BP/03/15 On Voucher BP-JV/04/15/00002', '0000-00-00 00:00:00', 0),
(105, 'D', '411110', '280500000.00', '280500000.00', 15, 'pl', '2015-04-20 22:05:53', 'A', 'Total Invoice 00001/BP/03/15 On Voucher BP-JV/04/15/00002', '0000-00-00 00:00:00', 0),
(106, 'C', '121110', '56500000.00', '56500000.00', 15, 'pl', '2015-04-20 22:05:53', 'A', 'Sub Total Invoice 00002/BP/03/15 On Voucher BP-JV/04/15/00002', '0000-00-00 00:00:00', 0),
(107, 'D', '411110', '62150000.00', '62150000.00', 15, 'pl', '2015-04-20 22:05:53', 'A', 'Total Invoice 00002/BP/03/15 On Voucher BP-JV/04/15/00002', '0000-00-00 00:00:00', 0),
(108, 'C', '131111', '1840000.00', '1840000.00', 15, 'pl', '2015-04-20 22:05:53', 'A', 'Sub Total Invoice 00003/BP/03/15 On Voucher BP-JV/04/15/00002', '0000-00-00 00:00:00', 0),
(109, 'D', '131111', '2024000.00', '2024000.00', 15, 'pl', '2015-04-20 22:05:53', 'A', 'Total Invoice 00003/BP/03/15 On Voucher BP-JV/04/15/00002', '0000-00-00 00:00:00', 0),
(110, 'C', '131111', '31334000.00', '31334000.00', 15, 'pl', '2015-04-20 22:05:53', 'A', 'Tax BP-JV/04/15/00002', '0000-00-00 00:00:00', 0),
(117, 'C', '0', '0.00', '0.00', 2, 'ap', '2015-04-25 21:53:29', 'R', 'Tax 00002BP-AP0415', '0000-00-00 00:00:00', 0),
(118, 'C', '0', '0.00', '0.00', 2, 'ap', '2015-04-25 21:53:29', 'R', 'Tax 00002BP-AP0415', '0000-00-00 00:00:00', 0),
(119, 'C', '131110', '10000000.00', '10000000.00', 3, 'ap', '2015-04-28 05:40:19', 'A', 'Sub Total Barang ACETIC ACID On Invoice 00003BP-AP0415', '0000-00-00 00:00:00', 0),
(120, 'D', '211110', '11000000.00', '11000000.00', 3, 'ap', '2015-04-28 05:40:19', 'A', 'Total Barang ACETIC ACID On Invoice 00003BP-AP0415', '0000-00-00 00:00:00', 0),
(121, 'C', '131110', '1000000.00', '1000000.00', 3, 'ap', '2015-04-28 05:40:19', 'A', 'Tax 00003BP-AP0415', '0000-00-00 00:00:00', 0),
(122, 'C', '131110', '30000000.00', '30000000.00', 3, 'ap', '2015-04-28 05:40:19', 'A', 'Sub Total Barang ALBAFLOW FFA-01 On Invoice 00003BP-AP0415', '0000-00-00 00:00:00', 0),
(123, 'D', '132110', '33000000.00', '33000000.00', 3, 'ap', '2015-04-28 05:40:19', 'A', 'Total Barang ALBAFLOW FFA-01 On Invoice 00003BP-AP0415', '0000-00-00 00:00:00', 0),
(124, 'C', '131110', '3000000.00', '3000000.00', 3, 'ap', '2015-04-28 05:40:19', 'A', 'Tax 00003BP-AP0415', '0000-00-00 00:00:00', 0),
(125, 'C', '192110', '900000.00', '900000.00', 2, 'pm', '2015-04-29 10:28:30', 'D', 'Cash 192110 On Voucher BP-JV/04/15/00001', '0000-00-00 00:00:00', 0),
(126, 'C', '222120', '600000.00', '600000.00', 2, 'pm', '2015-04-29 10:28:30', 'D', 'Cash 222120 On Voucher BP-JV/04/15/00001', '2015-04-30 07:12:58', 2),
(127, 'D', '112110', '1800000.00', '1500000.00', 2, 'pm', '2015-04-29 10:28:30', 'D', 'Bank Payment Cash BP-JV/04/15/00001', '2015-04-30 07:12:58', 2),
(129, 'C', '211110', '300000.00', '300000.00', 2, 'pm', '2015-04-30 07:07:18', 'D', 'Cash 211110 On Voucher 00001BP-JV0415', '0000-00-00 00:00:00', 0),
(130, 'C', '541220', '600000.00', '600000.00', 2, 'pm', '2015-04-30 07:07:18', 'D', 'Cash 541220 On Voucher 00001BP-JV0415', '0000-00-00 00:00:00', 0),
(131, 'C', '131110', '44000000.00', '44000000.00', 4, 'pm', '2015-05-01 22:29:47', 'D', 'Sub Total Invoice 00003/BP/-A/P0 On Voucher BP-PV/05/15/00002', '0000-00-00 00:00:00', 0),
(132, 'D', '211110', '48400000.00', '48400000.00', 4, 'pm', '2015-05-01 22:29:47', 'D', 'Total Invoice 00003/BP/-A/P0 On Voucher BP-PV/05/15/00002', '0000-00-00 00:00:00', 0),
(133, 'C', '131110', '4400000.00', '4400000.00', 4, 'pm', '2015-05-01 22:29:47', 'D', 'Tax BP-PV/05/15/00002', '0000-00-00 00:00:00', 0),
(134, 'C', '121110', '5726600.00', '440.00', 20, 'ar', '2015-05-14 04:11:50', 'R', 'Sub Total Barang PANASIL MA On Invoice 00007BP0515', '0000-00-00 00:00:00', 0),
(135, 'D', '411110', '6299260.00', '484.00', 20, 'ar', '2015-05-14 04:11:50', 'R', 'Total Barang PANASIL MA On Invoice 00007BP0515', '0000-00-00 00:00:00', 0),
(136, 'C', '121110', '572660.00', '44.00', 20, 'ar', '2015-05-14 04:11:50', 'R', 'Tax 00007BP0515', '0000-00-00 00:00:00', 0);

-- --------------------------------------------------------

--
-- Table structure for table `karyawan`
--

CREATE TABLE IF NOT EXISTS `karyawan` (
  `id` int(11) NOT NULL AUTO_INCREMENT,
  `name` varchar(100) NOT NULL,
  `email` varchar(50) NOT NULL,
  `karyawan_divisi_id` int(11) NOT NULL,
  `lokasi_id` int(11) NOT NULL,
  PRIMARY KEY (`id`)
) ENGINE=MyISAM  DEFAULT CHARSET=latin1 AUTO_INCREMENT=49 ;

--
-- Dumping data for table `karyawan`
--

INSERT INTO `karyawan` (`id`, `name`, `email`, `karyawan_divisi_id`, `lokasi_id`) VALUES
(1, 'Agus Salim', '', 3, 1),
(2, 'Dhimas I.S', 'dimas@bhakti.com', 3, 1),
(4, 'Dody', 'dody@bhakti.com', 2, 1),
(5, 'Agung', 'agung@bhakti.com', 2, 2),
(6, 'Gugun', 'gugun@bhakti.com', 3, 1),
(7, 'Tato Hendarto', '', 3, 1),
(8, 'H. Musbar Chaniago', '', 1, 1),
(9, 'Mustofa', '', 3, 1),
(10, 'Suherman', '', 2, 1),
(11, 'Bambang A. S', '', 1, 1),
(12, 'Hevi Puspita', '', 3, 1),
(14, 'Rusmiati', '', 3, 1),
(15, 'Jaja Zakaria', '', 2, 1),
(16, 'Karju', '', 2, 1),
(17, 'Andreas Eko N. P.', '', 2, 1),
(18, 'Rusnendar', '', 2, 1),
(19, 'Ali Rachman', '', 2, 1),
(20, 'Manto Supardjo', '', 2, 1),
(21, 'Entong B Jaya', '', 2, 1),
(22, 'Herman', '', 2, 1),
(23, 'Sukron Makmun', '', 2, 1),
(24, 'Endar', '', 2, 1),
(25, 'Prayudhi', 'Prayudhi@gmail.com', 2, 1),
(26, 'Budi Suryatman', 'Budi@gmail.com', 2, 1),
(27, 'Legowo', 'Legowo@gmail', 2, 1),
(28, 'Firman', '', 3, 1),
(30, 'Yaya Suharya', '', 3, 1),
(31, 'Hadi Prayitno', '', 3, 1),
(32, 'Yantoro', '', 3, 1),
(34, 'Diki Iskandar', '', 1, 2),
(35, 'Siti Aisyah', '', 3, 2),
(36, 'Yusep Ibrahim', '', 1, 2),
(37, 'Haris Ridwan', '', 2, 2),
(38, 'Dian Nur Pratiwi', '', 3, 2),
(39, 'Heri', '', 2, 2),
(40, 'Sugianto', '', 1, 2),
(41, 'Tri Susilo', '', 1, 3),
(42, 'Anny Sri Andarini', '', 3, 3),
(43, 'Sudarwin', '', 1, 3),
(44, 'Eka Yanti', '', 3, 3),
(45, 'M. Bernando', '', 2, 3),
(46, 'Bambang', '', 2, 3),
(48, 'Yersi Dheryabhin S', 'yersi@gmail.com', 1, 1);

-- --------------------------------------------------------

--
-- Table structure for table `karyawan_divisi`
--

CREATE TABLE IF NOT EXISTS `karyawan_divisi` (
  `id` int(11) NOT NULL AUTO_INCREMENT,
  `name` varchar(100) NOT NULL,
  `remark` varchar(255) NOT NULL,
  PRIMARY KEY (`id`),
  UNIQUE KEY `name` (`name`)
) ENGINE=MyISAM  DEFAULT CHARSET=latin1 AUTO_INCREMENT=4 ;

--
-- Dumping data for table `karyawan_divisi`
--

INSERT INTO `karyawan_divisi` (`id`, `name`, `remark`) VALUES
(1, 'Marketing', 'Marketing Perusahaan'),
(2, 'Operational', 'Bagian Operational'),
(3, 'GA', 'General Afair');

-- --------------------------------------------------------

--
-- Table structure for table `log`
--

CREATE TABLE IF NOT EXISTS `log` (
  `id` int(11) NOT NULL AUTO_INCREMENT,
  `user_id` int(11) NOT NULL,
  `datetime` datetime NOT NULL,
  `module_id` int(11) NOT NULL,
  `ip_address` varchar(15) NOT NULL,
  `keterangan` varchar(900) NOT NULL,
  `store_id` int(11) NOT NULL,
  PRIMARY KEY (`id`),
  UNIQUE KEY `user_id` (`user_id`,`datetime`,`module_id`,`ip_address`,`keterangan`)
) ENGINE=MyISAM  DEFAULT CHARSET=latin1 AUTO_INCREMENT=925 ;

--
-- Dumping data for table `log`
--

INSERT INTO `log` (`id`, `user_id`, `datetime`, `module_id`, `ip_address`, `keterangan`, `store_id`) VALUES
(924, 43, '2015-05-30 05:59:28', 215, '202.62.16.177', 'Logout Success', 0),
(923, 43, '2015-05-30 05:48:35', 214, '202.62.16.177', 'Add Open New Period Yearly [] Success', 0),
(922, 43, '2015-05-30 05:48:02', 213, '202.62.16.177', 'Add Create Begin Begining Yearly [] Success', 0),
(921, 43, '2015-05-30 05:42:36', 224, '202.62.16.177', 'Update Rate-11', 0),
(920, 43, '2015-05-30 05:41:00', 224, '202.62.16.177', 'Update Rate-12', 0),
(919, 43, '2015-05-30 05:37:06', 224, '202.62.16.177', 'Update Rate-14', 0),
(918, 43, '2015-05-30 05:36:26', 224, '202.62.16.177', 'Update Rate-13', 0),
(917, 43, '2015-05-30 05:33:46', 224, '202.62.16.177', 'Update Rate-13', 0),
(916, 43, '2015-05-30 05:28:47', 224, '202.62.16.177', 'Update Rate-14', 0),
(915, 2, '2015-05-30 05:28:16', 144, '202.62.16.177', 'Delete Barang PC01P000372', 0),
(914, 43, '2015-05-30 05:21:36', 224, '202.62.16.177', 'Add Currency Rate [] Success', 0),
(913, 43, '2015-05-30 05:14:08', 5, '202.62.16.177', 'Update Cart Of Account-111111', 0),
(912, 43, '2015-05-30 05:13:57', 5, '202.62.16.177', 'Update Cart Of Account-111110', 0),
(911, 43, '2015-05-30 03:05:01', 1, '202.62.16.177', 'Login Success', 0),
(910, 2, '2015-05-30 02:58:59', 1, '202.62.16.177', 'Login Success', 0),
(909, 50, '2015-05-28 21:14:29', 203, '139.193.116.228', 'Logout Success', 0),
(908, 50, '2015-05-28 21:04:51', 1, '139.193.116.228', 'Login Success', 0),
(907, 44, '2015-05-28 06:13:10', 111, '139.193.116.196', 'Logout Success', 0),
(906, 44, '2015-05-28 05:00:29', 1, '139.193.116.196', 'Login Success', 0),
(905, 47, '2015-05-28 04:55:59', 1, '36.80.213.112', 'Login Success', 0),
(904, 52, '2015-05-28 04:52:38', 1, '139.193.116.196', 'Login Success', 0),
(903, 44, '2015-05-28 04:48:18', 9, '139.193.116.196', 'Logout Success', 0),
(902, 44, '2015-05-28 03:26:37', 11, '139.193.116.196', 'Delete Barang 47', 0),
(901, 44, '2015-05-28 03:26:18', 139, '139.193.116.196', 'Edit Customer 161', 0),
(900, 50, '2015-05-28 03:09:01', 205, '139.193.116.196', 'Logout Success', 0),
(899, 50, '2015-05-28 03:08:28', 1, '139.193.116.196', 'Login Success', 0),
(898, 44, '2015-05-28 03:05:46', 1, '139.193.116.196', 'Login Success', 0),
(897, 44, '2015-05-28 03:05:08', 186, '139.193.116.196', 'Logout Success', 0),
(896, 44, '2015-05-28 03:04:53', 1, '139.193.116.196', 'Login Success', 0),
(895, 52, '2015-05-28 03:04:30', 1, '139.193.116.196', 'Logout Success', 0),
(894, 52, '2015-05-28 03:03:39', 1, '139.193.116.196', 'Login Success', 0),
(893, 47, '2015-05-28 03:03:23', 1, '139.193.116.196', 'Logout Success', 0),
(892, 47, '2015-05-28 03:03:06', 1, '139.193.116.196', 'Login Success', 0),
(891, 47, '2015-05-27 04:04:18', 1, '114.110.18.238', 'Login Success', 0),
(890, 2, '2015-05-27 04:03:25', 1, '114.110.18.238', 'Login Success', 0),
(889, 50, '2015-05-27 00:15:07', 205, '139.193.115.141', 'Logout Success', 0),
(888, 50, '2015-05-27 00:13:21', 1, '139.193.115.141', 'Login Success', 0),
(887, 47, '2015-05-26 12:16:45', 1, '112.215.66.71', 'Login Success', 0),
(886, 2, '2015-05-26 12:11:33', 1, '112.215.66.74', 'Login Success', 0),
(885, 50, '2015-05-26 03:57:02', 188, '139.193.115.141', 'Logout Success', 0),
(884, 45, '2015-05-25 23:44:16', 1, '180.253.8.173', 'Login Success', 0),
(883, 50, '2015-05-25 23:31:37', 1, '139.193.115.141', 'Login Success', 0),
(882, 2, '2015-05-25 19:18:57', 1, '112.215.66.68', 'Login Success', 0),
(881, 43, '2015-05-25 09:15:05', 205, '114.110.18.238', 'Logout Success', 0),
(880, 43, '2015-05-25 09:14:42', 1, '114.110.18.238', 'Login Success', 0),
(879, 2, '2015-05-25 07:34:21', 1, '139.255.50.106', 'Login Success', 0),
(878, 44, '2015-05-25 06:03:33', 1, '139.193.115.244', 'Login Success', 0),
(877, 52, '2015-05-25 04:35:32', 1, '139.193.115.244', 'Logout Success', 0),
(876, 52, '2015-05-25 04:35:19', 1, '139.193.115.244', 'Login Success', 0),
(875, 44, '2015-05-25 04:34:57', 191, '139.193.115.244', 'Logout Success', 0),
(874, 50, '2015-05-25 04:05:46', 188, '139.193.115.244', 'Logout Success', 0),
(873, 50, '2015-05-25 04:04:13', 1, '139.193.115.244', 'Login Success', 0),
(872, 50, '2015-05-25 02:09:38', 190, '139.193.115.244', 'Logout Success', 0),
(871, 50, '2015-05-25 02:08:59', 1, '139.193.115.244', 'Login Success', 0),
(870, 50, '2015-05-25 01:09:20', 205, '139.193.115.244', 'Logout Success', 0),
(869, 50, '2015-05-25 01:08:24', 1, '139.193.115.244', 'Login Success', 0),
(868, 49, '2015-05-25 00:04:58', 204, '110.137.241.22', 'Logout Success', 0),
(867, 49, '2015-05-24 23:59:24', 1, '110.137.241.22', 'Login Success', 0),
(866, 50, '2015-05-24 22:24:35', 186, '139.193.115.244', 'Logout Success', 0),
(865, 44, '2015-05-24 22:17:11', 203, '139.193.115.244', 'Update Purchase Order 390', 0),
(864, 44, '2015-05-24 22:15:50', 203, '139.193.115.244', 'Update Purchase Order 392', 0),
(863, 50, '2015-05-24 22:12:28', 203, '139.193.115.244', 'Add Purchase Order [BP-PO007420515] Success', 0),
(862, 50, '2015-05-24 22:12:26', 203, '139.193.115.244', 'Add Purchase Order [BP-PO007410515] Success', 0),
(861, 44, '2015-05-24 22:10:38', 11, '139.193.115.244', 'Delete Barang 29', 0),
(860, 44, '2015-05-24 22:10:03', 11, '139.193.115.244', 'Delete Barang 33', 0),
(859, 44, '2015-05-24 22:09:38', 139, '139.193.115.244', 'Edit Customer 2', 0),
(858, 50, '2015-05-24 22:06:58', 1, '139.193.115.244', 'Login Success', 0),
(857, 50, '2015-05-24 22:03:15', 190, '139.193.115.244', 'Logout Success', 0),
(856, 44, '2015-05-24 22:02:21', 1, '139.193.115.244', 'Login Success', 0),
(855, 52, '2015-05-24 22:02:18', 1, '139.193.115.244', 'Logout Success', 0),
(854, 52, '2015-05-24 22:02:10', 1, '139.193.115.244', 'Login Success', 0),
(853, 50, '2015-05-24 22:00:30', 1, '139.193.115.244', 'Login Success', 0),
(852, 2, '2015-05-22 19:02:34', 1, '112.215.66.75', 'Login Success', 0),
(851, 52, '2015-05-22 11:05:43', 1, '64.233.173.149', 'Logout Success', 0),
(850, 52, '2015-05-22 11:04:52', 1, '64.233.173.139', 'Login Success', 0),
(849, 50, '2015-05-22 05:49:20', 1, '139.193.116.211', 'Login Success', 0),
(848, 50, '2015-05-22 05:48:54', 190, '139.193.116.211', 'Logout Success', 0),
(847, 50, '2015-05-22 05:48:32', 1, '139.193.116.211', 'Login Success', 0),
(846, 50, '2015-05-22 05:20:56', 1, '139.193.116.211', 'Login Success', 0),
(845, 44, '2015-05-22 04:22:12', 1, '139.193.116.211', 'Login Success', 0),
(844, 50, '2015-05-22 02:46:48', 203, '139.193.116.211', 'Logout Success', 0),
(843, 50, '2015-05-22 02:45:50', 203, '139.193.116.211', 'Add Purchase Order [BP-PO003900515] Success', 0),
(842, 50, '2015-05-22 02:42:19', 1, '139.193.116.211', 'Login Success', 0),
(841, 43, '2015-05-22 02:09:06', 205, '114.110.18.238', 'Logout Success', 0),
(840, 43, '2015-05-22 02:05:10', 5, '114.110.18.238', 'Update Cart Of Account-313110', 0),
(839, 43, '2015-05-22 02:04:46', 5, '114.110.18.238', 'Update Cart Of Account-312110', 0),
(838, 43, '2015-05-22 02:04:18', 5, '114.110.18.238', 'Update Cart Of Account-311110', 0),
(837, 43, '2015-05-22 02:01:35', 1, '114.110.18.238', 'Login Success', 0),
(836, 2, '2015-05-21 23:04:31', 1, '139.255.50.106', 'Login Success', 0),
(835, 50, '2015-05-21 21:34:49', 190, '139.193.116.211', 'Logout Success', 0),
(834, 50, '2015-05-21 21:34:27', 1, '139.193.116.211', 'Login Success', 0),
(833, 44, '2015-05-21 05:08:14', 6, '139.193.116.200', 'Logout Success', 0),
(832, 44, '2015-05-21 05:07:12', 6, '139.193.116.200', 'Add Master Barang Formula [] Success', 0),
(831, 44, '2015-05-21 05:04:26', 1, '139.193.116.200', 'Login Success', 0),
(830, 52, '2015-05-21 05:03:23', 1, '139.193.116.200', 'Logout Success', 0),
(829, 52, '2015-05-21 05:03:07', 1, '139.193.116.200', 'Login Success', 0),
(828, 44, '2015-05-21 05:02:51', 186, '139.193.116.200', 'Logout Success', 0),
(827, 44, '2015-05-21 05:02:17', 1, '139.193.116.200', 'Login Success', 0),
(826, 2, '2015-05-21 02:37:10', 1, '139.255.50.106', 'Login Success', 0),
(825, 43, '2015-05-21 01:09:52', 5, '114.110.18.238', 'Logout Success', 0),
(824, 43, '2015-05-21 00:37:34', 5, '114.110.18.238', 'Add Cart Of Account [] Success', 0),
(823, 43, '2015-05-21 00:36:07', 222, '114.110.18.238', 'Add Cart Of Account - 4 [] Success', 0),
(822, 50, '2015-05-21 00:20:23', 203, '139.193.116.200', 'Logout Success', 0),
(821, 50, '2015-05-21 00:19:18', 1, '139.193.116.200', 'Login Success', 0),
(820, 43, '2015-05-21 00:12:32', 5, '114.110.18.238', 'Update Cart Of Account-322110', 0),
(819, 43, '2015-05-21 00:11:58', 5, '114.110.18.238', 'Update Cart Of Account-321110', 0),
(818, 43, '2015-05-21 00:10:59', 5, '114.110.18.238', 'Update Cart Of Account-231110', 0),
(817, 43, '2015-05-21 00:10:18', 5, '114.110.18.238', 'Update Cart Of Account-211110', 0),
(816, 43, '2015-05-21 00:09:37', 5, '114.110.18.238', 'Update Cart Of Account-184110', 0),
(815, 43, '2015-05-21 00:08:42', 5, '114.110.18.238', 'Update Cart Of Account-183110', 0),
(814, 43, '2015-05-21 00:07:32', 5, '114.110.18.238', 'Update Cart Of Account-182110', 0),
(813, 43, '2015-05-21 00:06:20', 5, '114.110.18.238', 'Update Cart Of Account-173110', 0),
(812, 43, '2015-05-21 00:05:09', 5, '114.110.18.238', 'Update Cart Of Account-174110', 0),
(811, 43, '2015-05-21 00:04:14', 5, '114.110.18.238', 'Update Cart Of Account-172110', 0),
(810, 43, '2015-05-21 00:03:17', 5, '114.110.18.238', 'Update Cart Of Account-121111', 0),
(809, 43, '2015-05-21 00:01:17', 1, '114.110.18.238', 'Login Success', 0),
(808, 2, '2015-05-20 05:36:59', 5, '114.110.21.14', 'Update Cart Of Account-121111', 0),
(807, 2, '2015-05-20 05:32:57', 1, '114.110.21.14', 'Login Success', 0),
(806, 52, '2015-05-20 01:47:38', 1, '64.233.173.144', 'Logout Success', 0),
(805, 52, '2015-05-20 01:47:03', 1, '64.233.173.139', 'Login Success', 0),
(804, 47, '2015-05-20 01:46:45', 1, '64.233.173.144', 'Logout Success', 0),
(803, 47, '2015-05-20 01:46:25', 1, '64.233.173.139', 'Login Success', 0),
(802, 50, '2015-05-19 21:14:27', 190, '139.193.116.200', 'Logout Success', 0),
(801, 50, '2015-05-19 21:13:49', 1, '139.193.116.200', 'Login Success', 0),
(550, 50, '2015-05-13 23:23:01', 1, '112.215.66.72', 'Logout Success', 0),
(551, 50, '2015-05-13 23:23:08', 1, '112.215.66.71', 'Login Success', 0),
(552, 50, '2015-05-13 23:32:01', 1, '112.215.66.72', 'Logout Success', 0),
(553, 50, '2015-05-13 23:34:50', 1, '112.215.66.70', 'Login Success', 0),
(554, 50, '2015-05-13 23:35:42', 190, '112.215.66.72', 'Logout Success', 0),
(555, 47, '2015-05-13 23:37:42', 1, '112.215.66.77', 'Login Success', 0),
(556, 2, '2015-05-13 23:48:55', 1, '139.193.115.204', 'Login Success', 0),
(557, 2, '2015-05-13 23:50:10', 1, '139.193.115.204', 'Login Success', 0),
(558, 2, '2015-05-13 23:51:45', 214, '139.193.115.204', 'Logout Success', 0),
(559, 2, '2015-05-14 00:09:41', 11, '112.215.66.77', 'Add Karyawan [] Success', 0),
(560, 2, '2015-05-14 00:17:01', 11, '112.215.66.74', 'Update Karyawan-24', 0),
(561, 2, '2015-05-14 00:21:31', 6, '139.193.115.204', 'Update Master Barang Sales-PC01P000036', 0),
(562, 2, '2015-05-14 00:22:36', 11, '112.215.66.69', 'Update Karyawan-26', 0),
(563, 2, '2015-05-14 00:22:42', 6, '139.193.115.204', 'Update Master Barang Sales-PC01P000036', 0),
(564, 2, '2015-05-14 00:23:09', 11, '112.215.66.76', 'Update Karyawan-27', 0),
(565, 2, '2015-05-14 00:23:29', 11, '112.215.66.69', 'Update Karyawan-25', 0),
(566, 2, '2015-05-14 00:28:00', 6, '139.193.115.204', 'Update Master Barang Sales-PC01P000036', 0),
(567, 2, '2015-05-14 00:28:37', 6, '139.193.115.204', 'Update Master Barang Sales-PC01P000036', 0),
(568, 2, '2015-05-14 00:33:34', 188, '139.193.115.204', 'Add Sales Order SBP002880515', 0),
(569, 2, '2015-05-14 00:52:10', 6, '139.193.115.204', 'Update Master Barang Sales-PC01P000956', 0),
(570, 50, '2015-05-14 02:09:20', 1, '139.193.115.204', 'Login Success', 0),
(571, 50, '2015-05-14 02:12:46', 188, '139.193.115.204', 'Add Sales Order SBP002890515', 0),
(572, 50, '2015-05-14 02:17:29', 188, '139.193.115.204', 'Add Sales Order SBP002900515', 0),
(573, 50, '2015-05-14 02:22:24', 188, '139.193.115.204', 'Add Sales Order SBP002900515', 0),
(574, 50, '2015-05-14 02:25:06', 188, '139.193.115.204', 'Add Sales Order SBP002910515', 0),
(575, 50, '2015-05-14 02:26:34', 188, '139.193.115.204', 'Add Sales Order SBP002920515', 0),
(576, 50, '2015-05-14 02:29:42', 188, '139.193.115.204', 'Add Sales Order SBP002930515', 0),
(577, 2, '2015-05-14 02:38:43', 6, '139.193.115.204', 'Add Master Barang Sales [] Success', 0),
(578, 50, '2015-05-14 02:42:26', 188, '139.193.115.204', 'Add Sales Order SBP002940515', 0),
(579, 50, '2015-05-14 02:43:54', 188, '139.193.115.204', 'Add Sales Order SBP002950515', 0),
(580, 50, '2015-05-14 02:45:45', 188, '139.193.115.204', 'Add Sales Order SBP002960515', 0),
(581, 50, '2015-05-14 02:47:30', 188, '139.193.115.204', 'Add Sales Order SBP002970515', 0),
(582, 2, '2015-05-14 02:50:32', 203, '139.193.115.204', 'Add Purchase Order [BP-PO003570515] Success', 0),
(583, 2, '2015-05-14 02:54:39', 6, '139.193.115.204', 'Add Master Barang Sales [] Success', 0),
(584, 50, '2015-05-14 02:59:05', 188, '139.193.115.204', 'Add Sales Order SBP002980515', 0),
(585, 50, '2015-05-14 03:00:26', 188, '139.193.115.204', 'Add Sales Order SBP002990515', 0),
(586, 50, '2015-05-14 03:02:33', 188, '139.193.115.204', 'Add Sales Order SBP003000515', 0),
(587, 50, '2015-05-14 03:05:23', 188, '139.193.115.204', 'Add Sales Order SBP003010515', 0),
(588, 50, '2015-05-14 03:06:25', 188, '139.193.115.204', 'Add Sales Order SBP003020515', 0),
(589, 50, '2015-05-14 03:07:52', 188, '139.193.115.204', 'Add Sales Order SBP003030515', 0),
(590, 50, '2015-05-14 03:09:57', 188, '139.193.115.204', 'Add Sales Order SBP003040515', 0),
(591, 50, '2015-05-14 03:12:17', 188, '139.193.115.204', 'Add Sales Order SBP003050515', 0),
(592, 50, '2015-05-14 03:14:14', 188, '139.193.115.204', 'Add Sales Order SBP003060515', 0),
(593, 50, '2015-05-14 03:15:21', 188, '139.193.115.204', 'Add Sales Order SBP003070515', 0),
(594, 50, '2015-05-14 03:16:29', 188, '139.193.115.204', 'Add Sales Order SBP003080515', 0),
(595, 50, '2015-05-14 03:18:29', 188, '139.193.115.204', 'Add Sales Order SBP003090515', 0),
(596, 50, '2015-05-14 03:21:06', 188, '139.193.115.204', 'Add Sales Order SBP003100515', 0),
(597, 50, '2015-05-14 03:22:08', 188, '139.193.115.204', 'Add Sales Order SBP003110515', 0),
(598, 50, '2015-05-14 03:23:11', 188, '139.193.115.204', 'Add Sales Order SBP003120515', 0),
(599, 50, '2015-05-14 03:24:09', 188, '139.193.115.204', 'Add Sales Order SBP003130515', 0),
(600, 50, '2015-05-14 03:26:19', 188, '139.193.115.204', 'Add Sales Order SBP003140515', 0),
(601, 50, '2015-05-14 03:30:42', 203, '139.193.115.204', 'Add Purchase Order [BP-PO003580515] Success', 0),
(602, 2, '2015-05-14 03:37:26', 144, '139.193.115.204', 'Update Master Barang Purchase-PC01P000773', 0),
(603, 50, '2015-05-14 03:42:18', 203, '139.193.115.204', 'Add Purchase Order [BP-PO003590515] Success', 0),
(604, 2, '2015-05-14 03:46:03', 188, '139.193.115.204', 'Update Sales Order Detail 58', 0),
(605, 50, '2015-05-14 03:49:02', 203, '139.193.115.204', 'Add Purchase Order [BP-PO003600515] Success', 0),
(606, 50, '2015-05-14 03:50:15', 203, '139.193.115.204', 'Add Purchase Order [BP-PO003610515] Success', 0),
(607, 44, '2015-05-14 04:01:05', 1, '139.193.115.204', 'Login Success', 0),
(608, 44, '2015-05-14 04:02:45', 144, '139.193.115.204', 'Add Master Barang Purchase - Drum Kosong Besi', 0),
(609, 2, '2015-05-14 04:02:57', 189, '139.193.115.204', 'Add Develivery Order 00017BP-JKT0515', 0),
(610, 44, '2015-05-14 04:05:04', 144, '139.193.115.204', 'Add Master Barang Purchase - Jerigen Kosong @30Kg', 0),
(611, 44, '2015-05-14 04:05:21', 144, '139.193.115.204', 'Update Master Barang Purchase-PC01P001280', 0),
(612, 44, '2015-05-14 04:05:55', 144, '139.193.115.204', 'Update Master Barang Purchase-PC01P001280', 0),
(613, 44, '2015-05-14 04:06:10', 144, '139.193.115.204', 'Update Master Barang Purchase-PC01P001281', 0),
(614, 44, '2015-05-14 04:06:46', 144, '139.193.115.204', 'Update Master Barang Purchase-PC01P001281', 0),
(615, 44, '2015-05-14 04:07:56', 144, '139.193.115.204', 'Update Master Barang Purchase-PC01P001280', 0),
(616, 50, '2015-05-14 04:09:10', 203, '139.193.115.204', 'Add Purchase Order [BP-PO003620515] Success', 0),
(617, 50, '2015-05-14 04:10:39', 203, '139.193.115.204', 'Add Purchase Order [BP-PO003630515] Success', 0),
(618, 2, '2015-05-14 04:11:50', 193, '139.193.115.204', 'Add Invoice 00007BP0515', 0),
(619, 44, '2015-05-14 04:14:01', 144, '139.193.115.204', 'Add Master Barang Purchase - YORITEX F-PC CONC', 0),
(620, 50, '2015-05-14 04:16:21', 203, '139.193.115.204', 'Add Purchase Order [BP-PO003640515] Success', 0),
(621, 50, '2015-05-14 04:17:21', 203, '139.193.115.204', 'Add Purchase Order [BP-PO003650515] Success', 0),
(622, 44, '2015-05-14 04:20:14', 144, '139.193.115.204', 'Update Master Barang Purchase-PC01P000848', 0),
(623, 50, '2015-05-14 04:20:38', 203, '139.193.115.204', 'Add Purchase Order [BP-PO003660515] Success', 0),
(624, 50, '2015-05-14 04:22:59', 203, '139.193.115.204', 'Add Purchase Order [BP-PO003670515] Success', 0),
(625, 50, '2015-05-14 04:24:48', 203, '139.193.115.204', 'Add Purchase Order [BP-PO003680515] Success', 0),
(626, 50, '2015-05-14 04:26:55', 203, '139.193.115.204', 'Add Purchase Order [BP-PO003690515] Success', 0),
(627, 50, '2015-05-14 04:29:23', 203, '139.193.115.204', 'Add Purchase Order [BP-PO003700515] Success', 0),
(628, 44, '2015-05-14 04:31:19', 144, '139.193.115.204', 'Update Master Barang Purchase-PC01P000506', 0),
(629, 44, '2015-05-14 04:33:16', 144, '139.193.115.204', 'Update Master Barang Purchase-PC01P000503', 0),
(630, 50, '2015-05-14 04:33:55', 203, '139.193.115.204', 'Add Purchase Order [BP-PO003710515] Success', 0),
(631, 44, '2015-05-14 04:34:09', 144, '139.193.115.204', 'Update Master Barang Purchase-PC01P000389', 0),
(632, 50, '2015-05-14 04:35:25', 203, '139.193.115.204', 'Add Purchase Order [BP-PO003720515] Success', 0),
(633, 44, '2015-05-14 04:36:01', 144, '139.193.115.204', 'Add Master Barang Purchase - DYEING ACID GN-3(200)', 0),
(634, 50, '2015-05-14 04:37:25', 203, '139.193.115.204', 'Add Purchase Order [BP-PO003730515] Success', 0),
(635, 44, '2015-05-14 04:37:30', 144, '139.193.115.204', 'Update Master Barang Purchase-PC01P000611', 0),
(636, 44, '2015-05-14 04:38:12', 144, '139.193.115.204', 'Update Master Barang Purchase-PC01P000391', 0),
(637, 44, '2015-05-14 04:38:32', 144, '139.193.115.204', 'Update Master Barang Purchase-PC01P000292', 0),
(638, 50, '2015-05-14 04:39:18', 203, '139.193.115.204', 'Add Purchase Order [BP-PO003740515] Success', 0),
(639, 50, '2015-05-14 04:40:39', 203, '139.193.115.204', 'Add Purchase Order [BP-PO003750515] Success', 0),
(640, 50, '2015-05-14 04:42:17', 203, '139.193.115.204', 'Add Purchase Order [BP-PO003760515] Success', 0),
(641, 50, '2015-05-14 04:43:17', 203, '139.193.115.204', 'Add Purchase Order [BP-PO003770515] Success', 0),
(642, 2, '2015-05-14 04:45:13', 1, '139.193.115.204', 'Login Success', 0),
(643, 50, '2015-05-14 04:45:27', 203, '139.193.115.204', 'Add Purchase Order [BP-PO003780515] Success', 0),
(644, 50, '2015-05-14 04:47:18', 203, '139.193.115.204', 'Add Purchase Order [BP-PO003790515] Success', 0),
(645, 50, '2015-05-14 04:48:16', 203, '139.193.115.204', 'Add Purchase Order [BP-PO003800515] Success', 0),
(646, 50, '2015-05-14 04:49:38', 203, '139.193.115.204', 'Add Purchase Order [BP-PO003810515] Success', 0),
(647, 50, '2015-05-14 04:50:57', 203, '139.193.115.204', 'Add Purchase Order [BP-PO003820515] Success', 0),
(648, 50, '2015-05-14 04:52:10', 203, '139.193.115.204', 'Add Purchase Order [BP-PO003830515] Success', 0),
(649, 50, '2015-05-14 04:53:06', 203, '139.193.115.204', 'Add Purchase Order [BP-PO003840515] Success', 0),
(650, 2, '2015-05-14 04:54:25', 1, '139.193.115.204', 'Logout Success', 0),
(651, 50, '2015-05-14 04:54:51', 203, '139.193.115.204', 'Add Purchase Order [BP-PO003850515] Success', 0),
(652, 2, '2015-05-14 04:56:20', 1, '139.193.115.204', 'Login Success', 0),
(653, 50, '2015-05-14 04:56:24', 203, '139.193.115.204', 'Add Purchase Order [BP-PO003860515] Success', 0),
(654, 50, '2015-05-14 04:57:28', 203, '139.193.115.204', 'Add Purchase Order [BP-PO003870515] Success', 0),
(655, 50, '2015-05-14 04:58:12', 203, '139.193.115.204', 'Add Purchase Order [BP-PO003880515] Success', 0),
(656, 50, '2015-05-14 04:59:03', 203, '139.193.115.204', 'Add Purchase Order [BP-PO003890515] Success', 0),
(657, 50, '2015-05-14 04:59:24', 205, '139.193.115.204', 'Logout Success', 0),
(658, 2, '2015-05-14 06:23:16', 215, '139.193.115.204', 'Logout Success', 0),
(659, 2, '2015-05-14 06:27:09', 215, '139.193.115.204', 'Logout Success', 0),
(660, 44, '2015-05-16 03:18:45', 1, '64.233.173.144', 'Login Success', 0),
(661, 2, '2015-05-17 00:37:44', 1, '139.193.116.136', 'Login Success', 0),
(662, 2, '2015-05-17 00:38:20', 1, '139.193.116.136', 'Logout Success', 0),
(663, 2, '2015-05-17 00:40:37', 1, '139.193.116.136', 'Login Success', 0),
(664, 44, '2015-05-17 02:13:52', 1, '64.233.173.144', 'Login Success', 0),
(665, 2, '2015-05-17 04:14:38', 1, '124.195.118.138', 'Login Success', 0),
(666, 2, '2015-05-17 04:15:41', 203, '124.195.118.138', 'Logout Success', 0),
(667, 44, '2015-05-17 04:16:58', 1, '64.233.173.144', 'Login Success', 0),
(668, 2, '2015-05-17 04:39:06', 1, '139.193.115.220', 'Login Success', 0),
(669, 2, '2015-05-17 04:52:44', 1, '139.193.115.220', 'Login Success', 0),
(670, 2, '2015-05-17 05:17:44', 189, '139.193.115.220', 'Logout Success', 0),
(671, 2, '2015-05-17 05:59:44', 1, '139.193.115.220', 'Login Success', 0),
(672, 2, '2015-05-17 06:05:53', 189, '139.193.115.220', 'Deleting Delivery Order 28', 0),
(673, 2, '2015-05-17 06:06:41', 193, '139.193.115.220', 'Delete Invoice 20', 0),
(674, 2, '2015-05-17 06:28:21', 189, '139.193.115.220', 'Logout Success', 0),
(675, 2, '2015-05-17 06:29:55', 186, '139.193.115.220', 'Add Open Ticket : 436438', 0),
(676, 43, '2015-05-17 06:31:35', 1, '139.193.115.220', 'Login Success', 0),
(677, 43, '2015-05-17 06:32:19', 186, '139.193.115.220', 'Update Open Ticket 3676502', 0),
(678, 43, '2015-05-17 06:32:49', 186, '139.193.115.220', 'Logout Success', 0),
(679, 44, '2015-05-17 11:45:59', 1, '64.233.173.149', 'Login Success', 0),
(680, 44, '2015-05-17 11:47:16', 144, '64.233.173.139', 'Logout Success', 0),
(681, 2, '2015-05-17 13:50:58', 1, '112.215.66.68', 'Login Success', 0),
(682, 50, '2015-05-17 14:56:04', 1, '112.215.66.78', 'Login Success', 0),
(683, 50, '2015-05-17 15:02:02', 1, '112.215.66.78', 'Logout Success', 0),
(684, 50, '2015-05-17 15:02:10', 1, '112.215.66.69', 'Login Success', 0),
(685, 50, '2015-05-17 15:08:18', 1, '112.215.66.72', 'Logout Success', 0),
(686, 50, '2015-05-17 15:08:30', 1, '112.215.66.72', 'Login Success', 0),
(687, 50, '2015-05-17 21:55:47', 1, '139.193.116.206', 'Login Success', 0),
(688, 50, '2015-05-17 22:02:47', 186, '139.193.116.206', 'Add Open Ticket : 6510410', 0),
(689, 50, '2015-05-17 22:04:42', 1, '139.193.116.206', 'Logout Success', 0),
(690, 44, '2015-05-17 22:18:46', 1, '139.193.116.206', 'Login Success', 0),
(691, 44, '2015-05-17 22:19:31', 1, '139.193.116.206', 'Logout Success', 0),
(692, 44, '2015-05-17 22:19:52', 1, '139.193.116.206', 'Login Success', 0),
(693, 44, '2015-05-17 22:21:12', 186, '139.193.116.206', 'Add Open Ticket : 874028', 0),
(694, 50, '2015-05-17 22:24:22', 1, '139.193.116.206', 'Login Success', 0),
(695, 49, '2015-05-17 22:35:33', 1, '110.137.241.22', 'Login Success', 0),
(696, 49, '2015-05-17 22:41:12', 191, '110.137.241.22', 'Logout Success', 0),
(697, 50, '2015-05-17 22:51:26', 1, '139.193.116.206', 'Logout Success', 0),
(698, 50, '2015-05-17 22:52:44', 1, '139.193.116.206', 'Login Success', 0),
(699, 44, '2015-05-17 22:55:32', 186, '139.193.116.206', 'Update Open Ticket 3870520', 0),
(700, 50, '2015-05-17 23:03:01', 1, '139.255.50.106', 'Login Success', 0),
(701, 50, '2015-05-17 23:14:27', 1, '139.193.116.206', 'Logout Success', 0),
(702, 50, '2015-05-17 23:14:43', 1, '139.193.116.206', 'Login Success', 0),
(703, 50, '2015-05-17 23:18:17', 1, '139.193.116.206', 'Logout Success', 0),
(704, 50, '2015-05-17 23:18:21', 1, '139.193.116.206', 'Login Success', 0),
(705, 49, '2015-05-17 23:25:36', 1, '110.137.241.22', 'Login Success', 0),
(706, 50, '2015-05-17 23:32:45', 144, '139.193.116.206', 'Add Master Barang Purchase - ACETIC ACID GLACIAL', 0),
(707, 50, '2015-05-17 23:38:20', 6, '139.193.116.206', 'Add Master Barang Formula [] Success', 0),
(708, 50, '2015-05-17 23:38:58', 6, '139.193.116.206', 'Add Master Barang Formula [] Success', 0),
(709, 50, '2015-05-17 23:42:28', 188, '139.193.116.206', 'Add Sales Order SBP003170515', 0),
(710, 50, '2015-05-18 00:01:26', 190, '139.193.116.206', 'Logout Success', 0),
(711, 50, '2015-05-18 00:34:28', 1, '139.193.116.206', 'Login Success', 0),
(712, 47, '2015-05-18 00:38:05', 1, '36.79.150.75', 'Login Success', 0),
(713, 50, '2015-05-18 00:49:28', 190, '139.193.116.206', 'Logout Success', 0),
(714, 43, '2015-05-18 00:51:01', 1, '114.110.18.238', 'Login Success', 0),
(715, 44, '2015-05-18 00:51:15', 111, '139.193.116.206', 'Logout Success', 0),
(716, 43, '2015-05-18 00:58:36', 190, '114.110.18.238', 'Logout Success', 0),
(717, 43, '2015-05-18 01:46:57', 1, '114.110.18.238', 'Login Success', 0),
(718, 43, '2015-05-18 01:51:52', 191, '114.110.18.238', 'Logout Success', 0),
(719, 44, '2015-05-18 02:23:30', 1, '139.193.116.206', 'Login Success', 0),
(720, 52, '2015-05-18 02:31:12', 1, '139.193.116.206', 'Login Success', 0),
(721, 52, '2015-05-18 02:32:40', 1, '139.193.116.206', 'Logout Success', 0),
(722, 52, '2015-05-18 02:33:54', 1, '139.193.116.206', 'Login Success', 0),
(723, 50, '2015-05-18 02:33:55', 1, '139.193.116.206', 'Login Success', 0),
(724, 44, '2015-05-18 02:37:41', 186, '139.193.116.206', 'Add Open Ticket : 7396630', 0),
(725, 50, '2015-05-18 02:38:20', 190, '139.193.116.206', 'Logout Success', 0),
(726, 52, '2015-05-18 02:38:47', 1, '139.193.116.206', 'Logout Success', 0),
(727, 52, '2015-05-18 02:39:14', 1, '139.193.116.206', 'Login Success', 0),
(728, 52, '2015-05-18 02:39:39', 1, '139.193.116.206', 'Logout Success', 0),
(729, 50, '2015-05-18 02:42:41', 1, '139.193.116.206', 'Login Success', 0),
(730, 47, '2015-05-18 02:45:40', 1, '36.79.150.75', 'Login Success', 0),
(731, 47, '2015-05-18 02:53:04', 1, '36.79.150.75', 'Logout Success', 0),
(732, 49, '2015-05-18 02:53:26', 1, '139.193.116.206', 'Login Success', 0),
(733, 44, '2015-05-18 03:05:09', 186, '139.193.116.206', 'Update Open Ticket 127884', 0),
(734, 44, '2015-05-18 03:18:43', 6, '139.193.116.206', 'Delete Barang Formula 7', 0),
(735, 44, '2015-05-18 03:22:04', 6, '139.193.116.206', 'Update Master Barang Formula-6', 0),
(736, 44, '2015-05-18 03:22:31', 6, '139.193.116.206', 'Update Master Barang Formula-4', 0),
(737, 44, '2015-05-18 03:31:50', 1, '139.193.116.206', 'Logout Success', 0),
(738, 52, '2015-05-18 03:32:39', 1, '139.193.116.206', 'Login Success', 0),
(739, 52, '2015-05-18 03:33:00', 190, '139.193.116.206', 'Logout Success', 0),
(740, 44, '2015-05-18 03:33:03', 1, '139.193.116.206', 'Login Success', 0),
(741, 49, '2015-05-18 03:34:12', 189, '139.193.116.206', 'Add Develivery Order 00001BP-JKT0515', 0),
(742, 44, '2015-05-18 03:35:06', 189, '139.193.116.206', 'Update Delivery Order 29', 0),
(743, 44, '2015-05-18 03:36:47', 186, '139.193.116.206', 'Add Open Ticket : 6274393', 0),
(744, 50, '2015-05-18 03:39:11', 1, '139.193.116.206', 'Logout Success', 0),
(745, 50, '2015-05-18 03:40:55', 1, '139.193.116.206', 'Login Success', 0),
(746, 50, '2015-05-18 03:41:30', 1, '139.193.116.206', 'Logout Success', 0),
(747, 49, '2015-05-18 03:44:12', 204, '139.193.116.206', 'Add Goods Receipt BP-GR051500001', 0),
(748, 44, '2015-05-18 03:49:45', 190, '139.193.116.206', 'Logout Success', 0),
(749, 52, '2015-05-18 03:52:18', 1, '139.193.116.206', 'Login Success', 0),
(750, 44, '2015-05-18 03:53:17', 1, '139.193.116.206', 'Login Success', 0),
(751, 49, '2015-05-18 03:55:24', 204, '139.193.116.206', 'Logout Success', 0),
(752, 49, '2015-05-18 03:56:43', 1, '139.193.116.206', 'Login Success', 0),
(753, 47, '2015-05-18 03:58:36', 1, '36.79.150.75', 'Login Success', 0),
(754, 49, '2015-05-18 03:59:29', 204, '139.193.116.206', 'Logout Success', 0),
(755, 44, '2015-05-18 04:02:42', 1, '139.193.116.206', 'Logout Success', 0),
(756, 45, '2015-05-18 04:04:03', 1, '139.193.116.206', 'Login Success', 0),
(757, 50, '2015-05-18 04:04:12', 1, '139.193.116.206', 'Login Success', 0),
(758, 50, '2015-05-18 04:05:51', 190, '139.193.116.206', 'Logout Success', 0),
(759, 45, '2015-05-18 04:11:59', 190, '139.193.116.206', 'Logout Success', 0),
(760, 44, '2015-05-18 04:15:21', 1, '139.193.116.206', 'Login Success', 0),
(761, 44, '2015-05-18 04:20:29', 188, '139.193.116.206', 'Delete Sales Order 996', 0),
(762, 45, '2015-05-18 04:24:45', 1, '36.72.202.48', 'Login Success', 0),
(763, 50, '2015-05-18 04:27:14', 1, '139.193.116.206', 'Login Success', 0),
(764, 44, '2015-05-18 04:28:16', 1, '139.193.116.206', 'Logout Success', 0),
(765, 44, '2015-05-18 04:29:57', 1, '139.193.116.206', 'Login Success', 0),
(766, 50, '2015-05-18 05:33:59', 1, '139.193.116.206', 'Logout Success', 0),
(767, 50, '2015-05-18 05:34:03', 1, '139.193.116.206', 'Login Success', 0),
(768, 50, '2015-05-18 05:34:34', 190, '139.193.116.206', 'Logout Success', 0),
(769, 50, '2015-05-18 05:41:30', 1, '139.193.116.206', 'Login Success', 0),
(770, 50, '2015-05-18 05:44:55', 1, '139.193.116.206', 'Logout Success', 0),
(771, 44, '2015-05-18 06:07:53', 111, '139.193.116.206', 'Logout Success', 0),
(772, 43, '2015-05-18 21:18:48', 1, '114.110.18.238', 'Login Success', 0),
(773, 50, '2015-05-18 21:25:43', 1, '139.193.116.209', 'Login Success', 0),
(774, 50, '2015-05-18 21:28:06', 190, '139.193.116.209', 'Logout Success', 0),
(775, 43, '2015-05-18 21:39:06', 222, '114.110.18.238', 'Delete Barang 4211', 0),
(776, 43, '2015-05-18 21:39:11', 222, '114.110.18.238', 'Delete Barang 4211', 0),
(777, 43, '2015-05-18 22:02:29', 5, '114.110.18.238', 'Update Cart Of Account-112110', 0),
(778, 43, '2015-05-18 22:07:22', 5, '114.110.18.238', 'Update Cart Of Account-121110', 0),
(779, 43, '2015-05-18 22:07:56', 5, '114.110.18.238', 'Update Cart Of Account-121111', 0),
(780, 43, '2015-05-18 22:08:34', 5, '114.110.18.238', 'Update Cart Of Account-131110', 0),
(781, 43, '2015-05-18 22:12:11', 5, '114.110.18.238', 'Logout Success', 0),
(782, 44, '2015-05-18 22:33:56', 1, '139.193.116.209', 'Login Success', 0),
(783, 50, '2015-05-18 23:09:10', 1, '139.193.116.209', 'Login Success', 0),
(784, 44, '2015-05-18 23:25:54', 1, '139.193.116.209', 'Logout Success', 0),
(785, 52, '2015-05-18 23:26:50', 1, '139.193.116.209', 'Login Success', 0),
(786, 52, '2015-05-18 23:27:40', 1, '139.193.116.209', 'Logout Success', 0),
(787, 44, '2015-05-18 23:27:43', 1, '139.193.116.209', 'Login Success', 0),
(788, 44, '2015-05-19 03:57:05', 186, '139.193.116.209', 'Logout Success', 0),
(789, 52, '2015-05-19 04:44:10', 1, '64.233.173.139', 'Login Success', 0),
(790, 52, '2015-05-19 04:44:34', 1, '64.233.173.144', 'Logout Success', 0),
(791, 43, '2015-05-19 07:03:39', 1, '114.110.18.238', 'Login Success', 0),
(792, 43, '2015-05-19 07:06:08', 4, '114.110.18.238', 'Logout Success', 0),
(793, 43, '2015-05-19 07:19:08', 1, '114.110.18.238', 'Login Success', 0),
(794, 43, '2015-05-19 07:19:39', 221, '114.110.18.238', 'Delete Barang 42', 0),
(795, 43, '2015-05-19 07:20:01', 5, '114.110.18.238', 'Update Cart Of Account-121111', 0),
(796, 43, '2015-05-19 07:20:23', 5, '114.110.18.238', 'Logout Success', 0),
(797, 2, '2015-05-19 15:34:57', 1, '112.215.66.68', 'Login Success', 0),
(798, 2, '2015-05-19 16:11:17', 5, '112.215.66.78', 'Update Cart Of Account-112121', 0),
(799, 2, '2015-05-19 16:14:35', 5, '112.215.66.68', 'Delete Barang 112122', 0),
(800, 2, '2015-05-19 16:15:47', 5, '112.215.66.79', 'Add Cart Of Account [] Success', 0);

-- --------------------------------------------------------

--
-- Table structure for table `lokasi`
--

CREATE TABLE IF NOT EXISTS `lokasi` (
  `id` int(11) NOT NULL AUTO_INCREMENT,
  `name` varchar(3) NOT NULL,
  `remark` varchar(255) NOT NULL,
  PRIMARY KEY (`id`)
) ENGINE=MyISAM  DEFAULT CHARSET=latin1 AUTO_INCREMENT=4 ;

--
-- Dumping data for table `lokasi`
--

INSERT INTO `lokasi` (`id`, `name`, `remark`) VALUES
(1, 'JKT', 'Jakarta'),
(2, 'BDG', 'Bandung'),
(3, 'SLO', 'Solo');

-- --------------------------------------------------------

--
-- Table structure for table `module`
--

CREATE TABLE IF NOT EXISTS `module` (
  `module_id` smallint(6) NOT NULL AUTO_INCREMENT,
  `siteID` int(11) unsigned DEFAULT NULL,
  `name` varchar(100) DEFAULT NULL,
  `title` varchar(255) DEFAULT NULL,
  `is_public` tinyint(1) DEFAULT '0',
  `is_visible` tinyint(1) DEFAULT '1',
  `is_mandatory` tinyint(1) DEFAULT '0',
  `flag` smallint(2) DEFAULT NULL,
  `module_root_id` int(11) NOT NULL,
  PRIMARY KEY (`module_id`),
  UNIQUE KEY `mod_site` (`siteID`,`name`)
) ENGINE=MyISAM  DEFAULT CHARSET=latin1 AUTO_INCREMENT=229 ;

--
-- Dumping data for table `module`
--

INSERT INTO `module` (`module_id`, `siteID`, `name`, `title`, `is_public`, `is_visible`, `is_mandatory`, `flag`, `module_root_id`) VALUES
(111, 3, 'admin', 'System Management', 0, 1, 0, 2, 0),
(141, 3, 'admin_suplier', 'Management Suplier', 0, 0, 0, 6, 161),
(112, 3, 'utama', 'Halaman Utama', 1, 0, 0, 2, 0),
(144, 3, 'admin_barang_purchase', 'Barang Purchase', 0, 0, 0, 2, 161),
(115, 3, 'static', 'Static Content', 1, 0, 0, 9, 0),
(145, 3, 'edit_profil', 'Edit Profil', 0, 0, 0, 9, 0),
(221, 3, 'cart_of_account_header', 'Cart Of Account Header (2)', 0, 0, 0, 15, 161),
(139, 3, 'admin_customer', 'Management Customer', 0, 0, 0, 6, 161),
(185, 3, 'admin_log', 'Activity', 0, 0, 0, 9, 111),
(161, 3, 'adm', 'Master', 0, 1, 0, NULL, 0),
(186, 3, 'openticket', 'Konsultasi', 0, 1, 0, 15, 0),
(1, 3, 'admin&sub=aplikasi', 'Menu', 0, 0, 0, 7, 111),
(2, 3, 'admin&sub=user', 'User', 0, 0, 0, 1, 111),
(3, 3, 'admin&sub=grup', 'Group', 0, 0, 0, 4, 111),
(4, 3, 'documentation', 'Dokumentasi', 0, 1, 0, 20, 0),
(202, 3, 'purchase', 'Purchase', 0, 1, 0, NULL, 0),
(5, 3, 'cart_of_account', 'Cart Of Account', 0, 0, 0, 8, 161),
(187, 3, 'sales', 'Sales', 0, 1, 0, NULL, 0),
(188, 3, 'sales_order', 'Sales Order', 0, 0, 0, 2, 187),
(189, 3, 'delivery_order', 'Delivery Order', 0, 0, 0, 6, 187),
(190, 3, 'sales_order_report', 'Sales Order List', 0, 0, 0, 4, 187),
(191, 3, 'delivery_order_report', 'Delivery Order List', 0, 0, 0, 8, 187),
(192, 3, 'account_receivable', 'Account Receivable', 0, 1, 0, NULL, 0),
(193, 3, 'sales_order_for_invoice', 'Sales Order For Invoice (Cust)', 0, 0, 0, 2, 192),
(194, 3, 'bank_receipt_cash', 'Bank Receipt From Cash', 0, 0, 0, 8, 192),
(195, 3, 'bank_receipt', 'Bank Receipt From A/R', 0, 0, 0, 7, 192),
(196, 3, 'invoice_report', 'Invoice List', 0, 0, 0, 4, 192),
(197, 3, 'tax_invoice_report', 'Tax Invoice Report', 0, 0, 0, 11, 225),
(198, 3, 'income_list_report', 'Income List Report', 0, 0, 0, 14, 225),
(200, 3, 'bank_receipt_list', 'Bank Receipt List', 0, 0, 0, 12, 192),
(201, 3, 'cash_bank_report', 'Cash & Bank Report', 0, 0, 0, 12, 192),
(203, 3, 'purchase_order', 'Purchase Order', 0, 0, 0, 2, 202),
(204, 3, 'goods_receipt', 'Goods Receipt', 0, 0, 0, 6, 202),
(205, 3, 'purchase_order_report', 'Purchase Order List', 0, 0, 0, 4, 202),
(206, 3, 'goods_receipt_report', 'Goods Receipt List', 0, 0, 0, 8, 202),
(207, 3, 'root_menu_account_payable', 'Account Payable', 0, 1, 0, NULL, 0),
(208, 3, 'purchase_order_for_invoice', 'Purchase Order For Invoice (Supp)', 0, 0, 0, NULL, 207),
(209, 3, 'invoice_po_report', 'Account Payable List', 0, 0, 0, NULL, 207),
(210, 3, 'bank_payment_cash', 'Bank Payment From Cash', 0, 0, 0, 6, 207),
(211, 3, 'bank_payment_list', 'Bank Payment List', 0, 0, 0, 8, 207),
(212, 3, 'root_menu_accounting', 'Accounting', 0, 1, 0, NULL, 0),
(213, 3, 'create_begin_balance_yearly', 'Create Begin Balance Yearly', 0, 0, 0, NULL, 212),
(214, 3, 'open_new_period_yearly', 'Open New Period Yearly', 0, 0, 0, NULL, 212),
(215, 3, 'open_new_period_monthly', 'Open New Period Monthly', 0, 0, 0, NULL, 212),
(216, 3, 'trial_balance', 'Trial Balance', 0, 0, 0, NULL, 212),
(217, 3, 'journal_voucher', 'Journal Voucher /Adjustment', 0, 0, 0, NULL, 212),
(218, 3, 'ledger_report', 'Ledger Report', 0, 0, 0, NULL, 212),
(219, 3, 'jurnal_voucher_report', 'Jurnal Voucher Report', 0, 0, 0, NULL, 212),
(220, 3, 'jurnal_list_report', 'Jurnal List Report', 0, 0, 0, NULL, 212),
(222, 3, 'cart_of_account_middle', 'Cart Of Account Middle (4)', 0, 0, 0, 12, 161),
(6, 3, 'admin_barang_sales', 'Barang Sales', 0, 0, 0, 3, 161),
(7, 3, 'admin_barang_purchase_sales', 'Barang Formula', 0, 0, 0, 5, 9999),
(8, 3, 'inv', 'Inventory', 0, 1, 0, 4, 0),
(9, 3, 'begining_inventory', 'Begining Inventory', 0, 0, 0, 3, 8),
(10, 3, 'card_stock', 'Card Stock', 0, 0, 0, 5, 8),
(11, 3, 'karyawan', 'Management Karyawan', 0, 0, 0, 7, 161),
(223, 3, 'counter', 'Management Counter', 0, 0, 1, 7, 161),
(224, 3, 'rate', 'Currency Rate', 0, 0, 1, 17, 161),
(225, 3, 'root_print_report', 'Print Report', 0, 1, 0, NULL, 0),
(226, 3, 'refresh_rate', 'Refresh Rate', 1, 0, 1, NULL, 0),
(227, 3, 'bank_payment', 'Bank Payment From A/P', 0, 0, 1, 4, 207),
(0, 3, 'Root', 'Root Menu', 0, 0, 0, 1, 0);

-- --------------------------------------------------------

--
-- Table structure for table `open_ticket`
--

CREATE TABLE IF NOT EXISTS `open_ticket` (
  `id` int(11) NOT NULL AUTO_INCREMENT,
  `ticket_number` varchar(20) NOT NULL,
  `sender_user_id` int(11) NOT NULL,
  `receiver_user_id` int(11) NOT NULL,
  `subject` varchar(1024) NOT NULL,
  `content` text NOT NULL,
  `status` enum('o','c','p') NOT NULL,
  `type` enum('l','k','q','o','p') NOT NULL,
  `date` datetime NOT NULL,
  `parent_ticket_number` varchar(20) NOT NULL,
  `public_status` tinyint(1) NOT NULL,
  PRIMARY KEY (`id`)
) ENGINE=MyISAM  DEFAULT CHARSET=latin1 AUTO_INCREMENT=11 ;

--
-- Dumping data for table `open_ticket`
--

INSERT INTO `open_ticket` (`id`, `ticket_number`, `sender_user_id`, `receiver_user_id`, `subject`, `content`, `status`, `type`, `date`, `parent_ticket_number`, `public_status`) VALUES
(1, '4112829', 2, 40, 'Koreksi Sales Order X123', 'Tolong di pastikan lagi harganya', 'o', 'k', '2015-03-27 22:35:40', '', 0),
(2, '4366558', 2, 40, '', 'seharusnya tidak semahal itu', 'o', 'l', '2015-03-28 00:58:58', '4112829', 0),
(3, '436438', 2, 43, 'Delivery Order Mulai dari berapa?', 'Delivery Order Mulai dari berapa bro..', 'o', 'k', '2015-05-17 06:29:55', '', 0),
(4, '3676502', 43, 2, '', '435 yaa', 'o', 'l', '2015-05-17 06:32:19', '436438', 0),
(5, '6510410', 50, 41, 'so tidak muncul', 'Pak reza tolong dibuka so sales order, soalnya saya tidak ada menu inputnya\r\ntolong tambah di otoritas log in saya', 'o', 'o', '2015-05-17 22:02:47', '', 0),
(6, '874028', 44, 41, 'SO n SO List', 'Mas bro, Untuk rusmiati\r\nSO n SO List nya tolong di munculkan ya...\r\nThanks', 'o', 'o', '2015-05-17 22:21:12', '', 0),
(7, '3870520', 44, 41, '', 'untuk No. Rek. Rupiah salah. yang benar\r\n192 . 009 . 8050 .  384', 'o', 'l', '2015-05-17 22:55:32', '874028', 0),
(8, '7396630', 44, 2, 'Otoritas Hevi', 'Mas bro, ane buat user baru\r\nacc_hevi   pass: Puspita78\r\nOtoritas Accounting sama Finance tolong di bukain ya\r\nThanks\r\n', 'o', 'l', '2015-05-18 02:37:41', '', 0),
(9, '127884', 44, 41, '', 'Mas bro, ane buat user baru\r\nacc_hevi pass: Puspita78\r\nOtoritas Accounting sama Finance tolong di bukain ya\r\nThanks', 'o', 'l', '2015-05-18 03:05:09', '874028', 0),
(10, '6274393', 44, 43, 'user baru', 'Mas bro, ane buat user baru\r\nacc_hevi pass: Puspita78\r\nOtoritas Accounting sama Finance tolong di bukain ya\r\nThanks', 'o', 'l', '2015-05-18 03:36:47', '', 0);

-- --------------------------------------------------------

--
-- Table structure for table `pelunasan`
--

CREATE TABLE IF NOT EXISTS `pelunasan` (
  `id` int(11) NOT NULL AUTO_INCREMENT,
  `voucher_no` varchar(30) NOT NULL,
  `voucher_date` date NOT NULL,
  `status` varchar(2) NOT NULL,
  `user_id` int(11) NOT NULL,
  `customer_id` int(11) NOT NULL,
  `amount` decimal(14,2) NOT NULL,
  `other_amount` decimal(14,2) NOT NULL,
  `insert_datetime` datetime NOT NULL,
  `giro` varchar(100) NOT NULL,
  `remark` varchar(500) NOT NULL,
  `bank_receipt` varchar(50) NOT NULL,
  `currency` varchar(3) NOT NULL,
  `other_account` varchar(50) NOT NULL,
  `type` varchar(1) NOT NULL COMMENT 'C = Cash, I = Invoice',
  `rate_id` int(11) NOT NULL,
  PRIMARY KEY (`id`)
) ENGINE=MyISAM  DEFAULT CHARSET=latin1 AUTO_INCREMENT=19 ;

-- --------------------------------------------------------

--
-- Table structure for table `pelunasan_detail`
--

CREATE TABLE IF NOT EXISTS `pelunasan_detail` (
  `id` int(11) NOT NULL AUTO_INCREMENT,
  `pelunasan_id` int(11) NOT NULL,
  `invoice_id` int(11) NOT NULL,
  `ar_account` int(11) NOT NULL,
  `sl_account` int(11) NOT NULL,
  `amount_total` decimal(14,2) NOT NULL,
  `amount_dibayar` decimal(14,2) NOT NULL,
  `amount_sisa` decimal(14,2) NOT NULL,
  `status` varchar(1) NOT NULL COMMENT 'A = Active, R = Remove',
  `datetime_update` datetime NOT NULL,
  PRIMARY KEY (`id`)
) ENGINE=MyISAM  DEFAULT CHARSET=latin1 AUTO_INCREMENT=26 ;

-- --------------------------------------------------------

--
-- Table structure for table `pelunasan_detail_cash`
--

CREATE TABLE IF NOT EXISTS `pelunasan_detail_cash` (
  `id` int(11) NOT NULL AUTO_INCREMENT,
  `pelunasan_id` int(11) NOT NULL,
  `account` varchar(50) NOT NULL,
  `amount` decimal(14,2) NOT NULL,
  `status` varchar(1) NOT NULL,
  `datetime_update` datetime NOT NULL,
  `remark` varchar(500) NOT NULL,
  PRIMARY KEY (`id`)
) ENGINE=MyISAM  DEFAULT CHARSET=latin1 AUTO_INCREMENT=9 ;

-- --------------------------------------------------------

--
-- Table structure for table `pembayaran`
--

CREATE TABLE IF NOT EXISTS `pembayaran` (
  `id` int(11) NOT NULL AUTO_INCREMENT,
  `voucher_no` varchar(30) NOT NULL,
  `voucher_date` date NOT NULL,
  `status` varchar(2) NOT NULL,
  `user_id` int(11) NOT NULL,
  `suplier_id` int(11) NOT NULL,
  `amount` decimal(14,2) NOT NULL,
  `other_amount` decimal(14,2) NOT NULL,
  `other_account` varchar(50) NOT NULL,
  `insert_datetime` datetime NOT NULL,
  `giro` varchar(100) NOT NULL,
  `remark` varchar(500) NOT NULL,
  `bank_payment` varchar(50) NOT NULL,
  `currency` varchar(3) NOT NULL,
  `type` varchar(1) NOT NULL COMMENT 'C = Cash, I = Invoice',
  `rate_id` int(11) NOT NULL,
  PRIMARY KEY (`id`)
) ENGINE=MyISAM  DEFAULT CHARSET=latin1 AUTO_INCREMENT=5 ;

-- --------------------------------------------------------

--
-- Table structure for table `pembayaran_detail`
--

CREATE TABLE IF NOT EXISTS `pembayaran_detail` (
  `id` int(11) NOT NULL AUTO_INCREMENT,
  `pembayaran_id` int(11) NOT NULL,
  `invoice_po_id` int(11) NOT NULL,
  `ar_account` int(11) NOT NULL,
  `sl_account` int(11) NOT NULL,
  `amount_total` decimal(14,2) NOT NULL,
  `amount_dibayar` decimal(14,2) NOT NULL,
  `amount_sisa` decimal(14,2) NOT NULL,
  `status` varchar(1) NOT NULL COMMENT 'A = Active, R = Remove',
  `datetime_update` datetime NOT NULL,
  PRIMARY KEY (`id`)
) ENGINE=MyISAM  DEFAULT CHARSET=latin1 AUTO_INCREMENT=3 ;

-- --------------------------------------------------------

--
-- Table structure for table `pembayaran_detail_cash`
--

CREATE TABLE IF NOT EXISTS `pembayaran_detail_cash` (
  `id` int(11) NOT NULL AUTO_INCREMENT,
  `pembayaran_id` int(11) NOT NULL,
  `account` varchar(50) NOT NULL,
  `amount` decimal(14,2) NOT NULL,
  `status` varchar(1) NOT NULL,
  `datetime_update` datetime NOT NULL,
  `remark` varchar(500) NOT NULL,
  PRIMARY KEY (`id`)
) ENGINE=MyISAM  DEFAULT CHARSET=latin1 AUTO_INCREMENT=8 ;

-- --------------------------------------------------------

--
-- Table structure for table `purchase_order`
--

CREATE TABLE IF NOT EXISTS `purchase_order` (
  `id` int(11) NOT NULL AUTO_INCREMENT,
  `po_no` varchar(20) NOT NULL,
  `date` date NOT NULL,
  `suplier_id` int(11) NOT NULL,
  `suplier_term_of_payment` int(11) NOT NULL,
  `ordered_karyawan_id` int(11) NOT NULL,
  `approval_karyawan_id` int(11) NOT NULL,
  `currency` varchar(3) NOT NULL DEFAULT 'IDR',
  `shipping` varchar(30) NOT NULL DEFAULT 'Land',
  `lokasi_id` int(11) NOT NULL,
  `sub_total` int(11) NOT NULL COMMENT 'Sub Total',
  `amount` int(11) NOT NULL COMMENT 'total amount (sub total + tax + other amount)',
  `status` varchar(2) NOT NULL,
  `remark` varchar(255) NOT NULL,
  `user_id` int(11) NOT NULL COMMENT 'Mengacu ke table User',
  `tax_amount` int(11) NOT NULL COMMENT 'PPN, 10 % dari Sub Total',
  `other_amount` int(11) NOT NULL COMMENT 'Bisa di pakai untuk biaya delivery atau yang lainya',
  `required_date` date NOT NULL,
  `ppn_include` tinyint(1) NOT NULL COMMENT 'Include PPN Status',
  PRIMARY KEY (`id`),
  UNIQUE KEY `po_no` (`po_no`)
) ENGINE=MyISAM  DEFAULT CHARSET=latin1 AUTO_INCREMENT=395 ;

--
-- Dumping data for table `purchase_order`
--

INSERT INTO `purchase_order` (`id`, `po_no`, `date`, `suplier_id`, `suplier_term_of_payment`, `ordered_karyawan_id`, `approval_karyawan_id`, `currency`, `shipping`, `lokasi_id`, `sub_total`, `amount`, `status`, `remark`, `user_id`, `tax_amount`, `other_amount`, `required_date`, `ppn_include`) VALUES
(41, '0001BP012015', '2015-01-05', 1, 0, 14, 7, 'USD', 'Land', 1, 7858, 8644, 'N', '', 2, 786, 0, '0000-00-00', 1),
(8, 'BP-PO003570515', '2015-05-04', 1, 30, 2, 7, 'USD', 'Land', 1, 5280, 5808, 'N', '', 2, 528, 0, '2015-05-06', 1),
(9, 'BP-PO003580515', '2015-05-04', 1, 90, 50, 7, 'USD', 'Land', 1, 5280, 5808, 'N', '', 50, 528, 0, '2015-05-06', 1),
(10, 'BP-PO003590515', '2015-05-04', 1, 30, 50, 7, 'USD', 'Land', 1, 0, 0, 'N', '', 50, 0, 0, '2015-05-06', 1),
(11, 'BP-PO003600515', '2015-05-04', 3, 30, 50, 7, 'USD', 'Land', 1, 360, 396, 'N', '', 50, 36, 0, '0000-00-00', 1),
(12, 'BP-PO003610515', '2015-05-04', 21, 30, 50, 7, 'USD', 'Land', 1, 570, 627, 'N', '', 50, 57, 0, '0000-00-00', 1),
(13, 'BP-PO003620515', '2015-05-05', 54, 30, 50, 7, 'IDR', 'Land', 1, 4375000, 4812500, 'N', '', 50, 437500, 0, '0000-00-00', 1),
(14, 'BP-PO003630515', '2015-05-05', 4, 60, 50, 7, 'USD', 'Land', 1, 2800, 3080, 'N', '', 50, 280, 0, '0000-00-00', 1),
(15, 'BP-PO003640515', '2015-05-05', 4, 60, 50, 7, 'USD', 'Land', 1, 1790, 1969, 'N', '', 50, 179, 0, '0000-00-00', 1),
(16, 'BP-PO003650515', '2015-05-05', 6, 60, 50, 7, 'USD', 'Land', 1, 528, 581, 'N', '', 50, 53, 0, '0000-00-00', 1),
(17, 'BP-PO003660515', '2015-05-05', 1, 90, 50, 7, 'USD', 'Land', 1, 1128, 1241, 'N', '', 50, 113, 0, '0000-00-00', 1),
(18, 'BP-PO003670515', '2015-05-05', 1, 90, 50, 7, 'USD', 'Land', 1, 6170, 6787, 'N', '', 50, 617, 0, '0000-00-00', 1),
(19, 'BP-PO003680515', '2015-05-05', 8, 60, 50, 7, 'IDR', 'Land', 1, 2160758, 2376833, 'N', '', 50, 216076, 0, '0000-00-00', 1),
(20, 'BP-PO003690515', '2015-05-05', 26, 90, 50, 7, 'USD', 'Land', 1, 1193, 1312, 'N', '', 50, 119, 0, '0000-00-00', 1),
(21, 'BP-PO003700515', '2015-05-05', 1, 90, 50, 7, 'USD', 'Land', 1, 4346, 4781, 'N', '', 50, 435, 0, '0000-00-00', 1),
(22, 'BP-PO003710515', '2015-05-06', 1, 90, 50, 7, 'USD', 'Land', 1, 5732, 6305, 'N', '', 50, 573, 0, '0000-00-00', 1),
(23, 'BP-PO003720515', '2015-05-06', 1, 90, 50, 7, 'USD', 'Land', 1, 336, 370, 'N', '', 50, 34, 0, '2015-05-07', 1),
(24, 'BP-PO003730515', '2015-05-06', 3, 90, 50, 7, 'USD', 'Land', 1, 1696, 1865, 'N', '', 50, 170, 0, '2015-05-07', 1),
(25, 'BP-PO003740515', '2015-05-06', 26, 30, 50, 7, 'USD', 'Land', 1, 3025, 3328, 'N', '', 50, 303, 0, '0000-00-00', 1),
(26, 'BP-PO003750515', '2015-05-06', 70, 30, 50, 7, 'USD', 'Land', 1, 1590, 1749, 'N', '', 50, 159, 0, '0000-00-00', 1),
(27, 'BP-PO003760515', '2015-05-06', 31, 90, 50, 7, 'IDR', 'Land', 1, 7805000, 8585500, 'N', '', 50, 780500, 0, '0000-00-00', 1),
(28, 'BP-PO003770515', '2015-05-08', 54, 30, 50, 7, 'IDR', 'Land', 1, 1875000, 2062500, 'N', '', 50, 187500, 0, '0000-00-00', 1),
(29, 'BP-PO003780515', '2015-05-07', 1, 90, 50, 7, 'USD', 'Land', 1, 702, 772, 'N', '', 50, 70, 0, '2015-05-08', 1),
(30, 'BP-PO003790515', '2015-05-07', 1, 90, 50, 7, 'USD', 'Land', 1, 3480, 3828, 'N', '', 50, 348, 0, '2015-05-11', 1),
(31, 'BP-PO003800515', '2015-05-07', 8, 60, 50, 7, 'USD', 'Land', 1, 4320, 4752, 'N', '', 50, 432, 0, '0000-00-00', 1),
(32, 'BP-PO003810515', '2015-05-07', 1, 90, 50, 7, 'USD', 'Land', 1, 5280, 5808, 'N', '', 50, 528, 0, '2015-05-11', 1),
(33, 'BP-PO003820515', '2015-05-07', 1, 90, 50, 7, 'USD', 'Land', 1, 3636, 4000, 'N', '', 50, 364, 0, '2015-05-11', 1),
(34, 'BP-PO003830515', '2015-05-08', 26, 90, 50, 7, 'USD', 'Land', 1, 2205, 2426, 'N', '', 50, 221, 0, '2015-05-11', 1),
(35, 'BP-PO003840515', '2015-05-11', 26, 90, 50, 7, 'USD', 'Land', 1, 1260, 1386, 'N', '', 50, 126, 0, '0000-00-00', 1),
(36, 'BP-PO003850515', '2015-05-11', 1, 90, 50, 7, 'USD', 'Land', 1, 2885, 3174, 'N', '', 50, 289, 0, '2015-05-13', 1),
(37, 'BP-PO003860515', '2015-05-11', 1, 90, 50, 7, 'USD', 'Land', 1, 1964, 2160, 'N', '', 50, 196, 0, '2015-05-13', 1),
(38, 'BP-PO003870515', '2015-05-12', 54, 30, 50, 7, 'IDR', 'Land', 1, 1875000, 2062500, 'N', '', 50, 187500, 0, '0000-00-00', 1),
(39, 'BP-PO003880515', '2015-05-12', 1, 90, 50, 7, 'USD', 'Land', 1, 1320, 1452, 'N', '', 50, 132, 0, '2015-05-13', 1),
(40, 'BP-PO003890515', '2015-05-13', 31, 90, 50, 7, 'IDR', 'Land', 1, 3000000, 3300000, 'N', '', 50, 300000, 0, '0000-00-00', 1),
(42, '0002BP012015', '2015-01-05', 1, 0, 14, 7, 'USD', 'Land', 1, 2410, 2651, 'N', '', 2, 241, 0, '0000-00-00', 1),
(43, '0003BP012015', '2015-01-05', 1, 0, 14, 7, 'USD', 'Land', 1, 852, 937, 'N', '', 2, 85, 0, '0000-00-00', 1),
(44, '0004BP012015', '2015-01-05', 1, 0, 14, 7, 'USD', 'Land', 1, 4375, 4813, 'N', '', 2, 438, 0, '0000-00-00', 1),
(45, '0005BP012015', '2015-01-05', 8, 0, 14, 7, 'USD', 'Land', 1, 1080, 1188, 'N', '', 2, 108, 0, '0000-00-00', 1),
(46, '0006BP012015', '2015-01-05', 76, 0, 14, 7, 'USD', 'Land', 1, 754, 829, 'N', '', 2, 75, 0, '0000-00-00', 1),
(47, '0007BP012015', '2015-01-05', 19, 0, 14, 7, 'IDR', 'Land', 1, 35000000, 38500000, 'N', '', 2, 3500000, 0, '0000-00-00', 1),
(48, '0008BP012015', '2015-01-05', 3, 0, 14, 7, 'USD', 'Land', 1, 1174, 1292, 'N', '', 2, 117, 0, '0000-00-00', 1),
(49, '0009BP012015', '2015-01-05', 3, 0, 14, 7, 'USD', 'Land', 1, 180, 198, 'N', '', 2, 18, 0, '0000-00-00', 1),
(50, '0010BP012015', '2015-01-05', 54, 0, 14, 7, 'IDR', 'Land', 1, 3705000, 4075500, 'N', '', 2, 370500, 0, '0000-00-00', 1),
(51, '0011BP012015', '2015-01-06', 1, 0, 14, 7, 'USD', 'Land', 1, 540, 594, 'N', '', 2, 54, 0, '0000-00-00', 1),
(52, '0012BP012015', '2015-01-06', 1, 0, 14, 7, 'USD', 'Land', 1, 466, 513, 'N', '', 2, 47, 0, '0000-00-00', 1),
(53, '0013BP012015', '2015-01-06', 1, 0, 14, 7, 'USD', 'Land', 1, 10560, 11616, 'N', '', 2, 1056, 0, '0000-00-00', 1),
(54, '0014BP012015', '2015-01-07', 5, 0, 14, 7, 'USD', 'Land', 1, 1008, 1109, 'N', '', 2, 101, 0, '0000-00-00', 1),
(55, '0015BP012015', '2015-01-07', 26, 0, 14, 7, 'USD', 'Land', 1, 1386, 1525, 'N', '', 2, 139, 0, '0000-00-00', 1),
(56, '0016BP012015', '2015-01-07', 1, 0, 14, 7, 'USD', 'Land', 1, 2584, 2842, 'N', '', 2, 258, 0, '0000-00-00', 1),
(57, '0018BP012015', '2015-01-07', 1, 0, 14, 7, 'USD', 'Land', 1, 520, 572, 'N', '', 2, 52, 0, '0000-00-00', 1),
(58, '0019BP012015', '2015-01-07', 54, 0, 14, 7, 'IDR', 'Land', 1, 2560000, 2816000, 'N', '', 2, 256000, 0, '0000-00-00', 1),
(59, '0020BP012015', '2015-01-08', 1, 0, 14, 7, 'USD', 'Land', 1, 3476, 3824, 'N', '', 2, 348, 0, '0000-00-00', 1),
(60, '0021BP012015', '2015-01-08', 1, 0, 14, 7, 'USD', 'Land', 1, 5224, 5747, 'N', '', 2, 522, 0, '0000-00-00', 1),
(61, '0022BP012015', '2015-01-08', 26, 0, 14, 7, 'USD', 'Land', 1, 300, 330, 'N', '', 2, 30, 0, '0000-00-00', 1),
(62, '0023BP012015', '2015-01-08', 1, 0, 14, 7, 'USD', 'Land', 1, 5280, 5808, 'N', '', 2, 528, 0, '0000-00-00', 1),
(63, '0024BP012015', '2015-01-08', 79, 0, 14, 7, 'USD', 'Land', 1, 92, 101, 'N', '', 2, 9, 0, '0000-00-00', 1),
(64, '0025BP012015', '2015-01-09', 8, 0, 14, 7, 'USD', 'Land', 1, 2160, 2376, 'N', '', 2, 216, 0, '0000-00-00', 1),
(65, '0026BP012015', '2015-01-12', 26, 0, 14, 7, 'USD', 'Land', 1, 300, 330, 'N', '', 2, 30, 0, '0000-00-00', 1),
(66, '0027BP012015', '2015-01-12', 1, 0, 14, 7, 'USD', 'Land', 1, 3232, 3555, 'N', '', 2, 323, 0, '0000-00-00', 1),
(67, '0028BP012015', '2015-01-12', 54, 0, 14, 7, 'IDR', 'Land', 1, 2560000, 2816000, 'N', '', 2, 256000, 0, '0000-00-00', 1),
(68, '0029BP012015', '2015-01-12', 1, 0, 14, 7, 'USD', 'Land', 1, 1320, 1452, 'N', '', 2, 132, 0, '0000-00-00', 1),
(69, '0030BP012015', '2015-01-12', 76, 0, 14, 7, 'USD', 'Land', 1, 754, 829, 'N', '', 2, 75, 0, '0000-00-00', 1),
(70, '0031BP012015', '2015-01-13', 54, 0, 14, 7, 'IDR', 'Land', 1, 1260000, 1386000, 'N', '', 2, 126000, 0, '0000-00-00', 1),
(71, '0032BP012015', '2015-01-13', 1, 0, 14, 7, 'USD', 'Land', 1, 2940, 3234, 'N', '', 2, 294, 0, '0000-00-00', 1),
(72, '0033BP012015', '2015-01-13', 26, 0, 14, 7, 'USD', 'Land', 1, 770, 847, 'N', '', 2, 77, 0, '0000-00-00', 1),
(73, '0035BP012015', '2015-01-13', 1, 0, 14, 7, 'USD', 'Land', 1, 7726, 8499, 'N', '', 2, 773, 0, '0000-00-00', 1),
(74, '0036BP012015', '2015-01-14', 54, 0, 14, 7, 'IDR', 'Land', 1, 1260000, 1386000, 'N', '', 2, 126000, 0, '0000-00-00', 1),
(75, '0034BP012015', '2015-01-14', 8, 0, 14, 7, 'USD', 'Land', 1, 2160, 2376, 'N', '', 2, 216, 0, '0000-00-00', 1),
(76, '0037BP012015', '2015-01-15', 1, 0, 14, 7, 'USD', 'Land', 1, 2959, 3255, 'N', '', 2, 296, 0, '0000-00-00', 1),
(77, '0038BP012015', '2015-01-15', 1, 0, 14, 7, 'USD', 'Land', 1, 7705, 8476, 'N', '', 2, 771, 0, '0000-00-00', 1),
(78, '0040BP012015', '2015-01-14', 71, 0, 14, 7, 'USD', 'Land', 1, 880, 968, 'N', '', 2, 88, 0, '0000-00-00', 1),
(79, '0041BP012015', '2015-01-16', 21, 0, 14, 7, 'USD', 'Land', 1, 1239, 1363, 'N', '', 2, 124, 0, '0000-00-00', 1),
(80, '0042BP012015', '2015-01-19', 1, 0, 14, 7, 'USD', 'Land', 1, 2920, 3212, 'N', '', 2, 292, 0, '0000-00-00', 1),
(81, '0043BP012015', '2015-01-19', 26, 0, 14, 7, 'USD', 'Land', 1, 2010, 2211, 'N', '', 2, 201, 0, '0000-00-00', 1),
(82, '0044BP012015', '2015-01-19', 5, 0, 14, 7, 'USD', 'Land', 1, 1680, 1848, 'N', '', 2, 168, 0, '0000-00-00', 1),
(83, '0045BP012015', '2015-01-19', 54, 0, 14, 7, 'IDR', 'Land', 1, 1250000, 1375000, 'N', '', 2, 125000, 0, '0000-00-00', 1),
(84, '0046BP012015', '2015-01-19', 26, 0, 14, 7, 'USD', 'Land', 1, 2505, 2756, 'N', '', 2, 251, 0, '0000-00-00', 1),
(85, '0047BP012015', '2015-01-19', 8, 0, 14, 7, 'USD', 'Land', 1, 504, 554, 'N', '', 2, 50, 0, '0000-00-00', 1),
(86, '0048BP012015', '2015-01-20', 4, 0, 14, 7, 'USD', 'Land', 1, 2596, 2856, 'N', '', 2, 260, 0, '0000-00-00', 1),
(87, '0049BP012015', '2015-01-19', 28, 0, 14, 7, 'USD', 'Land', 1, 525, 578, 'N', '', 2, 53, 0, '0000-00-00', 1),
(88, '0050BP012015', '2015-01-20', 8, 0, 14, 7, 'USD', 'Land', 1, 4320, 4752, 'N', '', 2, 432, 0, '0000-00-00', 1),
(89, '0051BP012015', '2015-01-20', 31, 0, 14, 7, 'USD', 'Land', 1, 650, 715, 'N', '', 2, 65, 0, '0000-00-00', 1),
(90, '0052BP012015', '2015-01-20', 76, 0, 14, 7, 'USD', 'Land', 1, 754, 829, 'N', '', 2, 75, 0, '0000-00-00', 1),
(91, '0053BP012015', '2015-01-21', 1, 0, 14, 7, 'USD', 'Land', 1, 3634, 3997, 'N', '', 2, 363, 0, '0000-00-00', 1),
(92, '0054BP012015', '2015-01-21', 26, 0, 14, 7, 'USD', 'Land', 1, 731, 804, 'N', '', 2, 73, 0, '0000-00-00', 1),
(93, '0055BP012015', '2015-01-21', 1, 0, 14, 7, 'USD', 'Land', 1, 6357, 6992, 'N', '', 2, 636, 0, '0000-00-00', 1),
(94, '0056BP012015', '2015-01-21', 77, 0, 14, 7, 'IDR', 'Land', 1, 5775000, 6352500, 'N', '', 2, 577500, 0, '0000-00-00', 1),
(95, '0057BP012015', '2015-01-22', 4, 0, 14, 7, 'USD', 'Land', 1, 266, 293, 'N', '', 2, 27, 0, '0000-00-00', 1),
(96, '0058BP012015', '2015-01-22', 25, 0, 14, 7, 'USD', 'Land', 1, 1260, 1386, 'N', '', 2, 126, 0, '0000-00-00', 1),
(97, '0059BP012015', '2015-01-22', 3, 0, 14, 7, 'USD', 'Land', 1, 513, 564, 'N', '', 2, 51, 0, '0000-00-00', 1),
(98, '0060BP012015', '2015-01-23', 54, 0, 14, 7, 'IDR', 'Land', 1, 1875000, 2062500, 'N', '', 2, 187500, 0, '0000-00-00', 1),
(99, '0061BP012015', '2015-01-22', 3, 0, 14, 7, 'USD', 'Land', 1, 1219, 1340, 'N', '', 2, 122, 0, '0000-00-00', 1),
(100, '0062BP012015', '2015-01-22', 1, 0, 14, 7, 'USD', 'Land', 1, 5460, 6006, 'N', '', 2, 546, 0, '0000-00-00', 1),
(101, '0063BP012015', '2015-01-26', 1, 0, 14, 7, 'USD', 'Land', 1, 2728, 3001, 'N', '', 2, 273, 0, '0000-00-00', 1),
(102, '0064BP012015', '2015-01-26', 54, 0, 14, 7, 'IDR', 'Land', 1, 1925000, 2117500, 'N', '', 2, 192500, 0, '0000-00-00', 1),
(103, '0065BP012015', '2015-01-26', 4, 0, 14, 7, 'USD', 'Land', 1, 588, 647, 'N', '', 2, 59, 0, '0000-00-00', 1),
(104, '0017BP012015', '2015-07-01', 33, 0, 14, 7, 'USD', 'Land', 1, 2100, 2310, 'N', '', 2, 210, 0, '0000-00-00', 1),
(105, '0066BP012015', '2015-01-26', 6, 0, 14, 7, 'USD', 'Land', 1, 620, 682, 'N', '', 2, 62, 0, '0000-00-00', 1),
(106, '0067BP012015', '2015-01-26', 70, 0, 14, 7, 'USD', 'Land', 1, 2000, 2200, 'N', '', 2, 200, 0, '0000-00-00', 1),
(107, '0068BP012015', '2015-01-27', 70, 0, 14, 7, 'USD', 'Land', 1, 1000, 1100, 'N', '', 2, 100, 0, '0000-00-00', 1),
(108, '0069BP012015', '2015-01-27', 1, 0, 14, 7, 'USD', 'Land', 1, 1380, 1518, 'N', '', 2, 138, 0, '0000-00-00', 1),
(109, '0070BP012015', '2015-01-27', 25, 0, 14, 7, 'USD', 'Land', 1, 840, 924, 'N', '', 2, 84, 0, '0000-00-00', 1),
(110, '0071BP012015', '2015-01-28', 4, 0, 14, 7, 'USD', 'Land', 1, 2298, 2528, 'N', '', 2, 230, 0, '0000-00-00', 1),
(111, '0072BP012015', '2015-01-16', 6, 0, 14, 7, 'USD', 'Land', 1, 1828, 2010, 'N', '', 2, 183, 0, '0000-00-00', 1),
(112, '0073BP012015', '2015-01-27', 1, 0, 14, 7, 'USD', 'Land', 1, 1040, 1144, 'N', '', 2, 104, 0, '0000-00-00', 1),
(113, '0074BP012015', '2015-01-27', 8, 0, 14, 7, 'USD', 'Land', 1, 1944, 2138, 'N', '', 2, 194, 0, '0000-00-00', 1),
(114, '0075BP012015', '2015-01-27', 26, 0, 14, 7, 'USD', 'Land', 1, 875, 963, 'N', '', 2, 88, 0, '0000-00-00', 1),
(115, '0076BP012015', '2015-01-28', 69, 0, 14, 7, 'USD', 'Land', 1, 428, 470, 'N', '', 2, 43, 0, '0000-00-00', 1),
(116, '0077BP012015', '2015-01-28', 31, 0, 14, 7, 'IDR', 'Land', 1, 10615000, 11676500, 'N', '', 2, 1061500, 0, '0000-00-00', 1),
(117, '0078BP012015', '2015-01-29', 26, 0, 14, 7, 'USD', 'Land', 1, 1150, 1265, 'N', '', 2, 115, 0, '0000-00-00', 1),
(118, '0079BP012015', '2015-01-29', 26, 0, 14, 7, 'USD', 'Land', 1, 3001, 3301, 'N', '', 2, 300, 0, '0000-00-00', 1),
(119, '0080BP012015', '2015-01-29', 31, 0, 14, 7, 'IDR', 'Land', 1, 6615000, 7276500, 'N', '', 2, 661500, 0, '0000-00-00', 1),
(120, '0082BP012015', '2015-01-29', 54, 0, 14, 7, 'IDR', 'Land', 1, 5100000, 5610000, 'N', '', 2, 510000, 0, '0000-00-00', 1),
(121, '0085BP012015', '2015-01-30', 1, 0, 14, 7, 'USD', 'Land', 1, 2335, 2568, 'N', '', 2, 233, 0, '0000-00-00', 1),
(122, '0083BP012015', '2015-01-30', 71, 0, 14, 7, 'USD', 'Land', 1, 860, 946, 'N', '', 2, 86, 0, '0000-00-00', 1),
(123, '0084BP012015', '2015-01-30', 1, 0, 14, 7, 'USD', 'Land', 1, 5160, 5676, 'N', '', 2, 516, 0, '0000-00-00', 1),
(124, '0086BP012015', '2015-01-30', 1, 0, 14, 7, 'USD', 'Land', 1, 1052, 1157, 'N', '', 2, 105, 0, '0000-00-00', 1),
(125, '0087BP022015', '2015-02-02', 26, 0, 14, 7, 'USD', 'Land', 1, 3153, 3468, 'N', '', 2, 315, 0, '0000-00-00', 1),
(126, '0088BP022015', '2015-02-02', 1, 0, 14, 7, 'USD', 'Land', 1, 10444, 11488, 'N', '', 2, 1044, 0, '0000-00-00', 1),
(127, '0089BP022015', '2015-02-02', 21, 0, 14, 7, 'USD', 'Land', 1, 840, 924, 'N', '', 2, 84, 0, '0000-00-00', 1),
(128, '0090BP022015', '2015-02-02', 76, 0, 14, 7, 'USD', 'Land', 1, 754, 829, 'N', '', 2, 75, 0, '0000-00-00', 1),
(129, '0092BP022015', '2015-02-03', 26, 0, 14, 7, 'USD', 'Land', 1, 600, 660, 'N', '', 2, 60, 0, '0000-00-00', 1),
(130, '0093BP022015', '2015-02-03', 1, 0, 14, 7, 'USD', 'Land', 1, 2347, 2582, 'N', '', 2, 235, 0, '0000-00-00', 1),
(131, '0094BP022015', '2015-02-03', 3, 0, 14, 7, 'USD', 'Land', 1, 743, 818, 'N', '', 2, 74, 0, '0000-00-00', 1),
(132, '0095BP022015', '2015-02-03', 6, 0, 14, 7, 'USD', 'Land', 1, 898, 987, 'N', '', 2, 90, 0, '0000-00-00', 1),
(133, '0096BP022015', '2015-02-03', 1, 0, 14, 7, 'USD', 'Land', 1, 2444, 2689, 'N', '', 2, 244, 0, '0000-00-00', 1),
(134, '0097BP022015', '2015-02-03', 59, 0, 14, 7, 'USD', 'Land', 1, 700, 770, 'N', '', 2, 70, 0, '0000-00-00', 1),
(135, '0098BP022015', '2015-02-04', 1, 0, 14, 7, 'USD', 'Land', 1, 2260, 2486, 'N', '', 2, 226, 0, '0000-00-00', 1),
(136, '0091BP022015', '2015-02-11', 6, 0, 14, 7, 'USD', 'Land', 1, 5100, 5610, 'N', '', 2, 510, 0, '0000-00-00', 1),
(137, '0100BP022015', '2015-02-09', 15, 0, 14, 7, 'USD', 'Land', 1, 615, 677, 'N', '', 2, 62, 0, '0000-00-00', 1),
(138, '0101BP022015', '2015-02-05', 54, 0, 14, 7, 'IDR', 'Land', 1, 3030000, 3333000, 'N', '', 2, 303000, 0, '0000-00-00', 1),
(139, '0102BP022015', '2015-02-05', 1, 0, 14, 7, 'USD', 'Land', 1, 1176, 1294, 'N', '', 2, 118, 0, '0000-00-00', 1),
(140, '0103BP022015', '2015-02-05', 21, 0, 14, 7, 'USD', 'Land', 1, 572, 629, 'N', '', 2, 57, 0, '0000-00-00', 1),
(141, '0104BP022015', '2015-02-06', 1, 0, 14, 7, 'USD', 'Land', 1, 4645, 5110, 'N', '', 2, 465, 0, '0000-00-00', 1),
(142, '0106BP022015', '2015-02-06', 1, 0, 14, 7, 'USD', 'Land', 1, 1320, 1452, 'N', '', 2, 132, 0, '0000-00-00', 1),
(143, '0107BP022015', '2015-02-09', 1, 0, 14, 7, 'USD', 'Land', 1, 2812, 3093, 'N', '', 2, 281, 0, '0000-00-00', 1),
(144, '0108BP022015', '2015-02-09', 1, 0, 14, 7, 'USD', 'Land', 1, 10560, 11616, 'N', '', 2, 1056, 0, '0000-00-00', 1),
(145, '0109BP022015', '2015-02-09', 4, 0, 14, 7, 'USD', 'Land', 1, 420, 462, 'N', '', 2, 42, 0, '0000-00-00', 1),
(146, '0110BP022015', '2015-02-09', 3, 0, 14, 7, 'USD', 'Land', 1, 684, 752, 'N', '', 2, 68, 0, '0000-00-00', 1),
(147, '0111BP022015', '2015-02-09', 75, 0, 14, 7, 'USD', 'Land', 1, 630, 693, 'N', '', 2, 63, 0, '0000-00-00', 1),
(148, '0112BP022015', '2015-02-10', 1, 0, 14, 7, 'USD', 'Land', 1, 1320, 1452, 'N', '', 2, 132, 0, '0000-00-00', 1),
(149, '0113BP022015', '2015-02-10', 1, 0, 14, 7, 'USD', 'Land', 1, 2916, 3208, 'N', '', 2, 292, 0, '0000-00-00', 1),
(150, '0114BP022015', '2015-02-10', 1, 0, 14, 7, 'USD', 'Land', 1, 3264, 3590, 'N', '', 2, 326, 0, '0000-00-00', 1),
(151, '0115BP022015', '2015-02-10', 26, 0, 14, 7, 'USD', 'Land', 1, 832, 915, 'N', '', 2, 83, 0, '0000-00-00', 1),
(152, '0099BP022015', '2015-02-10', 76, 0, 14, 7, 'USD', 'Land', 1, 809, 890, 'N', '', 2, 81, 0, '0000-00-00', 1),
(153, '0105BP022015', '2015-02-09', 19, 0, 14, 7, 'IDR', 'Land', 1, 14000000, 15400000, 'N', '', 2, 1400000, 0, '0000-00-00', 1),
(154, '0116BP022015', '2015-02-10', 1, 0, 14, 7, 'USD', 'Land', 1, 3274, 3602, 'N', '', 2, 327, 0, '0000-00-00', 1),
(155, '0117BP022015', '2015-02-10', 3, 0, 14, 7, 'USD', 'Land', 1, 360, 396, 'N', '', 2, 36, 0, '0000-00-00', 1),
(156, '0118BP022015', '2015-02-10', 1, 0, 14, 7, 'USD', 'Land', 1, 744, 818, 'N', '', 2, 74, 0, '0000-00-00', 1),
(157, '0119BP022015', '2015-02-10', 3, 0, 14, 7, 'USD', 'Land', 1, 637, 701, 'N', '', 2, 64, 0, '0000-00-00', 1),
(158, '0120BP022015', '2015-02-11', 71, 0, 14, 7, 'USD', 'Land', 1, 860, 946, 'N', '', 2, 86, 0, '0000-00-00', 1),
(159, '0121BP022015', '2015-02-11', 1, 0, 14, 7, 'USD', 'Land', 1, 3724, 4096, 'N', '', 2, 372, 0, '0000-00-00', 1),
(160, '0122BP022015', '2015-02-11', 3, 0, 14, 7, 'USD', 'Land', 1, 900, 990, 'N', '', 2, 90, 0, '0000-00-00', 1),
(161, '0123BP022015', '2015-02-12', 59, 0, 14, 7, 'USD', 'Land', 1, 4482, 4930, 'N', '', 2, 448, 0, '0000-00-00', 1),
(162, '0124BP022015', '2015-02-12', 9999, 0, 14, 7, 'USD', 'Land', 1, 150, 165, 'N', '', 2, 15, 0, '0000-00-00', 1),
(163, '0125BP022015', '2015-02-13', 54, 0, 14, 7, 'IDR', 'Land', 1, 2550000, 2805000, 'N', '', 2, 255000, 0, '0000-00-00', 1),
(164, '0126BP022015', '2015-02-13', 8, 0, 14, 7, 'USD', 'Land', 1, 504, 554, 'N', '', 2, 50, 0, '0000-00-00', 1),
(165, '0127BP022015', '2015-02-13', 1, 0, 14, 7, 'USD', 'Land', 1, 1324, 1456, 'N', '', 2, 132, 0, '0000-00-00', 1),
(166, '0128BP022015', '2015-02-16', 1, 0, 14, 7, 'USD', 'Land', 1, 270, 297, 'N', '', 2, 27, 0, '0000-00-00', 1),
(167, '0129BP022015', '2015-02-16', 3, 0, 14, 7, 'USD', 'Land', 1, 990, 1089, 'N', '', 2, 99, 0, '0000-00-00', 1),
(168, '0130BP022015', '2015-02-16', 26, 0, 14, 7, 'USD', 'Land', 1, 416, 458, 'N', '', 2, 42, 0, '0000-00-00', 1),
(169, '0131BP022015', '2015-02-16', 1, 0, 14, 7, 'USD', 'Land', 1, 8758, 9634, 'N', '', 2, 876, 0, '0000-00-00', 1),
(170, '0132BP022015', '2015-02-16', 5, 0, 14, 7, 'USD', 'Land', 1, 1984, 2182, 'N', '', 2, 198, 0, '0000-00-00', 1),
(171, '0133BP022015', '2015-02-17', 31, 0, 14, 7, 'USD', 'Land', 1, 260, 286, 'N', '', 2, 26, 0, '0000-00-00', 1),
(172, '0134BP022015', '2015-02-17', 3, 0, 14, 7, 'USD', 'Land', 1, 900, 990, 'N', '', 2, 90, 0, '0000-00-00', 1),
(173, '0135BP022015', '2015-02-17', 6, 0, 14, 7, 'USD', 'Land', 1, 620, 682, 'N', '', 2, 62, 0, '0000-00-00', 1),
(174, '0136BP022015', '2015-02-18', 69, 0, 14, 7, 'USD', 'Land', 1, 428, 470, 'N', '', 2, 43, 0, '0000-00-00', 1),
(175, '0137BP022015', '2015-02-17', 1, 0, 14, 7, 'USD', 'Land', 1, 500, 550, 'N', '', 2, 50, 0, '0000-00-00', 1),
(176, '0138BP022015', '2015-02-18', 1, 0, 14, 7, 'USD', 'Land', 1, 806, 887, 'N', '', 2, 81, 0, '0000-00-00', 1),
(177, '0139BP022015', '2015-02-18', 31, 0, 14, 7, 'IDR', 'Land', 1, 1925000, 2117500, 'N', '', 2, 192500, 0, '0000-00-00', 1),
(178, '0140BP022015', '2015-02-18', 54, 0, 14, 7, 'IDR', 'Land', 1, 1875000, 2062500, 'N', '', 2, 187500, 0, '0000-00-00', 1),
(179, '0142BP022015', '2015-02-18', 19, 0, 14, 7, 'IDR', 'Land', 1, 14000000, 15400000, 'N', '', 2, 1400000, 0, '0000-00-00', 1),
(180, '0141BP022015', '2015-02-18', 6, 0, 14, 7, 'USD', 'Land', 1, 2715, 2987, 'N', '', 2, 272, 0, '0000-00-00', 1),
(181, '0143BP022015', '2015-02-18', 6, 0, 14, 7, 'USD', 'Land', 1, 1056, 1162, 'N', '', 2, 106, 0, '0000-00-00', 1),
(182, '0144BP022015', '2015-02-18', 1, 0, 14, 7, 'USD', 'Land', 1, 5280, 5808, 'N', '', 2, 528, 0, '0000-00-00', 1),
(183, '0145BP022015', '2015-02-18', 1, 0, 14, 7, 'USD', 'Land', 1, 1782, 1960, 'N', '', 2, 178, 0, '0000-00-00', 1),
(184, '0146BP022015', '2015-02-18', 31, 0, 14, 7, 'IDR', 'Land', 1, 1200000, 1320000, 'N', '', 2, 120000, 0, '0000-00-00', 1),
(185, '0147BP022015', '2015-02-18', 1, 0, 14, 7, 'USD', 'Land', 1, 1060, 1166, 'N', '', 2, 106, 0, '0000-00-00', 1),
(186, '0148BP022015', '2015-02-20', 26, 0, 14, 7, 'USD', 'Land', 1, 1248, 1373, 'N', '', 2, 125, 0, '0000-00-00', 1),
(187, '0149BP022015', '2015-02-20', 1, 0, 14, 7, 'USD', 'Land', 1, 732, 805, 'N', '', 2, 73, 0, '0000-00-00', 1),
(188, '0150BP022015', '2015-02-20', 70, 0, 14, 7, 'USD', 'Land', 1, 1000, 1100, 'N', '', 2, 100, 0, '0000-00-00', 1),
(189, '0151BP022015', '2015-02-20', 3, 0, 14, 7, 'USD', 'Land', 1, 150, 165, 'N', '', 2, 15, 0, '0000-00-00', 1),
(190, '0152BP022015', '2015-02-23', 1, 0, 14, 7, 'USD', 'Land', 1, 504, 554, 'N', '', 2, 50, 0, '0000-00-00', 1),
(191, '0153BP022015', '2015-02-02', 71, 0, 14, 7, 'USD', 'Land', 1, 860, 946, 'N', '', 2, 86, 0, '0000-00-00', 1),
(192, '0154BP022015', '2015-02-23', 1, 0, 14, 7, 'USD', 'Land', 1, 380, 418, 'N', '', 2, 38, 0, '0000-00-00', 1),
(193, '0155BP022015', '2015-02-23', 26, 0, 14, 7, 'USD', 'Land', 1, 945, 1040, 'N', '', 2, 95, 0, '0000-00-00', 1),
(194, '0156BP022015', '2015-02-23', 3, 0, 14, 7, 'USD', 'Land', 1, 1200, 1320, 'N', '', 2, 120, 0, '0000-00-00', 1),
(195, '0157BP022015', '2015-02-23', 19, 0, 14, 7, 'IDR', 'Land', 1, 28000000, 30800000, 'N', '', 2, 2800000, 0, '0000-00-00', 1),
(196, '0158BP022015', '2015-02-23', 1, 0, 14, 7, 'USD', 'Land', 1, 200, 220, 'N', '', 2, 20, 0, '0000-00-00', 1),
(197, '0159BP022015', '2015-02-24', 4, 0, 14, 7, 'USD', 'Land', 1, 2800, 3080, 'N', '', 2, 280, 0, '0000-00-00', 1),
(198, '0160BP022015', '2015-02-24', 25, 0, 14, 7, 'USD', 'Land', 1, 840, 924, 'N', '', 2, 84, 0, '0000-00-00', 1),
(199, '0161BP022015', '2015-02-24', 4, 0, 14, 7, 'USD', 'Land', 1, 10099, 11109, 'N', '', 2, 1010, 0, '0000-00-00', 1),
(200, '0162BP022015', '2015-02-24', 1, 0, 14, 7, 'USD', 'Land', 1, 4296, 4726, 'N', '', 2, 430, 0, '0000-00-00', 1),
(201, '0163BP022015', '2015-02-24', 54, 0, 14, 7, 'IDR', 'Land', 1, 2550000, 2805000, 'N', '', 2, 255000, 0, '0000-00-00', 1),
(202, '0164BP022015', '2015-02-24', 1, 0, 14, 7, 'USD', 'Land', 1, 380, 418, 'N', '', 2, 38, 0, '0000-00-00', 1),
(203, '0165BP022015', '2015-02-25', 26, 0, 14, 7, 'USD', 'Land', 1, 1033, 1136, 'N', '', 2, 103, 0, '0000-00-00', 1),
(204, '0166BP022015', '2015-02-24', 31, 0, 14, 7, 'IDR', 'Land', 1, 1100000, 1210000, 'N', '', 2, 110000, 0, '0000-00-00', 1),
(205, '0167BP022015', '2015-02-25', 59, 0, 14, 7, 'USD', 'Land', 1, 3876, 4264, 'N', '', 2, 388, 0, '0000-00-00', 1),
(206, '0168BP022015', '2015-02-25', 1, 0, 14, 7, 'USD', 'Land', 1, 5840, 6424, 'N', '', 2, 584, 0, '0000-00-00', 1),
(207, '0169BP022015', '2015-02-26', 1, 0, 14, 7, 'USD', 'Land', 1, 2516, 2768, 'N', '', 2, 252, 0, '0000-00-00', 1),
(208, '0170BP022015', '2015-02-26', 1, 0, 14, 7, 'USD', 'Land', 1, 2640, 2904, 'N', '', 2, 264, 0, '0000-00-00', 1),
(209, '0171BP022015', '2015-02-26', 1, 0, 14, 7, 'USD', 'Land', 1, 2706, 2977, 'N', '', 2, 271, 0, '0000-00-00', 1),
(210, '0172BP022015', '2015-02-26', 1, 0, 14, 7, 'USD', 'Land', 1, 2830, 3113, 'N', '', 2, 283, 0, '0000-00-00', 1),
(211, '0173BP022015', '2015-02-26', 31, 0, 14, 7, 'IDR', 'Land', 1, 3410000, 3751000, 'N', '', 2, 341000, 0, '0000-00-00', 1),
(212, '0174BP022015', '2015-02-27', 8, 0, 14, 7, 'USD', 'Land', 1, 2700, 2970, 'N', '', 2, 270, 0, '0000-00-00', 1),
(213, '0175BP022015', '2015-02-27', 54, 0, 14, 7, 'IDR', 'Land', 1, 3175000, 3492500, 'N', '', 2, 317500, 0, '0000-00-00', 1),
(214, '0176BP022015', '2015-02-27', 1, 0, 14, 7, 'USD', 'Land', 1, 4696, 5166, 'N', '', 2, 470, 0, '0000-00-00', 1),
(215, '0177BP022015', '2015-02-27', 1, 0, 14, 7, 'USD', 'Land', 1, 3640, 4004, 'N', '', 2, 364, 0, '0000-00-00', 1),
(216, '0178BP032015', '2015-03-02', 31, 0, 14, 7, 'IDR', 'Land', 1, 1100000, 1210000, 'N', '', 2, 110000, 0, '0000-00-00', 1),
(217, '0179BP032015', '2015-03-02', 26, 0, 14, 7, 'USD', 'Land', 1, 4538, 4992, 'N', '', 2, 454, 0, '0000-00-00', 1),
(218, '0180BP032015', '2015-03-02', 1, 0, 14, 7, 'USD', 'Land', 1, 526, 579, 'N', '', 2, 53, 0, '0000-00-00', 1),
(219, '0181BP032015', '2015-03-02', 3, 0, 14, 7, 'USD', 'Land', 1, 1545, 1700, 'N', '', 2, 155, 0, '0000-00-00', 1),
(220, '0182BP032015', '2015-03-02', 1, 0, 14, 7, 'USD', 'Land', 1, 1180, 1298, 'N', '', 2, 118, 0, '0000-00-00', 1),
(221, '0183BP032015', '2015-03-03', 4, 0, 14, 7, 'USD', 'Land', 1, 4429, 4872, 'N', '', 2, 443, 0, '0000-00-00', 1),
(222, '0184BP032015', '2015-03-03', 26, 0, 14, 7, 'USD', 'Land', 1, 64, 70, 'N', '', 2, 6, 0, '0000-00-00', 1),
(223, '0185BP032015', '2015-03-02', 3, 0, 14, 7, 'USD', 'Land', 1, 684, 752, 'N', '', 2, 68, 0, '0000-00-00', 1),
(224, '0186BP032015', '2015-03-03', 54, 0, 14, 7, 'IDR', 'Land', 1, 3175000, 3492500, 'N', '', 2, 317500, 0, '0000-00-00', 1),
(225, '0187BP032015', '2015-03-03', 1, 0, 14, 7, 'USD', 'Land', 1, 3628, 3991, 'N', '', 2, 363, 0, '0000-00-00', 1),
(226, '0188BP032015', '2015-03-03', 1, 0, 14, 7, 'USD', 'Land', 1, 2640, 2904, 'N', '', 2, 264, 0, '0000-00-00', 1),
(227, '0189BP032015', '2015-03-03', 59, 0, 14, 7, 'USD', 'Land', 1, 2952, 3247, 'N', '', 2, 295, 0, '0000-00-00', 1),
(228, '0190BP032015', '2015-03-04', 40, 0, 14, 7, 'USD', 'Land', 1, 1914, 2105, 'N', '', 2, 191, 0, '0000-00-00', 1),
(229, '0191BP032015', '2015-03-04', 1, 0, 14, 7, 'USD', 'Land', 1, 4319, 4751, 'N', '', 2, 432, 0, '0000-00-00', 1),
(230, '0192BP032015', '2015-03-04', 1, 0, 14, 7, 'USD', 'Land', 1, 12556, 13812, 'N', '', 2, 1256, 0, '0000-00-00', 1),
(231, '0193BP032015', '2015-03-04', 26, 0, 14, 7, 'USD', 'Land', 1, 3965, 4362, 'N', '', 2, 397, 0, '0000-00-00', 1),
(232, '0194BP032015', '2015-03-04', 19, 0, 14, 7, 'IDR', 'Land', 1, 14000000, 15400000, 'N', '', 2, 1400000, 0, '0000-00-00', 1),
(233, '0195BP032015', '2015-03-04', 1, 0, 14, 7, 'USD', 'Land', 1, 3744, 4118, 'N', '', 2, 374, 0, '0000-00-00', 1),
(234, '0196BP032015', '2015-03-05', 31, 0, 14, 7, 'USD', 'Land', 1, 325, 358, 'N', '', 2, 33, 0, '0000-00-00', 1),
(235, '0197BP032015', '2015-03-05', 1, 0, 14, 7, 'USD', 'Land', 1, 1320, 1452, 'N', '', 2, 132, 0, '0000-00-00', 1),
(236, '0198BP032015', '2015-03-05', 54, 0, 14, 7, 'IDR', 'Land', 1, 2700000, 2970000, 'N', '', 2, 270000, 0, '0000-00-00', 1),
(237, '0199BP032015', '2015-03-05', 40, 0, 14, 7, 'USD', 'Land', 1, 1320, 1452, 'N', '', 2, 132, 0, '0000-00-00', 1),
(238, '0201BP032015', '2015-03-06', 62, 0, 14, 7, 'IDR', 'Land', 1, 151000, 166100, 'N', '', 2, 15100, 0, '0000-00-00', 1),
(239, '0202BP032015', '2015-03-06', 1, 0, 14, 7, 'USD', 'Land', 1, 1890, 2079, 'N', '', 2, 189, 0, '0000-00-00', 1),
(240, '0203BP032015', '2015-03-06', 1, 0, 14, 7, 'USD', 'Land', 1, 2806, 3087, 'N', '', 2, 281, 0, '0000-00-00', 1),
(241, '0204BP032015', '2015-03-06', 1, 0, 14, 7, 'USD', 'Land', 1, 3320, 3652, 'N', '', 2, 332, 0, '0000-00-00', 1),
(242, '0200BP032015', '2015-03-06', 13, 0, 14, 7, 'USD', 'Land', 1, 320, 352, 'N', '', 2, 32, 0, '0000-00-00', 1),
(243, '0205BP032015', '2015-03-09', 1, 0, 14, 7, 'USD', 'Land', 1, 5965, 6562, 'N', '', 2, 597, 0, '0000-00-00', 1),
(244, '0206BP032015', '2015-03-09', 1, 0, 14, 7, 'USD', 'Land', 1, 2708, 2979, 'N', '', 2, 271, 0, '0000-00-00', 1),
(245, '0207BP032015', '2015-03-09', 1, 0, 14, 7, 'USD', 'Land', 1, 2934, 3227, 'N', '', 2, 293, 0, '0000-00-00', 1),
(246, '0208BP032015', '2015-03-10', 19, 0, 14, 7, 'IDR', 'Land', 1, 14000000, 15400000, 'N', '', 2, 1400000, 0, '0000-00-00', 1),
(247, '0209BP032015', '2015-03-10', 1, 0, 14, 7, 'USD', 'Land', 1, 2640, 2904, 'N', '', 2, 264, 0, '0000-00-00', 1),
(248, '0210BP032015', '2015-03-10', 1, 0, 14, 7, 'USD', 'Land', 1, 6734, 7407, 'N', '', 2, 673, 0, '0000-00-00', 1),
(249, '0211BP032015', '2015-03-10', 1, 0, 14, 7, 'USD', 'Land', 1, 3680, 4048, 'N', '', 2, 368, 0, '0000-00-00', 1),
(250, '0212BP032015', '2015-03-10', 26, 0, 14, 7, 'USD', 'Land', 1, 1657, 1823, 'N', '', 2, 166, 0, '0000-00-00', 1),
(251, '0213BP032015', '2015-03-11', 3, 0, 14, 7, 'USD', 'Land', 1, 1431, 1574, 'N', '', 2, 143, 0, '0000-00-00', 1),
(252, '0214BP032015', '2015-03-11', 31, 0, 14, 7, 'USD', 'Land', 1, 46, 50, 'N', '', 2, 5, 0, '0000-00-00', 1),
(253, '0215BP032015', '2015-03-11', 31, 0, 14, 7, 'IDR', 'Land', 1, 4410000, 4851000, 'N', '', 2, 441000, 0, '0000-00-00', 1),
(254, '0216BP032015', '2015-03-11', 4, 0, 14, 7, 'USD', 'Land', 1, 3470, 3817, 'N', '', 2, 347, 0, '0000-00-00', 1),
(255, '0217BP032015', '2015-03-11', 1, 0, 14, 7, 'USD', 'Land', 1, 4327, 4759, 'N', '', 2, 433, 0, '0000-00-00', 1),
(256, '0218BP032015', '2015-03-11', 6, 0, 14, 7, 'USD', 'Land', 1, 898, 987, 'N', '', 2, 90, 0, '0000-00-00', 1),
(257, '0220BP032015', '2015-03-11', 21, 0, 14, 7, 'USD', 'Land', 1, 570, 627, 'N', '', 2, 57, 0, '0000-00-00', 1),
(258, '0221BP032015', '2015-03-12', 1, 0, 14, 7, 'USD', 'Land', 1, 9950, 10945, 'N', '', 2, 995, 0, '0000-00-00', 1),
(259, '0222BP032015', '2015-03-12', 1, 0, 14, 7, 'USD', 'Land', 1, 1000, 1100, 'N', '', 2, 100, 0, '0000-00-00', 1),
(260, '0223BP032015', '2015-03-12', 40, 0, 14, 7, 'USD', 'Land', 1, 1122, 1234, 'N', '', 2, 112, 0, '0000-00-00', 1),
(261, '0224BP032015', '2015-03-11', 1, 0, 14, 7, 'USD', 'Land', 1, 2520, 2772, 'N', '', 2, 252, 0, '0000-00-00', 1),
(262, '0226BP032015', '2015-03-13', 26, 0, 14, 7, 'USD', 'Land', 1, 962, 1058, 'N', '', 2, 96, 0, '0000-00-00', 1),
(263, '0227BP032015', '2015-03-16', 1, 0, 14, 7, 'USD', 'Land', 1, 5280, 5808, 'N', '', 2, 528, 0, '0000-00-00', 1),
(264, '0228BP032015', '2015-03-16', 1, 0, 14, 7, 'USD', 'Land', 1, 1703, 1874, 'N', '', 2, 170, 0, '0000-00-00', 1),
(265, '0229BP032015', '2015-03-16', 54, 0, 14, 7, 'IDR', 'Land', 1, 1250000, 1375000, 'N', '', 2, 125000, 0, '0000-00-00', 1),
(266, '0230BP032015', '2015-03-16', 59, 0, 14, 7, 'USD', 'Land', 1, 8031, 8834, 'N', '', 2, 803, 0, '0000-00-00', 1),
(267, '0231BP032015', '2015-03-16', 26, 0, 14, 7, 'USD', 'Land', 1, 3405, 3746, 'N', '', 2, 341, 0, '0000-00-00', 1),
(268, '0232BP032015', '2015-03-17', 4, 0, 14, 7, 'USD', 'Land', 1, 3350, 3685, 'N', '', 2, 335, 0, '0000-00-00', 1),
(269, '0219BP032015', '2015-03-24', 71, 0, 14, 7, 'USD', 'Land', 1, 860, 946, 'N', '', 2, 86, 0, '0000-00-00', 1),
(270, '0233BP032015', '2015-03-17', 1, 0, 14, 7, 'USD', 'Land', 1, 1510, 1661, 'N', '', 2, 151, 0, '0000-00-00', 1),
(271, '0234BP032015', '2015-03-17', 1, 0, 14, 7, 'USD', 'Land', 1, 3490, 3839, 'N', '', 2, 349, 0, '0000-00-00', 1),
(272, '0235BP032015', '2015-03-18', 6, 0, 14, 7, 'USD', 'Land', 1, 528, 581, 'N', '', 2, 53, 0, '0000-00-00', 1),
(273, '0236BP032015', '2015-03-18', 76, 0, 14, 7, 'USD', 'Land', 1, 2262, 2488, 'N', '', 2, 226, 0, '0000-00-00', 1),
(274, '0237BP032015', '2015-03-19', 1, 0, 14, 7, 'USD', 'Land', 1, 5711, 6282, 'N', '', 2, 571, 0, '0000-00-00', 1),
(275, '0238BP032015', '2015-03-19', 1, 0, 14, 7, 'USD', 'Land', 1, 400, 440, 'N', '', 2, 40, 0, '0000-00-00', 1),
(276, '0239BP032015', '2015-03-20', 1, 0, 14, 7, 'USD', 'Land', 1, 1876, 2064, 'N', '', 2, 188, 0, '0000-00-00', 1),
(277, '0241BP032015', '2015-03-23', 8, 0, 14, 7, 'USD', 'Land', 1, 504, 554, 'N', '', 2, 50, 0, '0000-00-00', 1),
(278, '0242BP032015', '2015-03-23', 1, 0, 14, 7, 'USD', 'Land', 1, 2640, 2904, 'N', '', 2, 264, 0, '0000-00-00', 1),
(279, '0243BP032015', '2015-03-23', 1, 0, 14, 7, 'USD', 'Land', 1, 1788, 1967, 'N', '', 2, 179, 0, '0000-00-00', 1),
(280, '0244BP032015', '2015-03-23', 1, 0, 14, 7, 'USD', 'Land', 1, 3025, 3328, 'N', '', 2, 303, 0, '0000-00-00', 1),
(281, '0245BP032015', '2015-03-23', 26, 0, 14, 7, 'USD', 'Land', 1, 1400, 1539, 'N', '', 2, 140, 0, '0000-00-00', 1),
(282, '0240BP032015', '2015-03-20', 54, 0, 14, 7, 'IDR', 'Land', 1, 3125000, 3437500, 'N', '', 2, 312500, 0, '0000-00-00', 1),
(283, '0246BP032015', '2015-03-23', 3, 0, 14, 7, 'USD', 'Land', 1, 900, 990, 'N', '', 2, 90, 0, '0000-00-00', 1),
(284, '0247BP032015', '2015-03-23', 1, 0, 14, 7, 'USD', 'Land', 1, 450, 495, 'N', '', 2, 45, 0, '0000-00-00', 1),
(285, '0251BP032015', '2015-03-24', 1, 0, 14, 7, 'USD', 'Land', 1, 760, 836, 'N', '', 2, 76, 0, '0000-00-00', 1),
(286, '0252BP032015', '2015-03-24', 15, 0, 14, 7, 'USD', 'Land', 1, 308, 338, 'N', '', 2, 31, 0, '0000-00-00', 1),
(287, '0248BP032015', '2015-03-23', 54, 0, 14, 7, 'IDR', 'Land', 1, 1875000, 2062500, 'N', '', 2, 187500, 0, '0000-00-00', 1),
(288, '0249BP032015', '2015-03-24', 19, 0, 14, 7, 'IDR', 'Land', 1, 14000000, 15400000, 'N', '', 2, 1400000, 0, '0000-00-00', 1),
(289, '0250BP032015', '2015-03-24', 1, 0, 14, 7, 'USD', 'Land', 1, 3486, 3835, 'N', '', 2, 349, 0, '0000-00-00', 1),
(290, '0253BP032015', '2015-03-24', 3, 0, 14, 7, 'USD', 'Land', 1, 342, 376, 'N', '', 2, 34, 0, '0000-00-00', 1),
(291, '0254BP032015', '2015-03-24', 4, 0, 14, 7, 'USD', 'Land', 1, 2920, 3212, 'N', '', 2, 292, 0, '0000-00-00', 1),
(292, '0255BP032015', '2015-03-26', 1, 0, 14, 7, 'USD', 'Land', 1, 2952, 3247, 'N', '', 2, 295, 0, '0000-00-00', 1),
(293, '0256BP032015', '2015-03-26', 3, 0, 14, 7, 'USD', 'Land', 1, 171, 188, 'N', '', 2, 17, 0, '0000-00-00', 1),
(294, '0257BP032015', '2015-03-26', 21, 0, 14, 7, 'USD', 'Land', 1, 1775, 1952, 'N', '', 2, 178, 0, '0000-00-00', 1),
(295, '0258BP032015', '2015-03-26', 1, 0, 14, 7, 'USD', 'Land', 1, 3718, 4090, 'N', '', 2, 372, 0, '0000-00-00', 1),
(296, '0259BP032015', '2015-03-26', 1, 0, 14, 7, 'USD', 'Land', 1, 2640, 2904, 'N', '', 2, 264, 0, '0000-00-00', 1),
(297, '0260BP032015', '2015-03-26', 1, 0, 14, 7, 'USD', 'Land', 1, 1742, 1916, 'N', '', 2, 174, 0, '0000-00-00', 1),
(298, '0261BP032015', '2015-03-26', 1, 0, 14, 7, 'USD', 'Land', 1, 1380, 1518, 'N', '', 2, 138, 0, '0000-00-00', 1),
(299, '0262BP032015', '2015-03-27', 54, 0, 14, 7, 'IDR', 'Land', 1, 1875000, 2062500, 'N', '', 2, 187500, 0, '0000-00-00', 1),
(300, '0263BP032015', '2015-03-27', 1, 0, 14, 7, 'USD', 'Land', 1, 5754, 6329, 'N', '', 2, 575, 0, '0000-00-00', 1),
(301, '0264BP032015', '2015-03-27', 26, 0, 14, 7, 'USD', 'Land', 1, 922, 1014, 'N', '', 2, 92, 0, '0000-00-00', 1),
(302, '0265BP032015', '2015-03-31', 26, 0, 14, 7, 'USD', 'Land', 1, 1899, 2088, 'N', '', 2, 190, 0, '0000-00-00', 1),
(303, '0266BP032015', '2015-03-30', 54, 0, 14, 7, 'IDR', 'Land', 1, 1300000, 1430000, 'N', '', 2, 130000, 0, '0000-00-00', 1),
(304, '0267BP032015', '2015-03-30', 1, 0, 14, 7, 'USD', 'Land', 1, 760, 836, 'N', '', 2, 76, 0, '0000-00-00', 1),
(305, '0268BP032015', '2015-03-31', 4, 0, 14, 7, 'USD', 'Land', 1, 10, 10, 'N', '', 2, 1, 0, '0000-00-00', 1),
(306, '0269BP032015', '2015-03-31', 1, 0, 14, 7, 'USD', 'Land', 1, 188, 207, 'N', '', 2, 19, 0, '0000-00-00', 1),
(307, '0270BP042015', '2015-04-01', 1, 0, 14, 7, 'USD', 'Land', 1, 7853, 8639, 'N', '', 2, 785, 0, '0000-00-00', 1),
(308, '0271BP042015', '2015-04-01', 1, 0, 14, 7, 'USD', 'Land', 1, 3780, 4158, 'N', '', 2, 378, 0, '0000-00-00', 1),
(309, '0272BP042015', '2015-04-01', 76, 0, 14, 7, 'USD', 'Land', 1, 754, 829, 'N', '', 2, 75, 0, '0000-00-00', 1),
(310, '0273BP042015', '2015-04-02', 19, 0, 14, 7, 'IDR', 'Land', 1, 15800000, 17380000, 'N', '', 2, 1580000, 0, '0000-00-00', 1),
(311, '0274BP042015', '2015-04-01', 8, 0, 14, 7, 'USD', 'Land', 1, 856, 941, 'N', '', 2, 86, 0, '0000-00-00', 1),
(312, '0275BP042015', '2015-04-02', 1, 0, 14, 7, 'USD', 'Land', 1, 2640, 2904, 'N', '', 2, 264, 0, '0000-00-00', 1),
(313, '0276BP042015', '2015-04-02', 1, 0, 14, 7, 'USD', 'Land', 1, 604, 664, 'N', '', 2, 60, 0, '0000-00-00', 1),
(314, '0277BP042015', '2015-04-02', 4, 0, 14, 7, 'USD', 'Land', 1, 3790, 4169, 'N', '', 2, 379, 0, '0000-00-00', 1),
(315, '0278BP042015', '2015-04-02', 54, 0, 14, 7, 'IDR', 'Land', 1, 1875000, 2062500, 'N', '', 2, 187500, 0, '0000-00-00', 1),
(316, '0279BP042015', '2015-04-06', 1, 0, 14, 7, 'USD', 'Land', 1, 4743, 5217, 'N', '', 2, 474, 0, '0000-00-00', 1),
(317, '0280BP042015', '2015-04-06', 1, 0, 14, 7, 'USD', 'Land', 1, 769, 845, 'N', '', 2, 77, 0, '0000-00-00', 1),
(318, '0281BP042015', '2015-04-07', 1, 0, 14, 7, 'USD', 'Land', 1, 6426, 7069, 'N', '', 2, 643, 0, '0000-00-00', 1),
(319, '0282BP042015', '2015-04-07', 31, 0, 14, 7, 'IDR', 'Land', 1, 1680000, 1848000, 'N', '', 2, 168000, 0, '0000-00-00', 1),
(320, '0283BP042015', '2015-04-08', 1, 0, 14, 7, 'USD', 'Land', 1, 520, 572, 'N', '', 2, 52, 0, '0000-00-00', 1),
(321, '0284BP042015', '2015-04-06', 1, 0, 14, 7, 'USD', 'Land', 1, 2640, 2904, 'N', '', 2, 264, 0, '0000-00-00', 1),
(322, '0285BP042015', '2015-04-09', 1, 0, 14, 7, 'USD', 'Land', 1, 2640, 2904, 'N', '', 2, 264, 0, '0000-00-00', 1),
(323, '0286BP042015', '2015-04-08', 8, 0, 14, 7, 'USD', 'Land', 1, 2160, 2376, 'N', '', 2, 216, 0, '0000-00-00', 1),
(324, '0287BP042015', '2015-04-08', 70, 0, 14, 7, 'USD', 'Land', 1, 1000, 1100, 'N', '', 2, 100, 0, '0000-00-00', 1),
(325, '0288BP042015', '2015-04-09', 1, 0, 14, 7, 'USD', 'Land', 1, 6658, 7324, 'N', '', 2, 666, 0, '0000-00-00', 1),
(326, '0289BP042015', '2015-04-09', 4, 0, 14, 7, 'USD', 'Land', 1, 1930, 2123, 'N', '', 2, 193, 0, '0000-00-00', 1),
(327, '0290BP042015', '2015-04-09', 6, 0, 14, 7, 'USD', 'Land', 1, 264, 290, 'N', '', 2, 26, 0, '0000-00-00', 1),
(328, '0291BP042015', '2015-04-10', 1, 0, 14, 7, 'USD', 'Land', 1, 5366, 5903, 'N', '', 2, 537, 0, '0000-00-00', 1),
(329, '0292BP042015', '2015-04-10', 3, 0, 14, 7, 'USD', 'Land', 1, 342, 376, 'N', '', 2, 34, 0, '0000-00-00', 1),
(330, '0293BP042015', '2015-04-10', 54, 0, 14, 7, 'IDR', 'Land', 1, 1875000, 2062500, 'N', '', 2, 187500, 0, '0000-00-00', 1),
(331, '0294BP042015', '2015-04-10', 1, 0, 14, 7, 'USD', 'Land', 1, 5046, 5551, 'N', '', 2, 505, 0, '0000-00-00', 1),
(332, '0295BP042015', '2015-04-10', 71, 0, 14, 7, 'USD', 'Land', 1, 860, 946, 'N', '', 2, 86, 0, '0000-00-00', 1),
(333, '0296BP042015', '2015-04-10', 3, 0, 14, 7, 'USD', 'Land', 1, 1500, 1650, 'N', '', 2, 150, 0, '0000-00-00', 1),
(334, '0297BP042015', '2015-04-10', 26, 0, 14, 7, 'USD', 'Land', 1, 2036, 2240, 'N', '', 2, 204, 0, '0000-00-00', 1),
(335, '0298BP042015', '2015-02-13', 1, 0, 14, 7, 'USD', 'Land', 1, 5280, 5808, 'N', '', 2, 528, 0, '0000-00-00', 1),
(336, '0299BP042015', '2015-04-13', 1, 0, 14, 7, 'USD', 'Land', 1, 5900, 6490, 'N', '', 2, 590, 0, '0000-00-00', 1),
(337, '0300BP042015', '2015-04-13', 1, 0, 14, 7, 'USD', 'Land', 1, 5733, 6306, 'N', '', 2, 573, 0, '0000-00-00', 1),
(338, '0301BP042015', '2015-04-13', 8, 0, 14, 7, 'USD', 'Land', 1, 2160, 2376, 'N', '', 2, 216, 0, '0000-00-00', 1),
(339, '0302BP042015', '2015-04-14', 1, 0, 14, 7, 'USD', 'Land', 1, 1632, 1795, 'N', '', 2, 163, 0, '0000-00-00', 1),
(340, '0303BP042015', '2015-04-14', 1, 0, 14, 7, 'USD', 'Land', 1, 2960, 3256, 'N', '', 2, 296, 0, '0000-00-00', 1),
(341, '0304BP042015', '2015-04-14', 26, 0, 14, 7, 'USD', 'Land', 1, 665, 732, 'N', '', 2, 67, 0, '0000-00-00', 1),
(342, '0305BP042015', '2015-04-14', 1, 0, 14, 7, 'USD', 'Land', 1, 1770, 1947, 'N', '', 2, 177, 0, '0000-00-00', 1),
(343, '0306BP042015', '2015-04-14', 54, 0, 14, 7, 'IDR', 'Land', 1, 2500000, 2750000, 'N', '', 2, 250000, 0, '0000-00-00', 1),
(344, '0308BP042015', '2015-04-14', 31, 0, 14, 7, 'IDR', 'Land', 1, 750000, 825000, 'N', '', 2, 75000, 0, '0000-00-00', 1),
(345, '0309BP042015', '2015-04-14', 21, 0, 14, 7, 'USD', 'Land', 1, 1080, 1188, 'N', '', 2, 108, 0, '0000-00-00', 1),
(346, '0310BP012015', '2015-04-16', 1, 0, 14, 7, 'USD', 'Land', 1, 2640, 2904, 'N', '', 2, 264, 0, '0000-00-00', 1),
(347, '0317BP042015', '2015-04-20', 54, 0, 14, 7, 'IDR', 'Land', 1, 1875000, 2062500, 'N', '', 2, 187500, 0, '0000-00-00', 1),
(348, '0311BP042015', '2015-04-15', 31, 0, 14, 7, 'IDR', 'Land', 1, 5555000, 6110500, 'N', '', 2, 555500, 0, '0000-00-00', 1),
(349, '0312BP042015', '2015-04-15', 70, 0, 14, 7, 'USD', 'Land', 1, 3000, 3300, 'N', '', 2, 300, 0, '0000-00-00', 1),
(350, '0313BP042015', '2015-04-16', 25, 0, 14, 7, 'USD', 'Land', 1, 1290, 1419, 'N', '', 2, 129, 0, '0000-00-00', 1),
(351, '0314BP042015', '2015-04-16', 8, 0, 14, 7, 'USD', 'Land', 1, 504, 554, 'N', '', 2, 50, 0, '0000-00-00', 1),
(352, '0315BP042015', '2015-04-16', 31, 0, 14, 7, 'USD', 'Land', 1, 260, 286, 'N', '', 2, 26, 0, '0000-00-00', 1),
(353, '0316BP042015', '2015-04-16', 1, 0, 14, 7, 'USD', 'Land', 1, 174, 191, 'N', '', 2, 17, 0, '0000-00-00', 1),
(354, '0319BP042015', '2015-04-16', 13, 0, 14, 7, 'USD', 'Land', 1, 320, 352, 'N', '', 2, 32, 0, '0000-00-00', 1),
(355, '0320BP042015', '2015-04-16', 1, 0, 14, 7, 'USD', 'Land', 1, 2200, 2420, 'N', '', 2, 220, 0, '0000-00-00', 1),
(356, '0322BP042015', '2015-04-16', 76, 0, 14, 7, 'USD', 'Land', 1, 754, 829, 'N', '', 2, 75, 0, '0000-00-00', 1),
(357, '0323BP042015', '2015-04-16', 26, 0, 14, 7, 'USD', 'Land', 1, 496, 546, 'N', '', 2, 50, 0, '0000-00-00', 1),
(358, '0324BP042015', '2015-04-16', 31, 0, 14, 7, 'IDR', 'Land', 1, 7649000, 8413900, 'N', '', 2, 764900, 0, '0000-00-00', 1),
(359, '0325BP042015', '2015-04-17', 1, 0, 14, 7, 'USD', 'Land', 1, 2604, 2864, 'N', '', 2, 260, 0, '0000-00-00', 1),
(360, '0326BP042015', '2015-04-17', 31, 0, 14, 7, 'USD', 'Land', 1, 325, 358, 'N', '', 2, 33, 0, '0000-00-00', 1),
(361, '0318BP042015', '2015-04-16', 59, 0, 14, 7, 'USD', 'Land', 1, 1302, 1432, 'N', '', 2, 130, 0, '0000-00-00', 1),
(362, '0327BP042015', '2015-04-20', 1, 0, 14, 7, 'USD', 'Land', 1, 6633, 7297, 'N', '', 2, 663, 0, '0000-00-00', 1),
(363, '0328BP042015', '2015-04-21', 1, 0, 14, 7, 'USD', 'Land', 1, 5566, 6123, 'N', '', 2, 557, 0, '0000-00-00', 1),
(364, '0329BP042015', '2015-04-20', 31, 0, 14, 7, 'USD', 'Land', 1, 39, 42, 'N', '', 2, 4, 0, '0000-00-00', 1),
(365, '0330BP042015', '2015-04-21', 15, 0, 14, 7, 'USD', 'Land', 1, 375, 413, 'N', '', 2, 38, 0, '0000-00-00', 1),
(366, '0331BP042015', '2015-04-21', 6, 0, 14, 7, 'USD', 'Land', 1, 528, 581, 'N', '', 2, 53, 0, '0000-00-00', 1),
(367, '0332BP042015', '2015-04-21', 1, 0, 14, 7, 'USD', 'Land', 1, 2746, 3021, 'N', '', 2, 275, 0, '0000-00-00', 1),
(368, '0333BP042015', '2015-04-21', 3, 0, 14, 7, 'USD', 'Land', 1, 342, 376, 'N', '', 2, 34, 0, '0000-00-00', 1),
(369, '0334BP042015', '2015-04-22', 1, 0, 14, 7, 'USD', 'Land', 1, 2640, 2904, 'N', '', 2, 264, 0, '0000-00-00', 1),
(370, '0335BP042015', '2015-04-22', 1, 0, 14, 7, 'USD', 'Land', 1, 3534, 3888, 'N', '', 2, 353, 0, '0000-00-00', 1),
(371, '0336BP042015', '2015-04-22', 1, 0, 14, 7, 'USD', 'Land', 1, 450, 495, 'N', '', 2, 45, 0, '0000-00-00', 1),
(372, '0337BP042015', '2015-04-22', 1, 0, 14, 7, 'USD', 'Land', 1, 1212, 1333, 'N', '', 2, 121, 0, '0000-00-00', 1),
(373, '0338BP042015', '2015-04-23', 59, 0, 14, 7, 'USD', 'Land', 1, 2604, 2864, 'N', '', 2, 260, 0, '0000-00-00', 1),
(374, '0339BP042015', '2015-04-24', 1, 0, 14, 7, 'USD', 'Land', 1, 5280, 5808, 'N', '', 2, 528, 0, '0000-00-00', 1),
(375, '0340BP042015', '2015-04-24', 1, 0, 14, 7, 'USD', 'Land', 1, 2300, 2530, 'N', '', 2, 230, 0, '0000-00-00', 1),
(376, '0341BP042015', '2015-04-20', 4, 0, 14, 7, 'USD', 'Land', 1, 2980, 3278, 'N', '', 2, 298, 0, '0000-00-00', 1),
(377, '0342BP042015', '2015-04-24', 1, 0, 14, 7, 'USD', 'Land', 1, 2156, 2372, 'N', '', 2, 216, 0, '0000-00-00', 1),
(378, '0343BP042015', '2015-04-24', 54, 0, 14, 7, 'IDR', 'Land', 1, 2500000, 2750000, 'N', '', 2, 250000, 0, '0000-00-00', 1),
(379, '0344BP042015', '2015-04-27', 3, 0, 14, 7, 'USD', 'Land', 1, 1309, 1439, 'N', '', 2, 131, 0, '0000-00-00', 1),
(380, '0345BP042015', '2015-04-27', 5, 0, 14, 7, 'USD', 'Land', 1, 1528, 1681, 'N', '', 2, 153, 0, '0000-00-00', 1),
(381, '0346BP042015', '2015-04-27', 1, 0, 14, 7, 'USD', 'Land', 1, 1320, 1452, 'N', '', 2, 132, 0, '0000-00-00', 1),
(382, '0347BP042015', '2015-04-27', 1, 0, 14, 7, 'USD', 'Land', 1, 2328, 2561, 'N', '', 2, 233, 0, '0000-00-00', 1),
(383, '0348BP042015', '2015-04-27', 54, 0, 14, 7, 'IDR', 'Land', 1, 1875000, 2062500, 'DP', '', 2, 187500, 0, '0000-00-00', 1),
(384, '0349BP042015', '2015-04-23', 4, 0, 14, 7, 'USD', 'Land', 1, 5538, 6092, 'N', '', 2, 554, 0, '0000-00-00', 1),
(385, '0350BP042015', '2015-04-28', 26, 0, 14, 7, 'USD', 'Land', 1, 420, 462, 'N', '', 2, 42, 0, '0000-00-00', 1),
(386, '0351BP042015', '2015-04-28', 1, 0, 14, 7, 'USD', 'Land', 1, 5460, 6006, 'N', '', 2, 546, 0, '0000-00-00', 1),
(387, '0352BP042015', '2015-04-29', 1, 0, 14, 7, 'USD', 'Land', 1, 2708, 2979, 'N', '', 2, 271, 0, '0000-00-00', 1),
(388, '0353BP042015', '2015-04-29', 1, 0, 14, 7, 'USD', 'Land', 1, 8028, 8831, 'N', '', 2, 803, 0, '0000-00-00', 1),
(389, '0354BP042015', '2015-04-30', 1, 0, 14, 7, 'USD', 'Land', 1, 5192, 5711, 'N', '', 2, 519, 0, '0000-00-00', 1),
(390, '0355BP042015', '2015-04-23', 19, 0, 14, 7, 'IDR', 'Land', 1, 28000000, 30800000, 'N', '', 2, 2800000, 0, '0000-00-00', 1),
(391, '0356BP042015', '2015-04-30', 1, 0, 14, 7, 'USD', 'Land', 1, 320, 352, 'N', '', 2, 32, 0, '0000-00-00', 1),
(392, 'BP-PO003900515', '2015-05-04', 1, 90, 50, 7, 'USD', 'Land', 1, 5280, 6600, 'N', '', 50, 600, 0, '2015-05-04', 1),
(393, 'BP-PO007410515', '2015-05-04', 1, 90, 50, 7, 'USD', 'Land', 1, 0, 0, 'N', '', 50, 0, 0, '2015-05-04', 1),
(394, 'BP-PO007420515', '2015-05-04', 1, 90, 50, 7, 'USD', 'Land', 1, 0, 0, 'N', '', 50, 0, 0, '2015-05-04', 1);

-- --------------------------------------------------------

--
-- Table structure for table `purchase_order_detail`
--

CREATE TABLE IF NOT EXISTS `purchase_order_detail` (
  `id` int(11) NOT NULL AUTO_INCREMENT,
  `purchase_order_id` int(11) NOT NULL,
  `barang_purchase_id` varchar(12) NOT NULL,
  `quantity` int(11) NOT NULL,
  `price` decimal(14,2) NOT NULL,
  PRIMARY KEY (`id`)
) ENGINE=MyISAM  DEFAULT CHARSET=latin1 AUTO_INCREMENT=858 ;

--
-- Dumping data for table `purchase_order_detail`
--

INSERT INTO `purchase_order_detail` (`id`, `purchase_order_id`, `barang_purchase_id`, `quantity`, `price`) VALUES
(25, 7, 'PC01P000342', 250, '250000.00'),
(24, 7, 'PC01P000338', 150, '150000.00'),
(23, 7, 'PC01P000600', 50, '50000.00'),
(21, 7, 'PC01P000333', 200, '200000.00'),
(20, 7, 'PC01P000001', 100, '100000.00'),
(26, 8, 'PC01P000445', 2000, '3.00'),
(27, 9, 'PC01P000445', 2000, '3.00'),
(28, 10, 'PC01P000452', 800, '2.00'),
(29, 10, 'PC01P000611', 1000, '2.00'),
(30, 10, 'PC01P000465', 400, '0.00'),
(31, 10, 'PC01P000758', 1000, '1.00'),
(32, 10, 'PC01P000492', 400, '1.00'),
(33, 10, 'PC01P000899', 360, '2.00'),
(34, 10, 'PC01P000411', 200, '1.00'),
(35, 10, 'PC01P000773', 120, '2.00'),
(36, 11, 'PC01P001279', 200, '2.00'),
(37, 12, 'PC01P000001', 600, '1.00'),
(38, 13, 'PC01P001280', 15, '125000.00'),
(39, 13, 'PC01P001281', 100, '25000.00'),
(40, 14, 'PC01P001193', 1600, '2.00'),
(41, 15, 'PC01P001088', 400, '1.00'),
(42, 15, 'PC01P001282', 800, '1.00'),
(43, 15, 'PC01P001089', 1000, '1.00'),
(44, 16, 'PC01P000001', 600, '1.00'),
(45, 17, 'PC01P000848', 400, '2.00'),
(46, 17, 'PC01P000840', 200, '2.00'),
(47, 17, 'PC01P000473', 400, '0.00'),
(48, 18, 'PC01P000272', 600, '3.00'),
(49, 18, 'PC01P000741', 400, '3.00'),
(50, 18, 'PC01P000801', 2000, '1.00'),
(51, 18, 'PC01P000490', 2400, '1.00'),
(52, 19, 'PC01P001160', 1200, '1800.00'),
(53, 19, 'PC01P001117', 250, '2.00'),
(54, 19, 'PC01P000660', 50, '3.00'),
(55, 20, 'PC01P000480', 25, '11.00'),
(56, 20, 'PC01P000891', 60, '3.00'),
(57, 20, 'PC01P000888', 100, '2.00'),
(58, 20, 'PC01P000993', 60, '6.00'),
(59, 20, 'PC01P001137', 80, '3.00'),
(60, 21, 'PC01P000469', 800, '1.00'),
(61, 21, 'PC01P000433', 600, '1.00'),
(62, 21, 'PC01P000955', 600, '1.00'),
(63, 21, 'PC01P000753', 600, '1.00'),
(64, 21, 'PC01P000503', 600, '2.00'),
(65, 22, 'PC01P000506', 120, '21.00'),
(66, 22, 'PC01P000848', 600, '2.00'),
(67, 22, 'PC01P000503', 1000, '2.00'),
(68, 23, 'PC01P000715', 200, '2.00'),
(69, 24, 'PC01P001023', 600, '2.00'),
(70, 24, 'PC01P000375', 540, '1.00'),
(71, 24, 'PC01P000831', 180, '2.00'),
(72, 24, 'PC01P000440', 180, '1.00'),
(73, 25, 'PC01P000962', 150, '13.00'),
(74, 25, 'PC01P000930', 50, '11.00'),
(75, 25, 'PC01P000926', 50, '12.00'),
(76, 26, 'PC01P000136', 300, '1.00'),
(77, 26, 'PC01P000021', 1000, '1.00'),
(78, 27, 'PC01P000249', 500, '2600.00'),
(79, 27, 'PC01P000020', 500, '8600.00'),
(80, 27, 'PC01P000084', 350, '6300.00'),
(81, 28, 'PC01P001280', 15, '125000.00'),
(82, 29, 'PC01P001228', 300, '2.00'),
(83, 29, 'PC01P000457', 200, '1.00'),
(84, 30, 'PC01P000448', 1000, '1.00'),
(85, 30, 'PC01P000753', 2000, '1.00'),
(86, 31, 'PC01P001160', 2400, '2.00'),
(87, 32, 'PC01P000445', 2000, '3.00'),
(88, 33, 'PC01P000773', 1560, '2.00'),
(89, 33, 'PC01P000476', 200, '2.00'),
(90, 34, 'PC01P000932', 175, '13.00'),
(91, 35, 'PC01P000962', 100, '13.00'),
(92, 36, 'PC01P000399', 500, '6.00'),
(93, 37, 'PC01P000758', 1000, '1.00'),
(94, 37, 'PC01P000492', 400, '1.00'),
(95, 37, 'PC01P000465', 400, '0.00'),
(96, 38, 'PC01P001280', 15, '125000.00'),
(97, 39, 'PC01P000445', 500, '3.00'),
(98, 40, 'PC01P000301', 1000, '3000.00'),
(99, 41, 'PC01P000430', 600, '1.20'),
(100, 41, 'PC01P000389', 400, '12.70'),
(101, 41, 'PC01P000114', 200, '1.50'),
(102, 41, 'PC01P000800', 200, '0.55'),
(103, 41, 'PC01P000286', 400, '2.50'),
(104, 41, 'PC01P000343', 600, '1.08'),
(105, 42, 'PC01P000801', 1000, '0.79'),
(106, 42, 'PC01P000430', 200, '1.20'),
(107, 42, 'PC01P000753', 1000, '1.38'),
(108, 43, 'PC01P000758', 600, '1.42'),
(109, 44, 'PC01P000754', 200, '2.41'),
(110, 44, 'PC01P000447', 220, '2.17'),
(111, 44, 'PC01P000383', 180, '2.10'),
(112, 44, 'PC01P000272', 400, '3.09'),
(113, 44, 'PC01P000452', 200, '1.51'),
(114, 44, 'PC01P001196', 1000, '1.50'),
(115, 45, 'PC01P001160', 600, '1.80'),
(116, 46, 'PC01P001229', 1000, '0.75'),
(117, 47, 'PC01P000374', 1500, '14000.00'),
(118, 47, 'PC01P000021', 1000, '14000.00'),
(119, 48, 'PC01P000440', 180, '0.95'),
(120, 48, 'PC01P000831', 180, '1.70'),
(121, 48, 'PC01P001023', 40, '1.50'),
(122, 48, 'PC01P000375', 1080, '0.59'),
(123, 49, 'PC01P001279', 100, '1.80'),
(124, 50, 'PC01P001077', 7, '165000.00'),
(125, 50, 'PC01P000663', 50, '26000.00'),
(126, 50, 'PC01P000724', 10, '125000.00'),
(127, 51, 'PC01P000492', 600, '0.90'),
(128, 52, 'PC01P000406', 200, '2.33'),
(129, 53, 'PC01P000445', 4000, '2.64'),
(130, 54, 'PC01P000729', 480, '2.10'),
(131, 55, 'PC01P000962', 25, '12.60'),
(132, 55, 'PC01P000687', 160, '3.20'),
(133, 55, 'PC01P000926', 25, '11.16'),
(134, 55, 'PC01P000930', 25, '11.20'),
(135, 56, 'PC01P000790', 2400, '0.56'),
(136, 56, 'PC01P000490', 2000, '0.62'),
(137, 57, 'PC01P000800', 400, '0.55'),
(138, 57, 'PC01P000114', 200, '1.50'),
(139, 58, 'PC01P000663', 50, '26000.00'),
(140, 58, 'PC01P000724', 10, '126000.00'),
(141, 59, 'PC01P001102', 200, '2.58'),
(142, 59, 'PC01P000753', 1000, '1.38'),
(143, 59, 'PC01P000801', 2000, '0.79'),
(144, 60, 'PC01P000270', 200, '2.07'),
(145, 60, 'PC01P000773', 240, '2.10'),
(146, 60, 'PC01P000460', 1000, '2.30'),
(147, 60, 'PC01P000856', 220, '1.91'),
(148, 60, 'PC01P000286', 200, '2.50'),
(149, 60, 'PC01P000452', 400, '1.51'),
(150, 60, 'PC01P000754', 200, '2.41'),
(151, 61, 'PC01P001260', 30, '10.00'),
(152, 62, 'PC01P000445', 2000, '2.64'),
(153, 63, 'PC01P001265', 50, '1.84'),
(154, 64, 'PC01P001160', 1200, '1.80'),
(155, 65, 'PC01P001137', 100, '3.00'),
(156, 66, 'PC01P000503', 1000, '2.30'),
(157, 66, 'PC01P001228', 300, '1.50'),
(158, 66, 'PC01P000754', 200, '2.41'),
(159, 67, 'PC01P000663', 50, '26000.00'),
(160, 67, 'PC01P000724', 10, '126000.00'),
(161, 68, 'PC01P000445', 500, '2.64'),
(162, 69, 'PC01P001229', 1000, '0.75'),
(163, 70, 'PC01P000724', 10, '126000.00'),
(164, 71, 'PC01P000758', 1000, '1.42'),
(165, 71, 'PC01P000848', 1000, '1.52'),
(166, 72, 'PC01P000888', 100, '1.50'),
(167, 72, 'PC01P000993', 100, '6.20'),
(168, 73, 'PC01P000466', 200, '1.03'),
(169, 73, 'PC01P000465', 200, '0.46'),
(170, 73, 'PC01P000270', 400, '2.07'),
(171, 73, 'PC01P000452', 400, '1.51'),
(172, 73, 'PC01P000286', 480, '2.50'),
(173, 73, 'PC01P000492', 200, '0.90'),
(174, 73, 'PC01P000758', 2000, '1.42'),
(175, 73, 'PC01P000272', 400, '3.09'),
(176, 73, 'PC01P000405', 360, '1.50'),
(177, 74, 'PC01P000724', 10, '126000.00'),
(178, 75, 'PC01P001160', 1200, '1.80'),
(179, 76, 'PC01P000781', 1000, '0.53'),
(180, 76, 'PC01P000447', 220, '2.17'),
(181, 76, 'PC01P000406', 200, '2.33'),
(182, 76, 'PC01P000804', 1000, '0.73'),
(183, 76, 'PC01P000383', 360, '2.10'),
(184, 77, 'PC01P000753', 1000, '1.38'),
(185, 77, 'PC01P000399', 500, '5.77'),
(186, 77, 'PC01P000848', 1000, '1.52'),
(187, 77, 'PC01P000430', 200, '1.20'),
(188, 77, 'PC01P000409', 200, '0.90'),
(189, 77, 'PC01P000773', 120, '2.10'),
(190, 77, 'PC01P000741', 400, '3.12'),
(191, 78, 'PC01P001240', 1000, '0.88'),
(192, 79, 'PC01P000001', 1020, '0.95'),
(193, 79, 'PC01P000075', 225, '1.20'),
(194, 80, 'PC01P000389', 200, '12.70'),
(195, 80, 'PC01P001175', 38, '10.00'),
(196, 81, 'PC01P000926', 50, '11.50'),
(197, 81, 'PC01P000962', 25, '12.60'),
(198, 81, 'PC01P000930', 100, '11.20'),
(199, 82, 'PC01P000729', 800, '2.10'),
(200, 83, 'PC01P000724', 10, '125000.00'),
(201, 84, 'PC01P000867', 150, '6.00'),
(202, 84, 'PC01P000478', 150, '10.70'),
(203, 85, 'PC01P000815', 720, '0.70'),
(204, 86, 'PC01P001071', 1200, '1.15'),
(205, 86, 'PC01P001057', 60, '0.95'),
(206, 86, 'PC01P001089', 1000, '0.55'),
(207, 86, 'PC01P001088', 400, '1.00'),
(208, 86, 'PC01P001057', 220, '0.95'),
(209, 87, 'PC01P001104', 250, '2.10'),
(210, 88, 'PC01P001160', 2400, '1.80'),
(211, 89, 'PC01P000136', 500, '1.30'),
(212, 90, 'PC01P001229', 1000, '0.75'),
(213, 91, 'PC01P000801', 1000, '0.79'),
(214, 91, 'PC01P001196', 1000, '1.50'),
(215, 91, 'PC01P000790', 2400, '0.56'),
(216, 92, 'PC01P000962', 25, '12.60'),
(217, 92, 'PC01P000687', 130, '3.20'),
(218, 93, 'PC01P000411', 200, '1.43'),
(219, 93, 'PC01P000405', 180, '1.50'),
(220, 93, 'PC01P000758', 1000, '1.42'),
(221, 93, 'PC01P000452', 400, '1.51'),
(222, 93, 'PC01P000856', 220, '1.91'),
(223, 93, 'PC01P001307', 480, '2.43'),
(224, 93, 'PC01P000522', 1000, '1.19'),
(225, 93, 'PC01P000796', 400, '2.50'),
(226, 94, 'PC01P000249', 3000, '1925.00'),
(227, 95, 'PC01P001058', 140, '1.90'),
(228, 96, 'PC01P000441', 600, '2.10'),
(229, 97, 'PC01P000628', 540, '0.95'),
(230, 98, 'PC01P000724', 15, '125000.00'),
(231, 99, 'PC01P000375', 540, '0.59'),
(232, 99, 'PC01P001023', 600, '1.50'),
(233, 100, 'PC01P000389', 400, '12.70'),
(234, 100, 'PC01P001175', 38, '10.00'),
(235, 101, 'PC01P000773', 120, '2.10'),
(236, 101, 'PC01P000800', 600, '0.55'),
(237, 101, 'PC01P000114', 200, '1.50'),
(238, 101, 'PC01P000430', 800, '1.20'),
(239, 101, 'PC01P000522', 200, '1.19'),
(240, 101, 'PC01P000343', 600, '1.08'),
(241, 102, 'PC01P000663', 50, '26000.00'),
(242, 102, 'PC01P000844', 5, '125000.00'),
(243, 103, 'PC01P001309', 200, '0.85'),
(244, 103, 'PC01P001057', 440, '0.95'),
(245, 104, 'PC01P001051', 150, '14.00'),
(246, 105, 'PC01P000244', 2000, '0.31'),
(247, 106, 'PC01P000021', 2000, '1.00'),
(248, 107, 'PC01P000021', 1000, '1.00'),
(249, 108, 'PC01P000753', 1000, '1.38'),
(250, 109, 'PC01P000441', 400, '2.10'),
(251, 110, 'PC01P001089', 600, '0.55'),
(252, 110, 'PC01P001057', 440, '0.95'),
(253, 110, 'PC01P001071', 1000, '1.15'),
(254, 110, 'PC01P001088', 400, '1.00'),
(255, 111, 'PC01P000001', 1020, '0.88'),
(256, 111, 'PC01P000374', 1000, '0.93'),
(257, 112, 'PC01P001222', 200, '1.60'),
(258, 112, 'PC01P000448', 1000, '0.72'),
(259, 113, 'PC01P001160', 1080, '1.80'),
(260, 114, 'PC01P000962', 25, '12.60'),
(261, 114, 'PC01P000930', 50, '11.20'),
(262, 115, 'PC01P001168', 150, '2.85'),
(263, 116, 'PC01P000311', 400, '5500.00'),
(264, 116, 'PC01P000249', 750, '2400.00'),
(265, 116, 'PC01P000084', 1050, '6300.00'),
(266, 117, 'PC01P000926', 100, '11.50'),
(267, 118, 'PC01P000962', 25, '12.60'),
(268, 118, 'PC01P000930', 100, '11.20'),
(269, 118, 'PC01P000926', 100, '11.50'),
(270, 118, 'PC01P000687', 130, '3.20'),
(271, 119, 'PC01P000084', 1050, '6300.00'),
(272, 120, 'PC01P000844', 20, '125000.00'),
(273, 120, 'PC01P000663', 100, '26000.00'),
(274, 121, 'PC01P000405', 180, '1.57'),
(275, 121, 'PC01P000773', 120, '2.10'),
(276, 121, 'PC01P000286', 720, '2.50'),
(277, 122, 'PC01P001240', 1000, '0.86'),
(278, 123, 'PC01P000270', 400, '2.07'),
(279, 123, 'PC01P000452', 400, '1.51'),
(280, 123, 'PC01P000465', 400, '0.46'),
(281, 123, 'PC01P000758', 1000, '1.42'),
(282, 123, 'PC01P000272', 200, '3.09'),
(283, 123, 'PC01P000913', 200, '1.58'),
(284, 123, 'PC01P000522', 1000, '1.19'),
(285, 124, 'PC01P000508', 200, '3.80'),
(286, 124, 'PC01P000526', 200, '0.56'),
(287, 124, 'PC01P000492', 200, '0.90'),
(288, 125, 'PC01P000962', 25, '12.60'),
(289, 125, 'PC01P000930', 125, '11.20'),
(290, 125, 'PC01P000926', 125, '11.50'),
(291, 126, 'PC01P000754', 400, '2.41'),
(292, 126, 'PC01P000389', 400, '12.70'),
(293, 126, 'PC01P000506', 120, '22.00'),
(294, 126, 'PC01P001175', 38, '10.00'),
(295, 126, 'PC01P000753', 1000, '1.38'),
(296, 127, 'PC01P000075', 225, '1.20'),
(297, 127, 'PC01P000001', 600, '0.95'),
(298, 128, 'PC01P001229', 1000, '0.75'),
(299, 129, 'PC01P001260', 60, '10.00'),
(300, 130, 'PC01P000466', 200, '1.03'),
(301, 130, 'PC01P000524', 200, '0.63'),
(302, 130, 'PC01P000447', 220, '2.17'),
(303, 130, 'PC01P000758', 1000, '1.42'),
(304, 130, 'PC01P000526', 200, '0.59'),
(305, 131, 'PC01P000375', 1260, '0.59'),
(306, 132, 'PC01P000001', 1020, '0.88'),
(307, 133, 'PC01P001310', 240, '1.41'),
(308, 133, 'PC01P000270', 200, '2.07'),
(309, 133, 'PC01P000466', 200, '1.03'),
(310, 133, 'PC01P000465', 200, '0.46'),
(311, 133, 'PC01P000452', 400, '1.51'),
(312, 133, 'PC01P000411', 200, '1.43'),
(313, 133, 'PC01P000773', 240, '2.10'),
(314, 134, 'PC01P001169', 1000, '0.70'),
(315, 135, 'PC01P000840', 400, '1.70'),
(316, 135, 'PC01P000801', 2000, '0.79'),
(317, 136, 'PC01P000577', 2000, '2.55'),
(318, 137, 'PC01P000127', 300, '2.05'),
(319, 138, 'PC01P000844', 15, '125000.00'),
(320, 138, 'PC01P001305', 7, '165000.00'),
(321, 139, 'PC01P000433', 600, '0.78'),
(322, 139, 'PC01P000526', 1200, '0.59'),
(323, 140, 'PC01P000075', 450, '1.27'),
(324, 141, 'PC01P000753', 1000, '1.38'),
(325, 141, 'PC01P001175', 38, '10.00'),
(326, 141, 'PC01P000399', 500, '5.77'),
(327, 142, 'PC01P000445', 500, '2.64'),
(328, 143, 'PC01P000615', 400, '0.80'),
(329, 143, 'PC01P000801', 2000, '0.79'),
(330, 143, 'PC01P000848', 600, '1.52'),
(331, 144, 'PC01P000445', 4000, '2.64'),
(332, 145, 'PC01P001313', 400, '1.05'),
(333, 146, 'PC01P000628', 720, '0.95'),
(334, 147, 'PC01P001208', 210, '3.00'),
(335, 148, 'PC01P000445', 500, '2.64'),
(336, 149, 'PC01P001196', 1000, '1.50'),
(337, 149, 'PC01P000490', 1200, '0.62'),
(338, 149, 'PC01P000790', 1200, '0.56'),
(339, 150, 'PC01P000754', 400, '2.41'),
(340, 150, 'PC01P000503', 1000, '2.30'),
(341, 151, 'PC01P000687', 260, '3.20'),
(342, 152, 'PC01P001273', 1000, '0.81'),
(343, 153, 'PC01P000021', 1000, '14000.00'),
(344, 154, 'PC01P000457', 200, '1.26'),
(345, 154, 'PC01P000272', 200, '3.09'),
(346, 154, 'PC01P000460', 600, '2.30'),
(347, 154, 'PC01P000856', 220, '1.91'),
(348, 154, 'PC01P000452', 400, '1.51'),
(349, 155, 'PC01P001279', 200, '1.80'),
(350, 156, 'PC01P000181', 400, '1.10'),
(351, 156, 'PC01P000848', 200, '1.52'),
(352, 157, 'PC01P000375', 1080, '0.59'),
(353, 158, 'PC01P001240', 1000, '0.86'),
(354, 159, 'PC01P000366', 1200, '0.62'),
(355, 159, 'PC01P000503', 600, '2.30'),
(356, 159, 'PC01P000409', 200, '0.90'),
(357, 159, 'PC01P000758', 1000, '1.42'),
(358, 160, 'PC01P001023', 600, '1.50'),
(359, 161, 'PC01P001183', 2160, '1.20'),
(360, 161, 'PC01P000947', 450, '4.20'),
(361, 162, 'PC01P001316', 200, '0.75'),
(362, 163, 'PC01P000663', 50, '26000.00'),
(363, 163, 'PC01P000724', 10, '125000.00'),
(364, 164, 'PC01P000815', 720, '0.70'),
(365, 165, 'PC01P000465', 200, '0.46'),
(366, 165, 'PC01P000715', 200, '1.68'),
(367, 165, 'PC01P000270', 200, '2.07'),
(368, 165, 'PC01P000754', 200, '2.41'),
(369, 166, 'PC01P000473', 600, '0.45'),
(370, 167, 'PC01P000429', 180, '5.50'),
(371, 168, 'PC01P000687', 130, '3.20'),
(372, 169, 'PC01P000452', 200, '1.51'),
(373, 169, 'PC01P000272', 400, '3.09'),
(374, 169, 'PC01P000430', 200, '1.20'),
(375, 169, 'PC01P001175', 38, '10.00'),
(376, 169, 'PC01P000389', 400, '12.70'),
(377, 169, 'PC01P000848', 1000, '1.52'),
(378, 170, 'PC01P000729', 640, '2.10'),
(379, 170, 'PC01P000346', 200, '3.20'),
(380, 171, 'PC01P000136', 200, '1.30'),
(381, 172, 'PC01P001023', 600, '1.50'),
(382, 173, 'PC01P000244', 2000, '0.31'),
(383, 174, 'PC01P001168', 150, '2.85'),
(384, 175, 'PC01P000470', 400, '1.25'),
(385, 176, 'PC01P000840', 400, '1.70'),
(386, 176, 'PC01P000524', 200, '0.63'),
(387, 177, 'PC01P000249', 1000, '1925.00'),
(388, 178, 'PC01P000724', 15, '125000.00'),
(389, 179, 'PC01P000374', 1000, '14000.00'),
(390, 180, 'PC01P000591', 1000, '2.25'),
(391, 180, 'PC01P000374', 500, '0.93'),
(392, 181, 'PC01P000001', 1200, '0.88'),
(393, 182, 'PC01P000445', 2000, '2.64'),
(394, 183, 'PC01P000758', 1000, '1.42'),
(395, 183, 'PC01P000465', 200, '0.46'),
(396, 183, 'PC01P000405', 180, '1.50'),
(397, 184, 'PC01P000249', 500, '2400.00'),
(398, 185, 'PC01P000430', 600, '1.20'),
(399, 185, 'PC01P000840', 200, '1.70'),
(400, 186, 'PC01P000687', 390, '3.20'),
(401, 187, 'PC01P000457', 200, '1.26'),
(402, 187, 'PC01P000430', 400, '1.20'),
(403, 188, 'PC01P000021', 1000, '1.00'),
(404, 189, 'PC01P001318', 50, '3.00'),
(405, 190, 'PC01P000773', 240, '2.10'),
(406, 191, 'PC01P001240', 1000, '0.86'),
(407, 192, 'PC01P001175', 38, '10.00'),
(408, 193, 'PC01P000932', 75, '12.60'),
(409, 194, 'PC01P001023', 800, '1.50'),
(410, 195, 'PC01P000021', 2000, '14000.00'),
(411, 196, 'PC01P000469', 200, '1.00'),
(412, 197, 'PC01P001320', 1600, '1.75'),
(413, 198, 'PC01P000441', 400, '2.10'),
(414, 199, 'PC01P001071', 3600, '1.15'),
(415, 199, 'PC01P001057', 220, '0.95'),
(416, 199, 'PC01P001321', 2000, '1.05'),
(417, 199, 'PC01P001088', 2000, '1.00'),
(418, 199, 'PC01P001089', 3000, '0.55'),
(419, 200, 'PC01P000753', 1000, '1.38'),
(420, 200, 'PC01P001196', 1000, '1.50'),
(421, 200, 'PC01P000790', 1200, '0.56'),
(422, 200, 'PC01P000490', 1200, '0.62'),
(423, 201, 'PC01P000724', 10, '125000.00'),
(424, 201, 'PC01P000663', 50, '26000.00'),
(425, 202, 'PC01P001175', 38, '10.00'),
(426, 203, 'PC01P001002', 30, '6.70'),
(427, 203, 'PC01P000687', 260, '3.20'),
(428, 204, 'PC01P000249', 500, '2200.00'),
(429, 205, 'PC01P001183', 1200, '1.23'),
(430, 205, 'PC01P001322', 960, '2.50'),
(431, 206, 'PC01P000389', 400, '12.70'),
(432, 206, 'PC01P001175', 76, '10.00'),
(433, 207, 'PC01P000503', 600, '2.30'),
(434, 207, 'PC01P000781', 400, '0.53'),
(435, 207, 'PC01P000804', 400, '0.73'),
(436, 207, 'PC01P000801', 800, '0.79'),
(437, 208, 'PC01P000445', 1000, '2.64'),
(438, 209, 'PC01P000270', 200, '2.07'),
(439, 209, 'PC01P000492', 400, '0.90'),
(440, 209, 'PC01P000466', 200, '1.03'),
(441, 209, 'PC01P000522', 600, '1.19'),
(442, 209, 'PC01P000292', 200, '0.80'),
(443, 209, 'PC01P000758', 600, '1.42'),
(444, 210, 'PC01P000773', 120, '2.10'),
(445, 210, 'PC01P000272', 200, '3.09'),
(446, 210, 'PC01P000754', 200, '2.41'),
(447, 210, 'PC01P000452', 800, '1.51'),
(448, 210, 'PC01P000405', 180, '1.50'),
(449, 211, 'PC01P000249', 800, '2200.00'),
(450, 211, 'PC01P000311', 300, '5500.00'),
(451, 212, 'PC01P001160', 1500, '1.80'),
(452, 213, 'PC01P000663', 50, '26000.00'),
(453, 213, 'PC01P000724', 15, '125000.00'),
(454, 214, 'PC01P000781', 600, '0.53'),
(455, 214, 'PC01P000804', 600, '0.73'),
(456, 214, 'PC01P000526', 400, '0.59'),
(457, 214, 'PC01P000409', 200, '0.90'),
(458, 214, 'PC01P000741', 400, '3.12'),
(459, 214, 'PC01P000848', 1000, '1.52'),
(460, 214, 'PC01P000383', 360, '2.10'),
(461, 215, 'PC01P000801', 2000, '0.79'),
(462, 215, 'PC01P000503', 400, '2.30'),
(463, 215, 'PC01P001102', 400, '2.85'),
(464, 216, 'PC01P000311', 500, '2200.00'),
(465, 217, 'PC01P000930', 100, '11.20'),
(466, 217, 'PC01P000932', 50, '12.60'),
(467, 217, 'PC01P000888', 100, '1.50'),
(468, 217, 'PC01P001137', 80, '3.00'),
(469, 217, 'PC01P000926', 100, '11.50'),
(470, 217, 'PC01P000687', 390, '3.20'),
(471, 218, 'PC01P000431', 200, '2.63'),
(472, 219, 'PC01P001023', 1030, '1.50'),
(473, 220, 'PC01P000840', 400, '1.70'),
(474, 220, 'PC01P000470', 400, '1.25'),
(475, 221, 'PC01P001088', 800, '1.00'),
(476, 221, 'PC01P001057', 220, '0.95'),
(477, 221, 'PC01P001071', 1400, '1.15'),
(478, 221, 'PC01P001313', 1200, '1.05'),
(479, 221, 'PC01P001089', 1000, '0.55'),
(480, 222, 'PC01P000687', 20, '3.20'),
(481, 223, 'PC01P000628', 720, '0.95'),
(482, 224, 'PC01P000724', 15, '125000.00'),
(483, 224, 'PC01P000663', 50, '26000.00'),
(484, 225, 'PC01P000270', 200, '2.07'),
(485, 225, 'PC01P000405', 180, '1.50'),
(486, 225, 'PC01P000452', 600, '1.51'),
(487, 225, 'PC01P000272', 200, '3.09'),
(488, 225, 'PC01P000758', 1000, '1.42'),
(489, 226, 'PC01P000445', 1000, '2.64'),
(490, 227, 'PC01P001183', 2400, '1.23'),
(491, 228, 'PC01P001062', 870, '2.20'),
(492, 229, 'PC01P000447', 440, '2.17'),
(493, 229, 'PC01P000753', 1000, '1.38'),
(494, 229, 'PC01P000754', 400, '2.41'),
(495, 229, 'PC01P000840', 600, '1.70'),
(496, 230, 'PC01P000406', 200, '2.33'),
(497, 230, 'PC01P000801', 1000, '0.79'),
(498, 230, 'PC01P001175', 114, '10.00'),
(499, 230, 'PC01P000389', 800, '12.70'),
(500, 231, 'PC01P000926', 150, '11.50'),
(501, 231, 'PC01P000930', 200, '11.20'),
(502, 232, 'PC01P000374', 1000, '14000.00'),
(503, 233, 'PC01P000741', 1200, '3.12'),
(504, 234, 'PC01P000136', 250, '1.30'),
(505, 235, 'PC01P000445', 500, '2.64'),
(506, 236, 'PC01P000724', 15, '125000.00'),
(507, 236, 'PC01P000845', 5, '165000.00'),
(508, 237, 'PC01P001062', 600, '2.20'),
(509, 238, 'PC01P000976', 1, '151000.00'),
(510, 239, 'PC01P000526', 600, '0.79'),
(511, 239, 'PC01P000773', 240, '2.10'),
(512, 239, 'PC01P000848', 600, '1.52'),
(513, 240, 'PC01P000856', 220, '1.91'),
(514, 240, 'PC01P000452', 400, '1.51'),
(515, 240, 'PC01P000286', 240, '2.50'),
(516, 240, 'PC01P000727', 200, '0.96'),
(517, 240, 'PC01P000773', 240, '2.10'),
(518, 240, 'PC01P000448', 200, '2.43'),
(519, 241, 'PC01P000522', 1000, '1.19'),
(520, 241, 'PC01P000465', 200, '0.46'),
(521, 241, 'PC01P000758', 1000, '1.42'),
(522, 241, 'PC01P000272', 200, '3.09'),
(523, 242, 'PC01P000415', 200, '1.60'),
(524, 243, 'PC01P001196', 1000, '1.50'),
(525, 243, 'PC01P000801', 2000, '0.79'),
(526, 243, 'PC01P000399', 500, '5.77'),
(527, 244, 'PC01P000272', 400, '3.09'),
(528, 244, 'PC01P000848', 400, '1.52'),
(529, 244, 'PC01P000343', 800, '1.08'),
(530, 245, 'PC01P000840', 400, '1.70'),
(531, 245, 'PC01P000469', 200, '1.00'),
(532, 245, 'PC01P000754', 200, '2.41'),
(533, 245, 'PC01P000490', 1200, '0.62'),
(534, 245, 'PC01P000790', 1200, '0.56'),
(535, 245, 'PC01P000433', 200, '0.78'),
(536, 246, 'PC01P000021', 1000, '14000.00'),
(537, 247, 'PC01P000445', 1000, '2.64'),
(538, 248, 'PC01P000286', 240, '2.50'),
(539, 248, 'PC01P000452', 400, '1.51'),
(540, 248, 'PC01P000460', 1000, '2.30'),
(541, 248, 'PC01P000466', 200, '1.03'),
(542, 248, 'PC01P000270', 200, '2.07'),
(543, 248, 'PC01P000758', 1000, '1.42'),
(544, 248, 'PC01P000272', 200, '3.09'),
(545, 248, 'PC01P000411', 400, '1.43'),
(546, 249, 'PC01P000503', 1000, '2.30'),
(547, 249, 'PC01P000753', 1000, '1.38'),
(548, 250, 'PC01P000687', 260, '3.20'),
(549, 250, 'PC01P001177', 25, '4.40'),
(550, 250, 'PC01P000926', 50, '11.50'),
(551, 250, 'PC01P001110', 20, '7.00'),
(552, 251, 'PC01P001023', 600, '1.50'),
(553, 251, 'PC01P000375', 900, '0.59'),
(554, 252, 'PC01P001258', 35, '1.30'),
(555, 253, 'PC01P000084', 700, '6300.00'),
(556, 254, 'PC01P001071', 1200, '1.15'),
(557, 254, 'PC01P001088', 600, '1.00'),
(558, 254, 'PC01P001321', 1000, '1.05'),
(559, 254, 'PC01P001089', 800, '0.55'),
(560, 255, 'PC01P000758', 1000, '1.42'),
(561, 255, 'PC01P000366', 1200, '0.62'),
(562, 255, 'PC01P000399', 250, '5.77'),
(563, 255, 'PC01P000448', 1000, '0.72'),
(564, 256, 'PC01P000001', 1020, '0.88'),
(565, 257, 'PC01P000001', 600, '0.95'),
(566, 258, 'PC01P001175', 95, '10.00'),
(567, 258, 'PC01P000389', 600, '12.70'),
(568, 258, 'PC01P000503', 600, '2.30'),
(569, 259, 'PC01P000470', 800, '1.25'),
(570, 260, 'PC01P001062', 510, '2.20'),
(571, 261, 'PC01P000506', 120, '21.00'),
(572, 262, 'PC01P001325', 20, '6.50'),
(573, 262, 'PC01P000687', 260, '3.20'),
(574, 263, 'PC01P000445', 2000, '2.64'),
(575, 264, 'PC01P001310', 120, '1.41'),
(576, 264, 'PC01P000522', 200, '1.19'),
(577, 264, 'PC01P000405', 360, '1.50'),
(578, 264, 'PC01P000465', 400, '0.46'),
(579, 264, 'PC01P000411', 400, '1.43'),
(580, 265, 'PC01P000724', 10, '125000.00'),
(581, 266, 'PC01P001327', 70, '9.30'),
(582, 266, 'PC01P001183', 6000, '1.23'),
(583, 267, 'PC01P000478', 150, '10.70'),
(584, 267, 'PC01P000867', 300, '6.00'),
(585, 268, 'PC01P001321', 1400, '1.05'),
(586, 268, 'PC01P001071', 1000, '1.15'),
(587, 268, 'PC01P001088', 400, '1.00'),
(588, 268, 'PC01P001089', 600, '0.55'),
(589, 269, 'PC01P001240', 1000, '0.86'),
(590, 270, 'PC01P000452', 1000, '1.51'),
(591, 271, 'PC01P001175', 95, '10.00'),
(592, 271, 'PC01P000389', 200, '12.70'),
(593, 272, 'PC01P000001', 600, '0.88'),
(594, 273, 'PC01P001229', 3000, '0.75'),
(595, 274, 'PC01P000399', 500, '5.77'),
(596, 274, 'PC01P000773', 240, '2.10'),
(597, 274, 'PC01P000741', 600, '3.12'),
(598, 274, 'PC01P001228', 300, '1.50'),
(599, 275, 'PC01P000469', 400, '1.00'),
(600, 276, 'PC01P000508', 200, '3.80'),
(601, 276, 'PC01P000433', 1200, '0.78'),
(602, 276, 'PC01P000492', 200, '0.90'),
(603, 277, 'PC01P000815', 720, '0.70'),
(604, 278, 'PC01P000445', 1000, '2.64'),
(605, 279, 'PC01P000492', 200, '0.90'),
(606, 279, 'PC01P000758', 600, '1.42'),
(607, 279, 'PC01P000773', 360, '2.10'),
(608, 280, 'PC01P000503', 1000, '2.30'),
(609, 280, 'PC01P000955', 500, '1.45'),
(610, 281, 'PC01P000926', 25, '11.50'),
(611, 281, 'PC01P000930', 25, '11.20'),
(612, 281, 'PC01P000687', 260, '3.20'),
(613, 282, 'PC01P000724', 15, '125000.00'),
(614, 282, 'PC01P000663', 50, '25000.00'),
(615, 283, 'PC01P001023', 600, '1.50'),
(616, 284, 'PC01P000473', 1000, '0.45'),
(617, 285, 'PC01P000508', 200, '3.80'),
(618, 286, 'PC01P000609', 150, '2.05'),
(619, 287, 'PC01P000724', 15, '125000.00'),
(620, 288, 'PC01P000374', 1000, '14000.00'),
(621, 289, 'PC01P000469', 200, '1.00'),
(622, 289, 'PC01P000470', 200, '1.25'),
(623, 289, 'PC01P000848', 600, '1.52'),
(624, 289, 'PC01P000581', 1200, '0.62'),
(625, 289, 'PC01P000503', 600, '2.30'),
(626, 290, 'PC01P000628', 360, '0.95'),
(627, 291, 'PC01P001089', 1000, '0.55'),
(628, 291, 'PC01P001313', 1000, '1.05'),
(629, 291, 'PC01P001088', 400, '1.00'),
(630, 291, 'PC01P001071', 800, '1.15'),
(631, 292, 'PC01P000490', 1200, '0.62'),
(632, 292, 'PC01P000790', 1200, '0.56'),
(633, 292, 'PC01P000503', 600, '2.30'),
(634, 292, 'PC01P000433', 200, '0.78'),
(635, 293, 'PC01P000440', 180, '0.95'),
(636, 294, 'PC01P000001', 1500, '0.85'),
(637, 294, 'PC01P000638', 450, '1.11'),
(638, 295, 'PC01P000405', 360, '1.50'),
(639, 295, 'PC01P000286', 240, '2.50'),
(640, 295, 'PC01P000452', 600, '1.51'),
(641, 295, 'PC01P000457', 200, '1.26'),
(642, 295, 'PC01P000758', 1000, '1.42'),
(643, 296, 'PC01P000445', 1000, '2.64'),
(644, 297, 'PC01P000270', 200, '2.07'),
(645, 297, 'PC01P000411', 400, '1.43'),
(646, 297, 'PC01P000773', 360, '2.10'),
(647, 298, 'PC01P000753', 1000, '1.38'),
(648, 299, 'PC01P000724', 15, '125000.00'),
(649, 300, 'PC01P000343', 800, '1.08'),
(650, 300, 'PC01P000430', 600, '1.20'),
(651, 300, 'PC01P000457', 200, '1.26'),
(652, 300, 'PC01P000286', 200, '2.50'),
(653, 300, 'PC01P000405', 180, '1.50'),
(654, 300, 'PC01P000848', 400, '1.52'),
(655, 300, 'PC01P000389', 200, '12.70'),
(656, 301, 'PC01P000888', 60, '1.50'),
(657, 301, 'PC01P000687', 260, '3.20'),
(658, 302, 'PC01P000687', 130, '3.20'),
(659, 302, 'PC01P000888', 40, '1.50'),
(660, 302, 'PC01P000930', 50, '11.20'),
(661, 302, 'PC01P000926', 75, '11.50'),
(662, 303, 'PC01P000663', 50, '26000.00'),
(663, 304, 'PC01P000452', 400, '1.51'),
(664, 304, 'PC01P000433', 200, '0.78'),
(665, 305, 'PC01P001058', 5, '1.90'),
(666, 306, 'PC01P000403', 400, '0.47'),
(667, 307, 'PC01P000272', 400, '3.09'),
(668, 307, 'PC01P000840', 400, '1.70'),
(669, 307, 'PC01P000389', 400, '12.70'),
(670, 307, 'PC01P001175', 38, '10.00'),
(671, 307, 'PC01P000447', 220, '2.17'),
(672, 308, 'PC01P000490', 1200, '0.62'),
(673, 308, 'PC01P000848', 600, '1.52'),
(674, 308, 'PC01P001196', 1000, '1.50'),
(675, 308, 'PC01P000433', 800, '0.78'),
(676, 309, 'PC01P001229', 1000, '0.75'),
(677, 310, 'PC01P000021', 500, '14000.00'),
(678, 310, 'PC01P000084', 300, '6000.00'),
(679, 310, 'PC01P000374', 500, '14000.00'),
(680, 311, 'PC01P000895', 125, '5.50'),
(681, 311, 'PC01P000815', 240, '0.70'),
(682, 312, 'PC01P000445', 1000, '2.64'),
(683, 313, 'PC01P000452', 400, '1.51'),
(684, 314, 'PC01P001089', 600, '0.55'),
(685, 314, 'PC01P001321', 1600, '1.05'),
(686, 314, 'PC01P001088', 400, '1.00'),
(687, 314, 'PC01P001071', 1200, '1.15'),
(688, 315, 'PC01P000724', 15, '125000.00'),
(689, 316, 'PC01P000492', 200, '0.90'),
(690, 316, 'PC01P000270', 400, '2.07'),
(691, 316, 'PC01P000466', 200, '1.03'),
(692, 316, 'PC01P000758', 600, '1.42'),
(693, 316, 'PC01P000408', 240, '1.41'),
(694, 316, 'PC01P000286', 240, '2.50'),
(695, 316, 'PC01P000856', 220, '1.91'),
(696, 316, 'PC01P000522', 600, '1.19'),
(697, 316, 'PC01P000452', 400, '1.51'),
(698, 317, 'PC01P000405', 180, '1.57'),
(699, 317, 'PC01P000715', 200, '1.68'),
(700, 317, 'PC01P000292', 200, '0.75'),
(701, 318, 'PC01P000466', 200, '1.03'),
(702, 318, 'PC01P001175', 114, '10.00'),
(703, 318, 'PC01P000389', 400, '12.70'),
(704, 319, 'PC01P000311', 300, '5600.00'),
(705, 320, 'PC01P000469', 200, '1.00'),
(706, 320, 'PC01P001222', 200, '1.60'),
(707, 321, 'PC01P000445', 1000, '2.64'),
(708, 322, 'PC01P000445', 1000, '2.64'),
(709, 323, 'PC01P001160', 1200, '1.80'),
(710, 324, 'PC01P000021', 1000, '1.00'),
(711, 325, 'PC01P000469', 400, '1.00'),
(712, 325, 'PC01P000801', 1000, '0.79'),
(713, 325, 'PC01P000790', 2400, '0.56'),
(714, 325, 'PC01P000848', 1200, '1.52'),
(715, 325, 'PC01P000503', 1000, '2.30'),
(716, 326, 'PC01P001088', 400, '1.00'),
(717, 326, 'PC01P001071', 600, '1.15'),
(718, 326, 'PC01P001321', 800, '1.05'),
(719, 327, 'PC01P000001', 300, '0.88'),
(720, 328, 'PC01P000181', 400, '1.10'),
(721, 328, 'PC01P000286', 120, '2.50'),
(722, 328, 'PC01P000343', 800, '1.08'),
(723, 328, 'PC01P000114', 200, '1.50'),
(724, 328, 'PC01P000522', 200, '1.19'),
(725, 328, 'PC01P000773', 240, '2.10'),
(726, 328, 'PC01P000473', 400, '0.45'),
(727, 328, 'PC01P000389', 200, '12.70'),
(728, 329, 'PC01P000628', 360, '0.95'),
(729, 330, 'PC01P000724', 15, '125000.00'),
(730, 331, 'PC01P000405', 180, '1.50'),
(731, 331, 'PC01P000473', 200, '0.45'),
(732, 331, 'PC01P000758', 1000, '1.42'),
(733, 331, 'PC01P000270', 200, '2.07'),
(734, 331, 'PC01P000466', 200, '1.03'),
(735, 331, 'PC01P000522', 1000, '1.19'),
(736, 331, 'PC01P000286', 240, '2.50'),
(737, 331, 'PC01P000773', 120, '2.10'),
(738, 331, 'PC01P000452', 400, '1.51'),
(739, 332, 'PC01P001240', 1000, '0.86'),
(740, 333, 'PC01P001023', 1000, '1.50'),
(741, 334, 'PC01P000687', 520, '3.20'),
(742, 334, 'PC01P000993', 60, '6.20'),
(743, 335, 'PC01P000445', 2000, '2.64'),
(744, 336, 'PC01P000270', 600, '2.07'),
(745, 336, 'PC01P000466', 400, '1.03'),
(746, 336, 'PC01P000715', 200, '1.68'),
(747, 336, 'PC01P000758', 1200, '1.42'),
(748, 336, 'PC01P000452', 1000, '1.51'),
(749, 336, 'PC01P000465', 600, '0.46'),
(750, 336, 'PC01P000856', 220, '1.91'),
(751, 337, 'PC01P000399', 500, '5.77'),
(752, 337, 'PC01P000840', 400, '1.70'),
(753, 337, 'PC01P000409', 200, '0.90'),
(754, 337, 'PC01P000470', 400, '1.25'),
(755, 337, 'PC01P000581', 2400, '0.62'),
(756, 338, 'PC01P001160', 1200, '1.80'),
(757, 339, 'PC01P000286', 480, '2.50'),
(758, 339, 'PC01P000343', 400, '1.08'),
(759, 340, 'PC01P000801', 2000, '0.79'),
(760, 340, 'PC01P000753', 1000, '1.38'),
(761, 341, 'PC01P000888', 60, '1.50'),
(762, 341, 'PC01P000926', 50, '11.50'),
(763, 342, 'PC01P000286', 600, '2.50'),
(764, 342, 'PC01P000405', 180, '1.50'),
(765, 343, 'PC01P000663', 100, '25000.00'),
(766, 344, 'PC01P000301', 250, '3000.00'),
(767, 345, 'PC01P000001', 1200, '0.90'),
(768, 346, 'PC01P000445', 1000, '2.64'),
(769, 347, 'PC01P000724', 15, '125000.00'),
(770, 348, 'PC01P000020', 125, '8600.00'),
(771, 348, 'PC01P000249', 800, '5600.00'),
(772, 349, 'PC01P000021', 2500, '1.20'),
(773, 350, 'PC01P000441', 600, '2.15'),
(774, 351, 'PC01P000815', 720, '0.70'),
(775, 352, 'PC01P000136', 200, '1.30'),
(776, 353, 'PC01P000955', 120, '1.45'),
(777, 354, 'PC01P000603', 200, '1.60'),
(778, 355, 'PC01P000754', 400, '2.41'),
(779, 355, 'PC01P000272', 400, '3.09'),
(780, 356, 'PC01P001229', 1000, '0.75'),
(781, 357, 'PC01P000993', 80, '6.20'),
(782, 358, 'PC01P000249', 600, '2400.00'),
(783, 358, 'PC01P000311', 400, '5600.00'),
(784, 358, 'PC01P000084', 630, '6300.00'),
(785, 359, 'PC01P000503', 1000, '2.30'),
(786, 359, 'PC01P000848', 200, '1.52'),
(787, 360, 'PC01P000136', 250, '1.30'),
(788, 361, 'PC01P001327', 140, '9.30'),
(789, 362, 'PC01P001073', 200, '1.00'),
(790, 362, 'PC01P000503', 1400, '2.30'),
(791, 362, 'PC01P000447', 220, '2.17'),
(792, 362, 'PC01P000754', 400, '2.41'),
(793, 362, 'PC01P000773', 120, '2.10'),
(794, 362, 'PC01P000848', 1000, '1.52'),
(795, 363, 'PC01P000405', 180, '1.50'),
(796, 363, 'PC01P000389', 400, '12.70'),
(797, 363, 'PC01P000343', 200, '1.08'),
(798, 364, 'PC01P000880', 5, '7.70'),
(799, 365, 'PC01P000609', 150, '2.50'),
(800, 366, 'PC01P000001', 600, '0.88'),
(801, 367, 'PC01P000466', 200, '1.03'),
(802, 367, 'PC01P000389', 200, '12.70'),
(803, 368, 'PC01P000628', 360, '0.95'),
(804, 369, 'PC01P000445', 1000, '2.64'),
(805, 370, 'PC01P000522', 1000, '1.19'),
(806, 370, 'PC01P000913', 200, '1.58'),
(807, 370, 'PC01P000758', 1000, '1.42'),
(808, 370, 'PC01P000405', 180, '1.50'),
(809, 370, 'PC01P001310', 240, '1.41'),
(810, 371, 'PC01P000473', 1000, '0.45'),
(811, 372, 'PC01P000343', 400, '1.08'),
(812, 372, 'PC01P000716', 600, '1.30'),
(813, 373, 'PC01P001327', 280, '9.30'),
(814, 374, 'PC01P000445', 2000, '2.64'),
(815, 375, 'PC01P000503', 1000, '2.30'),
(816, 376, 'PC01P001321', 1000, '1.05'),
(817, 376, 'PC01P001088', 400, '1.00'),
(818, 376, 'PC01P001071', 1200, '1.00'),
(819, 376, 'PC01P001089', 600, '0.55'),
(820, 377, 'PC01P000492', 200, '0.90'),
(821, 377, 'PC01P000758', 1000, '1.42'),
(822, 377, 'PC01P000411', 200, '1.43'),
(823, 377, 'PC01P000405', 180, '1.50'),
(824, 378, 'PC01P000663', 100, '25000.00'),
(825, 379, 'PC01P000567', 180, '5.50'),
(826, 379, 'PC01P000375', 540, '0.59'),
(827, 380, 'PC01P000729', 480, '2.10'),
(828, 380, 'PC01P000819', 200, '2.60'),
(829, 381, 'PC01P000445', 500, '2.64'),
(830, 382, 'PC01P001196', 1000, '1.50'),
(831, 382, 'PC01P000753', 600, '1.38'),
(832, 383, 'PC01P000724', 15, '125000.00'),
(833, 384, 'PC01P001071', 2000, '1.00'),
(834, 384, 'PC01P001057', 440, '0.95'),
(835, 384, 'PC01P001088', 800, '1.00'),
(836, 384, 'PC01P001321', 2000, '1.05'),
(837, 384, 'PC01P001089', 400, '0.55'),
(838, 385, 'PC01P001110', 60, '7.00'),
(839, 386, 'PC01P000389', 400, '12.70'),
(840, 386, 'PC01P001175', 38, '10.00'),
(841, 387, 'PC01P000581', 1200, '0.62'),
(842, 387, 'PC01P000790', 2400, '0.56'),
(843, 387, 'PC01P000490', 1000, '0.62'),
(844, 388, 'PC01P000409', 200, '0.90'),
(845, 388, 'PC01P001175', 57, '10.00'),
(846, 388, 'PC01P000801', 2000, '0.79'),
(847, 388, 'PC01P000389', 400, '12.70'),
(848, 388, 'PC01P000466', 600, '1.03'),
(849, 389, 'PC01P000503', 600, '2.30'),
(850, 389, 'PC01P000753', 1000, '1.38'),
(851, 389, 'PC01P000848', 1600, '1.52'),
(852, 390, 'PC01P000021', 1000, '14000.00'),
(853, 390, 'PC01P000374', 1000, '14000.00'),
(854, 391, 'PC01P000897', 400, '0.80'),
(855, 392, 'PC01P000445', 2000, '3.00'),
(856, 393, 'PC01P000445', 2000, '2.64'),
(857, 394, 'PC01P000445', 2000, '2.64');

-- --------------------------------------------------------

--
-- Table structure for table `rate`
--

CREATE TABLE IF NOT EXISTS `rate` (
  `id` int(11) NOT NULL AUTO_INCREMENT,
  `currency` varchar(3) NOT NULL,
  `amount` decimal(14,2) NOT NULL,
  `valid_date` date NOT NULL,
  `insert_date` datetime NOT NULL,
  `sk_no` varchar(100) NOT NULL,
  `start_date` date NOT NULL,
  PRIMARY KEY (`id`),
  UNIQUE KEY `currency` (`currency`,`amount`,`valid_date`)
) ENGINE=MyISAM  DEFAULT CHARSET=latin1 AUTO_INCREMENT=16 ;

--
-- Dumping data for table `rate`
--

INSERT INTO `rate` (`id`, `currency`, `amount`, `valid_date`, `insert_date`, `sk_no`, `start_date`) VALUES
(1, 'USD', '13100.00', '2015-03-31', '0000-00-00 00:00:00', '', '0000-00-00'),
(2, 'SGD', '6500.00', '2015-03-30', '0000-00-00 00:00:00', '', '0000-00-00'),
(4, 'EUR', '14000.00', '2015-03-31', '2015-03-15 13:01:56', '', '0000-00-00'),
(5, 'IDR', '1.00', '2099-12-31', '2015-03-21 23:50:19', '', '0000-00-00'),
(7, 'USD', '13015.00', '2015-04-02', '2015-04-02 23:35:35', '', '0000-00-00'),
(8, 'EUR', '14166.76', '2015-04-02', '2015-04-02 23:35:52', '', '0000-00-00'),
(9, 'SGD', '9593.20', '2015-04-02', '2015-04-02 23:36:21', '', '0000-00-00'),
(11, 'USD', '13147.00', '2015-06-02', '2015-04-02 23:37:08', 'KMK Nomor 26/KM.10/2015 tanggal 26 Mei 2015', '2015-05-27'),
(12, 'USD', '13112.00', '2015-05-26', '2015-04-02 23:48:53', 'KMK Nomor 25/KM.10/2015 tanggal 19 Mei 2015', '2015-05-20'),
(13, 'USD', '13096.00', '2015-05-19', '2015-04-02 23:48:56', 'KMK Nomor 24/KM.10/2015 tanggal 12 Mei 2015', '2015-05-13'),
(14, 'USD', '12973.00', '2015-05-12', '2015-04-02 23:48:57', 'KMK Nomor  23/KM.10/2015 tanggal 5 Mei 2015', '2015-05-06'),
(15, 'USD', '12930.00', '2015-05-05', '2015-05-30 05:21:36', 'KMK Nomor 21/KM.10/2015 tanggal 28 Apr 2015', '2015-04-29');

-- --------------------------------------------------------

--
-- Table structure for table `sales_order`
--

CREATE TABLE IF NOT EXISTS `sales_order` (
  `id` int(11) NOT NULL AUTO_INCREMENT,
  `so_no` varchar(12) NOT NULL,
  `date` date NOT NULL,
  `customer_id` int(11) NOT NULL,
  `customer_po` varchar(100) NOT NULL,
  `customer_date` date NOT NULL,
  `customer_term_of_payment` int(11) NOT NULL,
  `marketing_id` int(11) NOT NULL,
  `currency` varchar(3) NOT NULL DEFAULT 'IDR',
  `lokasi_id` int(11) NOT NULL,
  `sub_total` decimal(14,2) NOT NULL COMMENT 'Sub Total',
  `amount` decimal(14,2) NOT NULL COMMENT 'total amount (sub total + tax + other amount)',
  `status` varchar(2) NOT NULL,
  `remark` varchar(255) NOT NULL,
  `user_id` int(11) NOT NULL COMMENT 'Mengacu ke table User',
  `required_date` date NOT NULL,
  `tax_amount` decimal(14,2) NOT NULL COMMENT 'PPN, 10 % dari Sub Total',
  `other_amount` decimal(14,2) NOT NULL COMMENT 'Bisa di pakai untuk biaya delivery atau yang lainya',
  PRIMARY KEY (`id`),
  UNIQUE KEY `so_no` (`so_no`)
) ENGINE=MyISAM  DEFAULT CHARSET=latin1 AUTO_INCREMENT=557 ;

--
-- Dumping data for table `sales_order`
--

INSERT INTO `sales_order` (`id`, `so_no`, `date`, `customer_id`, `customer_po`, `customer_date`, `customer_term_of_payment`, `marketing_id`, `currency`, `lokasi_id`, `sub_total`, `amount`, `status`, `remark`, `user_id`, `required_date`, `tax_amount`, `other_amount`) VALUES
(50, 'SBP000210115', '2015-01-09', 16, '14/13/00344', '2015-01-09', 0, 8, 'USD', 1, '1200.00', '1320.00', 'N', '', 2, '0000-00-00', '120.00', '0.00'),
(49, 'SBP000200115', '2015-01-09', 161, '901', '2015-01-09', 0, 8, 'USD', 1, '3506.00', '3856.60', 'N', '', 2, '0000-00-00', '350.60', '0.00'),
(48, 'SBP000190115', '2015-01-08', 208, '013/SHJ-PO/I/2015', '2015-01-08', 0, 8, 'USD', 1, '1240.00', '1364.00', 'N', '', 2, '0000-00-00', '124.00', '0.00'),
(47, 'SBP000180115', '2015-01-08', 255, 'POOL15010701', '2015-01-08', 0, 8, 'USD', 1, '150.00', '165.00', 'N', '', 2, '0000-00-00', '15.00', '0.00'),
(19, 'SBP002870515', '2015-05-04', 16, 'PO15/04/0338', '2015-05-04', 30, 48, 'USD', 1, '4200.00', '4620.00', 'N', '', 2, '0000-00-00', '420.00', '0.00'),
(20, 'SBP002880515', '2015-05-04', 156, '004/HS/V/15', '2015-05-04', 30, 48, 'USD', 1, '440.00', '484.00', 'N', '', 50, '0000-00-00', '44.00', '0.00'),
(21, 'SBP002890515', '2015-05-04', 255, 'POOL15042802', '2015-05-04', 30, 8, 'USD', 1, '37100.00', '40810.00', 'N', '', 50, '0000-00-00', '3710.00', '0.00'),
(22, 'SBP002900515', '2015-05-05', 161, '', '2015-05-05', 30, 48, 'USD', 1, '400.00', '440.00', 'N', '', 50, '0000-00-00', '40.00', '0.00'),
(23, 'SBP002910515', '2015-05-05', 196, 'NICE-01/V/IHWA/2015', '0000-00-00', 30, 8, 'USD', 1, '57.00', '62.70', 'N', '', 50, '0000-00-00', '5.70', '0.00'),
(24, 'SBP002920515', '2015-05-06', 161, '', '0000-00-00', 30, 48, 'USD', 1, '1300.00', '1430.00', 'N', '', 50, '0000-00-00', '130.00', '0.00'),
(25, 'SBP002930515', '2015-05-06', 95, '', '0000-00-00', 30, 8, 'USD', 1, '1900.00', '2090.00', 'N', '', 50, '0000-00-00', '190.00', '0.00'),
(26, 'SBP002940515', '2015-05-06', 185, '', '0000-00-00', 30, 48, 'USD', 1, '10995.60', '12095.16', 'N', '', 50, '0000-00-00', '1099.56', '0.00'),
(27, 'SBP002950515', '2015-05-06', 208, '02/SHJ-PO/V/2015', '2015-05-06', 30, 8, 'IDR', 1, '4500000.00', '4950000.00', 'N', '', 50, '0000-00-00', '450000.00', '0.00'),
(28, 'SBP002960515', '2015-05-06', 255, 'POOL15050401', '2015-05-06', 30, 8, 'USD', 1, '4650.00', '5115.00', 'N', '', 50, '0000-00-00', '465.00', '0.00'),
(29, 'SBP002970515', '2015-05-06', 157, 'AM1503391', '2015-05-06', 30, 8, 'USD', 1, '3410.00', '3751.00', 'N', '', 50, '0000-00-00', '341.00', '0.00'),
(30, 'SBP002980515', '2015-05-06', 224, 'IG.0060515-1', '2015-05-06', 30, 8, 'USD', 1, '7035.00', '7738.50', 'N', '', 50, '0000-00-00', '703.50', '0.00'),
(31, 'SBP002990515', '2015-05-07', 263, '051/DKI-07/05/2015', '2015-05-07', 30, 8, 'IDR', 1, '1190000.00', '1309000.00', 'N', '', 50, '0000-00-00', '119000.00', '0.00'),
(32, 'SBP003000515', '2015-05-07', 263, '052/DKI-07/05/2015', '2015-05-07', 30, 8, 'USD', 1, '548.00', '602.80', 'N', '', 50, '0000-00-00', '54.80', '0.00'),
(33, 'SBP003010515', '2015-05-07', 161, '', '0000-00-00', 30, 48, 'USD', 1, '3646.00', '4010.60', 'N', '', 50, '0000-00-00', '364.60', '0.00'),
(34, 'SBP003020515', '2015-05-08', 6, '', '0000-00-00', 30, 48, 'IDR', 1, '1172500.00', '1289750.00', 'N', '', 50, '0000-00-00', '117250.00', '0.00'),
(35, 'SBP003030515', '2015-05-08', 16, 'PO15/05/0384', '2015-05-08', 30, 48, 'USD', 1, '600.00', '660.00', 'N', '', 50, '0000-00-00', '60.00', '0.00'),
(36, 'SBP003040515', '2015-05-08', 161, '', '0000-00-00', 30, 48, 'USD', 1, '1780.00', '1958.00', 'N', '', 50, '0000-00-00', '178.00', '0.00'),
(37, 'SBP003050515', '2015-05-08', 224, 'IG.0080515-2', '2015-05-08', 30, 8, 'USD', 1, '2362.50', '2598.75', 'N', '', 50, '0000-00-00', '236.25', '0.00'),
(38, 'SBP003060515', '2015-05-08', 253, 'BL/15/05/0258', '2015-05-08', 30, 8, 'USD', 1, '1116.50', '1228.15', 'N', '', 50, '0000-00-00', '111.65', '0.00'),
(39, 'SBP003070515', '2015-05-08', 6, '', '0000-00-00', 30, 48, 'USD', 1, '300.00', '330.00', 'N', '', 50, '0000-00-00', '30.00', '0.00'),
(40, 'SBP003080515', '2015-05-11', 157, 'AM1505406', '2015-05-11', 30, 8, 'USD', 1, '6820.00', '7502.00', 'N', '', 50, '0000-00-00', '682.00', '0.00'),
(41, 'SBP003090515', '2015-05-11', 224, 'IG.0090515-1', '2015-05-11', 30, 8, 'USD', 1, '1448.00', '1592.80', 'N', '', 50, '0000-00-00', '144.80', '0.00'),
(42, 'SBP003100515', '2015-05-12', 161, '', '0000-00-00', 30, 48, 'USD', 1, '2820.00', '3102.00', 'N', '', 50, '0000-00-00', '282.00', '0.00'),
(43, 'SBP003110515', '2015-05-12', 156, '033/HS/V/15', '2015-05-12', 30, 48, 'USD', 1, '1056.00', '1161.60', 'N', '', 50, '0000-00-00', '105.60', '0.00'),
(44, 'SBP003120515', '2015-05-13', 48, '', '0000-00-00', 30, 8, 'USD', 1, '942.00', '1036.20', 'N', '', 50, '0000-00-00', '94.20', '0.00'),
(45, 'SBP003130515', '2015-05-13', 161, '', '0000-00-00', 30, 48, 'USD', 1, '1560.00', '1716.00', 'N', '', 50, '0000-00-00', '156.00', '0.00'),
(46, 'SBP003140515', '2015-05-13', 185, '', '0000-00-00', 30, 48, 'USD', 1, '4284.80', '4713.28', 'N', '', 50, '0000-00-00', '428.48', '0.00'),
(51, 'SBP000170115', '2015-01-08', 16, 'PO14/13/00328', '2015-01-08', 0, 8, 'USD', 1, '4300.00', '4730.00', 'N', '', 2, '0000-00-00', '430.00', '0.00'),
(52, 'SBP000160115', '2015-01-08', 185, '801', '2015-01-08', 0, 8, 'USD', 1, '4796.00', '5275.60', 'N', '', 2, '0000-00-00', '479.60', '0.00'),
(53, 'SBP000150115', '2015-01-08', 224, '801', '2015-01-08', 0, 8, 'USD', 1, '360.00', '396.00', 'N', '', 2, '0000-00-00', '36.00', '0.00'),
(54, 'SBP000140115', '2015-01-08', 140, 'PO/AC/KUM/14/0021', '2015-01-08', 0, 8, 'USD', 1, '5040.00', '5544.00', 'N', '', 2, '0000-00-00', '504.00', '0.00'),
(55, 'SBP000130115', '2015-01-07', 48, '701', '2015-01-07', 0, 8, 'USD', 1, '1200.00', '1320.00', 'N', '', 2, '0000-00-00', '120.00', '0.00'),
(56, 'SBP000120115', '2015-01-07', 40, 'SW-0050115', '2015-01-07', 0, 8, 'USD', 1, '1900.00', '2090.00', 'N', '', 2, '0000-00-00', '190.00', '0.00'),
(57, 'SBP000110115', '2015-01-07', 161, '701', '2015-01-07', 0, 8, 'USD', 1, '2473.00', '2720.30', 'N', '', 2, '0000-00-00', '247.30', '0.00'),
(58, 'SBP000100115', '2015-01-07', 161, '701', '2015-01-07', 0, 8, 'USD', 1, '1510.00', '1661.00', 'N', '', 2, '0000-00-00', '151.00', '0.00'),
(59, 'SBP000080115', '2015-01-06', 41, '14727', '2015-01-06', 0, 8, 'USD', 1, '1920.00', '2112.00', 'N', '', 2, '0000-00-00', '192.00', '0.00'),
(60, 'SBP000090115', '2015-01-06', 95, '6012015', '2015-01-06', 0, 8, 'USD', 1, '1900.00', '2090.00', 'N', '', 2, '0000-00-00', '190.00', '0.00'),
(61, 'SBP000070115', '2015-01-06', 22, 'L/102489', '2015-01-06', 0, 8, 'USD', 1, '540.00', '594.00', 'N', '', 2, '0000-00-00', '54.00', '0.00'),
(62, 'SBP000060115', '2015-01-05', 6, '5', '2015-01-05', 0, 8, 'IDR', 1, '9517500.00', '10469250.00', 'N', '', 2, '0000-00-00', '951750.00', '0.00'),
(63, 'SBP000050115', '2015-01-05', 6, '5', '2015-01-05', 0, 8, 'USD', 1, '960.00', '1056.00', 'N', '', 2, '0000-00-00', '96.00', '0.00'),
(64, 'SBP000040115', '2015-01-05', 22, 'l/102514', '2015-01-05', 0, 8, 'USD', 1, '4500.00', '4950.00', 'N', '', 2, '0000-00-00', '450.00', '0.00'),
(65, 'SBP000030115', '2015-01-05', 16, 'PO14/12/00277', '2015-01-05', 0, 8, 'USD', 1, '5567.50', '6124.25', 'N', '', 2, '0000-00-00', '556.75', '0.00'),
(66, 'SBP000020115', '2015-01-05', 156, '079/HS/XII/14', '2015-01-05', 0, 8, 'USD', 1, '760.00', '836.00', 'N', '', 2, '0000-00-00', '76.00', '0.00'),
(67, 'SBP000010115', '2015-01-05', 161, '501', '2015-01-05', 0, 8, 'USD', 1, '1780.00', '1958.00', 'N', '', 2, '0000-00-00', '178.00', '0.00'),
(68, 'SBP000220115', '2015-01-12', 224, '1201', '2015-01-12', 0, 8, 'USD', 1, '825.00', '907.50', 'N', '', 2, '0000-00-00', '82.50', '0.00'),
(69, 'SBP000230115', '2015-01-12', 22, 'L/102599', '2015-01-12', 0, 8, 'USD', 1, '245.00', '269.50', 'N', '', 2, '0000-00-00', '24.50', '0.00'),
(70, 'SBP000240115', '2015-01-12', 9, 'PO-PFAC15/01/026', '2015-01-12', 0, 8, 'USD', 1, '114.00', '125.40', 'N', '', 2, '0000-00-00', '11.40', '0.00'),
(71, 'SBP000250115', '2015-01-13', 161, 'IJI:0130115-2', '2015-01-13', 0, 8, 'USD', 1, '3886.00', '4274.60', 'N', '', 2, '0000-00-00', '388.60', '0.00'),
(72, 'SBP000260115', '2015-01-13', 59, '1301', '2015-01-13', 0, 8, 'USD', 1, '633.60', '696.96', 'N', '', 2, '0000-00-00', '63.36', '0.00'),
(73, 'SBP000270115', '2015-01-13', 253, 'DL/15/01/0018', '2015-01-13', 0, 8, 'USD', 1, '1368.50', '1505.35', 'N', '', 2, '0000-00-00', '136.85', '0.00'),
(74, 'SBP000280115', '2015-01-14', 22, 'L/102708', '2015-01-14', 0, 8, 'USD', 1, '540.00', '594.00', 'N', '', 2, '0000-00-00', '54.00', '0.00'),
(75, 'SBP000290115', '2015-01-15', 224, 'IG.014011-5-1', '2015-01-15', 0, 8, 'USD', 1, '1220.00', '1342.00', 'N', '', 2, '0000-00-00', '122.00', '0.00'),
(76, 'SBP000300115', '2015-01-16', 95, '1601', '2015-01-16', 0, 8, 'USD', 1, '1900.00', '2090.00', 'N', '', 2, '0000-00-00', '190.00', '0.00'),
(77, 'SBP000310115', '2015-01-16', 161, '1601', '2015-01-16', 0, 8, 'USD', 1, '740.00', '814.00', 'N', '', 2, '0000-00-00', '74.00', '0.00'),
(78, 'SBP000320115', '2015-01-16', 16, 'PO14/13/00371', '2015-01-16', 0, 8, 'USD', 1, '5087.50', '5596.25', 'N', '', 2, '0000-00-00', '508.75', '0.00'),
(79, 'SBP000330115', '2015-01-16', 6, '161', '2015-01-16', 0, 8, 'IDR', 1, '7700000.00', '8470000.00', 'N', '', 2, '0000-00-00', '770000.00', '0.00'),
(80, 'SBP000340115', '2015-01-16', 255, 'POOL15011601', '2015-01-16', 0, 8, 'USD', 1, '4033.00', '4436.30', 'N', '', 2, '0000-00-00', '403.30', '0.00'),
(81, 'SBP000350115', '2015-01-19', 161, 'IJI:0190115-1', '2015-01-19', 0, 8, 'USD', 1, '4787.50', '5266.25', 'N', '', 2, '0000-00-00', '478.75', '0.00'),
(82, 'SBP000360115', '2015-01-20', 224, 'IG.0190115-5', '2015-01-20', 0, 8, 'USD', 1, '2356.00', '2591.60', 'N', '', 2, '0000-00-00', '235.60', '0.00'),
(83, 'SBP000370115', '2015-01-21', 161, 'IJI:0210115-2', '2015-01-21', 0, 8, 'USD', 1, '1640.00', '1804.00', 'N', '', 2, '0000-00-00', '164.00', '0.00'),
(84, 'SBP000380115', '2015-01-21', 6, '2101', '2015-01-21', 0, 8, 'IDR', 1, '1407000.00', '1547700.00', 'N', '', 2, '0000-00-00', '140700.00', '0.00'),
(85, 'SBP000390115', '2015-01-21', 6, '2105', '2015-01-21', 0, 8, 'USD', 1, '720.00', '792.00', 'N', '', 2, '0000-00-00', '72.00', '0.00'),
(86, 'SBP000400115', '2015-01-21', 161, '2105', '2015-01-21', 0, 8, 'USD', 1, '1060.00', '1166.00', 'N', '', 2, '0000-00-00', '106.00', '0.00'),
(87, 'SBP000410115', '2015-01-22', 224, 'IG.0210115-3', '2015-01-22', 0, 8, 'USD', 1, '790.00', '869.00', 'N', '', 2, '0000-00-00', '79.00', '0.00'),
(88, 'SBP000420115', '2015-01-22', 203, 'BIG/102/I/2015', '2015-01-22', 0, 8, 'USD', 1, '1034.00', '1137.40', 'N', '', 2, '0000-00-00', '103.40', '0.00'),
(89, 'SBP000430115', '2015-01-23', 263, '006/DKI-22/01/2015', '2015-01-23', 0, 8, 'USD', 1, '133.00', '146.30', 'N', '', 2, '0000-00-00', '13.30', '0.00'),
(90, 'SBP000440115', '2015-01-23', 263, '007/DKI-22/01/2015', '2015-01-23', 0, 8, 'IDR', 1, '1345000.00', '1479500.00', 'N', '', 2, '0000-00-00', '134500.00', '0.00'),
(91, 'SBP000450115', '2015-01-23', 161, '2101', '2015-01-23', 0, 8, 'USD', 1, '3580.00', '3938.00', 'N', '', 2, '0000-00-00', '358.00', '0.00'),
(92, 'SBP000460115', '2015-01-26', 48, '2601', '2015-01-26', 0, 8, 'USD', 1, '898.00', '987.80', 'N', '', 2, '0000-00-00', '89.80', '0.00'),
(93, 'SBP000470115', '2015-01-26', 16, 'PO15/01/0016', '2015-01-26', 0, 8, 'USD', 1, '1200.00', '1320.00', 'N', '', 2, '0000-00-00', '120.00', '0.00'),
(94, 'SBP000480115', '2015-01-27', 22, 'L/102900', '2015-01-27', 0, 8, 'USD', 1, '3000.00', '3300.00', 'N', '', 2, '0000-00-00', '300.00', '0.00'),
(95, 'SBP000490115', '2015-01-27', 161, '2701', '2015-01-27', 0, 8, 'USD', 1, '1640.00', '1804.00', 'N', '', 2, '0000-00-00', '164.00', '0.00'),
(96, 'SBP000500115', '2015-01-27', 263, '009/DKI-27/01/2015', '2015-01-27', 0, 8, 'USD', 1, '318.00', '349.80', 'N', '', 2, '0000-00-00', '31.80', '0.00'),
(97, 'SBP000510115', '2015-01-27', 6, '27', '2015-01-27', 0, 8, 'USD', 1, '540.00', '594.00', 'N', '', 2, '0000-00-00', '54.00', '0.00'),
(98, 'SBP000520115', '2015-01-27', 6, '27', '2015-01-27', 0, 8, 'IDR', 1, '1407000.00', '1547700.00', 'N', '', 2, '0000-00-00', '140700.00', '0.00'),
(99, 'SBP000530115', '2015-01-28', 255, 'POOL15012701', '2015-01-28', 0, 8, 'IDR', 1, '4350000.00', '4785000.00', 'N', '', 2, '0000-00-00', '435000.00', '0.00'),
(100, 'SBP000540115', '2015-01-28', 255, 'POOL15012702', '2015-01-28', 0, 8, 'USD', 1, '3648.00', '4012.80', 'N', '', 2, '0000-00-00', '364.80', '0.00'),
(101, 'SBP000550115', '2015-01-28', 255, 'POOL15012703', '2015-01-28', 0, 8, 'USD', 1, '2063.00', '2269.30', 'N', '', 2, '0000-00-00', '206.30', '0.00'),
(102, 'SBP000560115', '2015-01-28', 161, 'IJI:028012015-1', '2015-01-28', 0, 8, 'USD', 1, '2535.50', '2789.05', 'N', '', 2, '0000-00-00', '253.55', '0.00'),
(103, 'SBP000570115', '2015-01-28', 252, '1', '2015-01-28', 0, 8, 'IDR', 1, '6454784.00', '7100262.40', 'N', '', 2, '0000-00-00', '645478.40', '0.00'),
(104, 'SBP000580115', '2015-01-28', 95, '1', '2015-01-28', 0, 8, 'IDR', 1, '15000000.00', '16500000.00', 'N', '', 2, '0000-00-00', '1500000.00', '0.00'),
(105, 'SBP000590115', '2015-01-28', 95, '128', '2015-01-28', 0, 8, 'USD', 1, '1900.00', '2090.00', 'N', '', 2, '0000-00-00', '190.00', '0.00'),
(106, 'SBP000600115', '2015-01-29', 161, '129', '2015-01-29', 0, 8, 'USD', 1, '920.00', '1012.00', 'N', '', 2, '0000-00-00', '92.00', '0.00'),
(107, 'SBP000610115', '2015-01-29', 224, 'IG.0280115-2', '2015-01-29', 0, 8, 'USD', 1, '4775.00', '5252.50', 'N', '', 2, '0000-00-00', '477.50', '0.00'),
(108, 'SBP000620115', '2015-01-29', 22, 'L/102990', '2015-01-29', 0, 8, 'USD', 1, '810.00', '891.00', 'N', '', 2, '0000-00-00', '81.00', '0.00'),
(109, 'SBP000630215', '2015-02-02', 208, '002/SHJ-PO/II/2015', '2015-02-02', 0, 8, 'IDR', 1, '9000000.00', '9900000.00', 'N', '', 2, '0000-00-00', '900000.00', '0.00'),
(110, 'SBP000640215', '2015-02-02', 208, '002/SHJ-PO/II/2015', '2015-02-02', 0, 8, 'USD', 1, '2535.00', '2788.50', 'N', '', 2, '0000-00-00', '253.50', '0.00'),
(111, 'SBP000650215', '2015-02-02', 59, '202', '2015-02-02', 0, 8, 'USD', 1, '389.30', '428.23', 'N', '', 2, '0000-00-00', '38.93', '0.00'),
(112, 'SBP000660215', '2015-02-02', 6, '22', '2015-02-02', 0, 8, 'IDR', 1, '7407000.00', '8147700.00', 'N', '', 2, '0000-00-00', '740700.00', '0.00'),
(113, 'SBP000670215', '2015-02-02', 6, '22', '2015-02-02', 0, 8, 'USD', 1, '720.00', '792.00', 'N', '', 2, '0000-00-00', '72.00', '0.00'),
(114, 'SBP000680215', '2015-02-02', 185, '22', '2015-02-02', 0, 8, 'USD', 1, '4526.00', '4978.60', 'N', '', 2, '0000-00-00', '452.60', '0.00'),
(115, 'SBP000690215', '2015-02-02', 224, '0310115-1', '2015-02-02', 0, 8, 'USD', 1, '2446.00', '2690.60', 'N', '', 2, '0000-00-00', '244.60', '0.00'),
(116, 'SBP000700215', '2015-02-02', 161, '22', '2015-02-02', 0, 8, 'USD', 1, '1780.00', '1958.00', 'N', '', 2, '0000-00-00', '178.00', '0.00'),
(117, 'SBP000710215', '2015-02-03', 140, 'PO/AC/KUM/15/0002', '2015-02-03', 0, 8, 'USD', 1, '4320.00', '4752.00', 'N', '', 2, '0000-00-00', '432.00', '0.00'),
(118, 'SBP000720215', '2015-02-03', 190, '2015/ECT/016', '2015-02-03', 0, 8, 'USD', 1, '710.00', '781.00', 'N', '', 2, '0000-00-00', '71.00', '0.00'),
(119, 'SBP000730215', '2015-02-03', 16, 'PO15/02/0061', '2015-02-03', 0, 8, 'USD', 1, '4500.00', '4950.00', 'N', '', 2, '0000-00-00', '450.00', '0.00'),
(120, 'SBP000740215', '2015-02-04', 255, 'POOL15020202', '2015-02-04', 0, 8, 'USD', 1, '4161.00', '4577.10', 'N', '', 2, '0000-00-00', '416.10', '0.00'),
(121, 'SBP000750215', '2015-02-04', 161, 'IJI:0040215-2', '2015-02-04', 0, 8, 'USD', 1, '1640.00', '1804.00', 'N', '', 2, '0000-00-00', '164.00', '0.00'),
(122, 'SBP000760215', '2015-02-04', 59, '402', '2015-02-04', 0, 8, 'USD', 1, '792.00', '871.20', 'N', '', 2, '0000-00-00', '79.20', '0.00'),
(123, 'SBP000770215', '2015-02-05', 224, 'IG.0040215-1', '2015-02-05', 0, 8, 'USD', 1, '1318.00', '1449.80', 'N', '', 2, '0000-00-00', '131.80', '0.00'),
(124, 'SBP000780215', '2015-02-05', 253, 'BL/15/02/2015', '2015-02-05', 0, 8, 'USD', 1, '282.00', '310.20', 'N', '', 2, '0000-00-00', '28.20', '0.00'),
(125, 'SBP000790215', '2015-02-05', 22, 'L/103087', '2015-02-05', 0, 8, 'USD', 1, '4500.00', '4950.00', 'N', '', 2, '0000-00-00', '450.00', '0.00'),
(126, 'SBP000800215', '2015-02-06', 263, '013/DKI-05/02/2015', '2015-02-06', 0, 8, 'USD', 1, '392.00', '431.20', 'N', '', 2, '0000-00-00', '39.20', '0.00'),
(127, 'SBP000810215', '2015-02-06', 161, '6', '2015-02-06', 0, 8, 'USD', 1, '1400.00', '1540.00', 'N', '', 2, '0000-00-00', '140.00', '0.00'),
(128, 'SBP000820215', '2015-02-06', 157, 'AM1502110', '2015-02-06', 0, 8, 'USD', 1, '6820.00', '7502.00', 'N', '', 2, '0000-00-00', '682.00', '0.00'),
(129, 'SBP000830215', '2015-02-06', 95, '602', '2015-02-06', 0, 8, 'USD', 1, '1900.00', '2090.00', 'N', '', 2, '0000-00-00', '190.00', '0.00'),
(130, 'SBP000840215', '2015-02-09', 59, '902', '2015-02-09', 0, 8, 'USD', 1, '690.00', '759.00', 'N', '', 2, '0000-00-00', '69.00', '0.00'),
(131, 'SBP000850215', '2015-02-09', 14, '351699', '2015-02-09', 0, 8, 'USD', 1, '1854.00', '2039.40', 'N', '', 2, '0000-00-00', '185.40', '0.00'),
(132, 'SBP000860215', '2015-02-09', 185, '902', '2015-02-09', 0, 8, 'USD', 1, '4096.00', '4505.60', 'N', '', 2, '0000-00-00', '409.60', '0.00'),
(133, 'SBP000870215', '2015-02-10', 161, '1002', '2015-02-10', 0, 8, 'USD', 1, '880.00', '968.00', 'N', '', 2, '0000-00-00', '88.00', '0.00'),
(134, 'SBP000880215', '2015-02-10', 98, '1002', '2015-02-10', 0, 8, 'IDR', 1, '7196904.00', '7916594.40', 'N', '', 2, '0000-00-00', '719690.40', '0.00'),
(135, 'SBP000890215', '2015-02-10', 263, '014/DKI-10/02/2015', '2015-02-10', 0, 8, 'USD', 1, '680.60', '748.66', 'N', '', 2, '0000-00-00', '68.06', '0.00'),
(136, 'SBP000900215', '2015-02-10', 14, '353581', '2015-02-10', 0, 8, 'USD', 1, '18990.00', '20889.00', 'N', '', 2, '0000-00-00', '1899.00', '0.00'),
(137, 'SBP000910215', '2015-02-11', 9, 'PO-PFAC15/02/088', '2015-02-11', 0, 8, 'USD', 1, '420.00', '462.00', 'N', '', 2, '0000-00-00', '42.00', '0.00'),
(138, 'SBP000920215', '2015-02-11', 59, '1102', '2015-02-11', 0, 8, 'USD', 1, '792.00', '871.20', 'N', '', 2, '0000-00-00', '79.20', '0.00'),
(139, 'SBP000930215', '2015-02-11', 48, '1102', '2015-02-11', 0, 8, 'USD', 1, '628.00', '690.80', 'N', '', 2, '0000-00-00', '62.80', '0.00'),
(140, 'SBP000940215', '2015-02-12', 185, '1202', '2015-02-12', 0, 8, 'USD', 1, '1211.20', '1332.32', 'N', '', 2, '0000-00-00', '121.12', '0.00'),
(141, 'SBP000950215', '2015-02-12', 48, '1202', '2015-02-12', 0, 8, 'USD', 1, '628.00', '690.80', 'N', '', 2, '0000-00-00', '62.80', '0.00'),
(142, 'SBP000960215', '2015-02-12', 224, '1205', '2015-02-12', 0, 8, 'USD', 1, '2056.00', '2261.60', 'N', '', 2, '0000-00-00', '205.60', '0.00'),
(143, 'SBP000970215', '2015-02-12', 59, '1202', '2015-02-12', 0, 8, 'USD', 1, '1725.00', '1897.50', 'N', '', 2, '0000-00-00', '172.50', '0.00'),
(144, 'SBP000980215', '2015-02-12', 294, 'CBAL-POI:215-0002', '2015-02-12', 0, 8, 'USD', 1, '70.00', '77.00', 'N', '', 2, '0000-00-00', '7.00', '0.00'),
(145, 'SBP000990215', '2015-02-12', 255, 'POOL15021002', '2015-02-12', 0, 8, 'USD', 1, '7133.00', '7846.30', 'N', '', 2, '0000-00-00', '713.30', '0.00'),
(146, 'SBP001000215', '2015-02-13', 161, '1302', '2015-02-13', 0, 8, 'USD', 1, '380.00', '418.00', 'N', '', 2, '0000-00-00', '38.00', '0.00'),
(147, 'SBP001010215', '2015-02-13', 185, '1302', '2015-02-13', 0, 8, 'USD', 1, '1491.20', '1640.32', 'N', '', 2, '0000-00-00', '149.12', '0.00'),
(148, 'SBP001020215', '2015-02-13', 161, '1302', '2015-02-13', 0, 8, 'USD', 1, '820.00', '902.00', 'N', '', 2, '0000-00-00', '82.00', '0.00'),
(149, 'SBP001030215', '2015-02-13', 16, 'PO15/02/0101', '2015-02-13', 0, 8, 'USD', 1, '1200.00', '1320.00', 'N', '', 2, '0000-00-00', '120.00', '0.00'),
(150, 'SBP001040215', '2015-02-13', 95, '1302', '2015-02-13', 0, 8, 'USD', 1, '1900.00', '2090.00', 'N', '', 2, '0000-00-00', '190.00', '0.00'),
(151, 'SBP001050215', '2015-02-16', 40, 'SW-0250215', '2015-02-16', 0, 8, 'USD', 1, '1520.00', '1672.00', 'N', '', 2, '0000-00-00', '152.00', '0.00'),
(152, 'SBP001060215', '2015-02-16', 22, 'L/103273', '2015-02-16', 0, 8, 'USD', 1, '1055.00', '1160.50', 'N', '', 2, '0000-00-00', '105.50', '0.00'),
(153, 'SBP001070215', '2015-02-16', 253, 'BL15/02/0079', '2015-02-16', 0, 8, 'USD', 1, '1040.00', '1144.00', 'N', '', 2, '0000-00-00', '104.00', '0.00'),
(154, 'SBP001080215', '2015-02-16', 41, '15056', '2015-02-16', 0, 8, 'USD', 1, '1632.00', '1795.20', 'N', '', 2, '0000-00-00', '163.20', '0.00'),
(155, 'SBP001090215', '2015-02-16', 263, '017/DKI-16/02/2015', '2015-02-16', 0, 8, 'USD', 1, '313.60', '344.96', 'N', '', 2, '0000-00-00', '31.36', '0.00'),
(156, 'SBP001100215', '2015-02-17', 224, 'IG.0160215-2', '2015-02-17', 0, 8, 'USD', 1, '2718.00', '2989.80', 'N', '', 2, '0000-00-00', '271.80', '0.00'),
(157, 'SBP001110215', '2015-02-17', 161, '1702', '2015-02-17', 0, 8, 'USD', 1, '1180.00', '1298.00', 'N', '', 2, '0000-00-00', '118.00', '0.00'),
(158, 'SBP001120215', '2015-02-17', 6, '1702', '2015-02-17', 0, 8, 'IDR', 1, '5407000.00', '5947700.00', 'N', '', 2, '0000-00-00', '540700.00', '0.00'),
(159, 'SBP001130215', '2015-02-17', 6, '1702', '2015-02-17', 0, 8, 'USD', 1, '600.00', '660.00', 'N', '', 2, '0000-00-00', '60.00', '0.00'),
(160, 'SBP001140215', '2015-02-18', 253, 'BL/15/02/0083', '2015-02-18', 0, 8, 'USD', 1, '760.00', '836.00', 'N', '', 2, '0000-00-00', '76.00', '0.00'),
(161, 'SBP001150215', '2015-02-18', 28, '018/PB/02/15', '2015-02-18', 0, 8, 'IDR', 1, '2700000.00', '2970000.00', 'N', '', 2, '0000-00-00', '270000.00', '0.00'),
(162, 'SBP001160215', '2015-02-18', 28, '018/PB/02/15', '2015-02-18', 0, 8, 'USD', 1, '1680.00', '1848.00', 'N', '', 2, '0000-00-00', '168.00', '0.00'),
(163, 'SBP001170215', '2015-02-18', 252, '1802', '2015-02-18', 0, 8, 'IDR', 1, '8192000.00', '9011200.00', 'N', '', 2, '0000-00-00', '819200.00', '0.00'),
(164, 'SBP001180215', '2015-02-20', 224, 'IG.0170215-2', '2015-02-20', 0, 8, 'USD', 1, '1916.00', '2107.60', 'N', '', 2, '0000-00-00', '191.60', '0.00'),
(165, 'SBP001190215', '2015-02-20', 224, 'IG.0200215-3', '2015-02-20', 0, 8, 'USD', 1, '1196.00', '1315.60', 'N', '', 2, '0000-00-00', '119.60', '0.00'),
(166, 'SBP001200215', '2015-02-20', 161, '2002', '2015-02-20', 0, 8, 'USD', 1, '1180.00', '1298.00', 'N', '', 2, '0000-00-00', '118.00', '0.00'),
(167, 'SBP001210215', '2015-02-20', 6, '2002', '2015-02-20', 0, 8, 'USD', 1, '240.00', '264.00', 'N', '', 2, '0000-00-00', '24.00', '0.00'),
(168, 'SBP001220215', '2015-02-23', 255, 'POOL15021301', '2015-02-23', 0, 8, 'USD', 1, '4033.00', '4436.30', 'N', '', 2, '0000-00-00', '403.30', '0.00'),
(169, 'SBP001230215', '2015-02-23', 229, '01/DTI/II/BPW/2015', '2015-02-23', 0, 8, 'USD', 1, '430.00', '473.00', 'N', '', 2, '0000-00-00', '43.00', '0.00'),
(170, 'SBP001240215', '2015-02-23', 190, '2015/ECT/024', '2015-02-23', 0, 8, 'USD', 1, '282.00', '310.20', 'N', '', 2, '0000-00-00', '28.20', '0.00'),
(171, 'SBP001250215', '2015-02-23', 41, '15105', '2015-02-23', 0, 8, 'USD', 1, '864.00', '950.40', 'N', '', 2, '0000-00-00', '86.40', '0.00'),
(172, 'SBP001260215', '2015-02-24', 224, 'IG.0230215-5', '2015-02-24', 0, 8, 'USD', 1, '3957.50', '4353.25', 'N', '', 2, '0000-00-00', '395.75', '0.00'),
(173, 'SBP001270215', '2015-02-24', 95, '2402', '2015-02-24', 0, 8, 'USD', 1, '1900.00', '2090.00', 'N', '', 2, '0000-00-00', '190.00', '0.00'),
(174, 'SBP001280215', '2015-02-24', 161, '2402', '2015-02-24', 0, 8, 'USD', 1, '1320.00', '1452.00', 'N', '', 2, '0000-00-00', '132.00', '0.00'),
(175, 'SBP001290215', '2015-02-24', 253, 'BL/15/02/0102', '2015-02-24', 0, 8, 'USD', 1, '51.00', '56.10', 'N', '', 2, '0000-00-00', '5.10', '0.00'),
(176, 'SBP001300215', '2015-02-24', 255, 'POOL15022401', '2015-02-24', 0, 8, 'USD', 1, '8066.00', '8872.60', 'N', '', 2, '0000-00-00', '806.60', '0.00'),
(177, 'SBP001310215', '2015-02-25', 185, '2502', '2015-02-25', 0, 8, 'USD', 1, '2793.60', '3072.96', 'N', '', 2, '0000-00-00', '279.36', '0.00'),
(178, 'SBP001320215', '2015-02-25', 161, '2502', '2015-02-25', 0, 8, 'USD', 1, '1180.00', '1298.00', 'N', '', 2, '0000-00-00', '118.00', '0.00'),
(179, 'SBP001330215', '2015-02-25', 224, 'IG.02040215-1', '2015-02-25', 0, 8, 'USD', 1, '2654.00', '2919.40', 'N', '', 2, '0000-00-00', '265.40', '0.00'),
(180, 'SBP001340215', '2015-02-25', 229, '02/DTI/II/BPW/2015', '2015-02-25', 0, 8, 'USD', 1, '90.00', '99.00', 'N', '', 2, '0000-00-00', '9.00', '0.00'),
(181, 'SBP001350215', '2015-02-25', 263, '022/DKI-25/02/2015', '2015-02-25', 0, 8, 'IDR', 1, '1345000.00', '1479500.00', 'N', '', 2, '0000-00-00', '134500.00', '0.00'),
(182, 'SBP001360215', '2015-02-25', 263, '023/DKI-25/02/2015', '2015-02-25', 0, 8, 'USD', 1, '964.00', '1060.40', 'N', '', 2, '0000-00-00', '96.40', '0.00'),
(183, 'SBP001370215', '2015-02-26', 263, '23', '2015-02-26', 0, 8, 'USD', 1, '636.00', '699.60', 'N', '', 2, '0000-00-00', '63.60', '0.00'),
(184, 'SBP001380215', '2015-02-27', 253, 'BL/15/02/0111', '2015-02-27', 0, 8, 'USD', 1, '1040.00', '1144.00', 'N', '', 2, '0000-00-00', '104.00', '0.00'),
(185, 'SBP001390215', '2015-02-27', 6, '2702', '2015-02-27', 0, 8, 'USD', 1, '240.00', '264.00', 'N', '', 2, '0000-00-00', '24.00', '0.00'),
(186, 'SBP001400215', '2015-02-27', 6, '2702', '2015-02-27', 0, 8, 'IDR', 1, '1407000.00', '1547700.00', 'N', '', 2, '0000-00-00', '140700.00', '0.00'),
(187, 'SBP001410215', '2015-02-27', 161, '2702', '2015-02-27', 0, 8, 'USD', 1, '780.00', '858.00', 'N', '', 2, '0000-00-00', '78.00', '0.00'),
(188, 'SBP001420215', '2015-02-27', 16, 'PO15/02/0137', '2015-02-27', 0, 8, 'USD', 1, '5087.50', '5596.25', 'N', '', 2, '0000-00-00', '508.75', '0.00'),
(189, 'SBP001430215', '2015-02-27', 16, 'PO15/02/0136', '2015-02-27', 0, 8, 'USD', 1, '7680.00', '8448.00', 'N', '', 2, '0000-00-00', '768.00', '0.00'),
(190, 'SBP001440215', '2015-02-27', 255, 'POOL15022501', '2015-02-27', 0, 8, 'USD', 1, '8066.00', '8872.60', 'N', '', 2, '0000-00-00', '806.60', '0.00'),
(191, 'SBP001450215', '2015-02-27', 255, 'POOL15022601', '2015-02-27', 0, 8, 'IDR', 1, '3880000.00', '4268000.00', 'N', '', 2, '0000-00-00', '388000.00', '0.00'),
(192, 'SBP001460315', '2015-03-02', 161, 'IJI:0020315-2', '2015-03-02', 0, 8, 'USD', 1, '2190.00', '2409.00', 'N', '', 2, '0000-00-00', '219.00', '0.00'),
(193, 'SBP001470315', '2015-03-03', 224, '303', '2015-03-03', 0, 8, 'USD', 1, '7793.50', '8572.85', 'N', '', 2, '0000-00-00', '779.35', '0.00'),
(194, 'SBP001480315', '2015-03-03', 263, '024/DKI-02/03/2015', '2015-03-03', 0, 8, 'USD', 1, '132.00', '145.20', 'N', '', 2, '0000-00-00', '13.20', '0.00'),
(195, 'SBP001490315', '2015-03-03', 48, '303', '2015-03-03', 0, 8, 'USD', 1, '628.00', '690.80', 'N', '', 2, '0000-00-00', '62.80', '0.00'),
(196, 'SBP001500315', '2015-03-03', 253, 'BL/15/03/0119', '2015-03-03', 0, 8, 'USD', 1, '1980.00', '2178.00', 'N', '', 2, '0000-00-00', '198.00', '0.00'),
(197, 'SBP001510315', '2015-03-04', 208, '005/SHJ-PO/III/2015', '2015-03-04', 0, 8, 'USD', 1, '3090.50', '3399.55', 'N', '', 2, '0000-00-00', '309.05', '0.00'),
(198, 'SBP001520315', '2015-03-04', 208, '005/SHJ-PO/III/2015', '2015-03-04', 0, 8, 'IDR', 1, '9000000.00', '9900000.00', 'N', '', 2, '0000-00-00', '900000.00', '0.00'),
(199, 'SBP001530315', '2015-03-04', 161, '403', '2015-03-04', 0, 8, 'USD', 1, '1710.00', '1881.00', 'N', '', 2, '0000-00-00', '171.00', '0.00'),
(200, 'SBP001540315', '2015-03-04', 224, 'IG.0030315-3', '2015-03-04', 0, 8, 'USD', 1, '4328.00', '4760.80', 'N', '', 2, '0000-00-00', '432.80', '0.00'),
(201, 'SBP001550315', '2015-03-04', 255, 'POOL15030201', '2015-03-04', 0, 8, 'USD', 1, '800.00', '880.00', 'N', '', 2, '0000-00-00', '80.00', '0.00'),
(202, 'SBP001560315', '2015-03-04', 255, 'POOL15022604', '2015-03-04', 0, 8, 'USD', 1, '32264.00', '35490.40', 'N', '', 2, '0000-00-00', '3226.40', '0.00'),
(203, 'SBP001570315', '2015-03-04', 14, '356658', '2015-03-04', 0, 8, 'USD', 1, '4740.00', '5214.00', 'N', '', 2, '0000-00-00', '474.00', '0.00'),
(204, 'SBP001580315', '2015-03-05', 6, '503', '2015-03-05', 0, 8, 'USD', 1, '600.00', '660.00', 'N', '', 2, '0000-00-00', '60.00', '0.00'),
(205, 'SBP001590315', '2015-03-05', 6, '503', '2015-03-05', 0, 8, 'IDR', 1, '6407000.00', '7047700.00', 'N', '', 2, '0000-00-00', '640700.00', '0.00'),
(206, 'SBP001600315', '2015-03-05', 59, '503', '2015-03-05', 0, 8, 'USD', 1, '633.60', '696.96', 'N', '', 2, '0000-00-00', '63.36', '0.00'),
(207, 'SBP001610315', '2015-03-05', 161, '503', '2015-03-05', 0, 8, 'USD', 1, '3200.00', '3520.00', 'N', '', 2, '0000-00-00', '320.00', '0.00'),
(208, 'SBP001620315', '2015-03-09', 185, '903', '2015-03-09', 0, 8, 'USD', 1, '1582.40', '1740.64', 'N', '', 2, '0000-00-00', '158.24', '0.00'),
(209, 'SBP001630315', '2015-03-09', 95, '903', '2015-03-09', 0, 8, 'USD', 1, '1900.00', '2090.00', 'N', '', 2, '0000-00-00', '190.00', '0.00'),
(210, 'SBP001640315', '2015-03-09', 39, '010/SP/LOK/II/15', '2015-03-09', 0, 8, 'IDR', 1, '6450000.00', '7095000.00', 'N', '', 2, '0000-00-00', '645000.00', '0.00'),
(211, 'SBP001650315', '2015-03-09', 40, 'SW-0030315', '2015-03-09', 0, 8, 'USD', 1, '1520.00', '1672.00', 'N', '', 2, '0000-00-00', '152.00', '0.00'),
(212, 'SBP001660315', '2015-03-09', 190, '2015/ECT/031', '2015-03-09', 0, 8, 'USD', 1, '282.00', '310.20', 'N', '', 2, '0000-00-00', '28.20', '0.00'),
(213, 'SBP001670315', '2015-03-09', 22, 'L/103669', '2015-03-09', 0, 8, 'USD', 1, '4055.00', '4460.50', 'N', '', 2, '0000-00-00', '405.50', '0.00'),
(214, 'SBP001680315', '2015-03-09', 22, 'L/103692', '2015-03-09', 0, 8, 'USD', 1, '245.00', '269.50', 'N', '', 2, '0000-00-00', '24.50', '0.00'),
(215, 'SBP001690315', '2015-03-10', 224, 'IG.0090315-3', '2015-03-10', 0, 8, 'USD', 1, '1290.00', '1419.00', 'N', '', 2, '0000-00-00', '129.00', '0.00'),
(216, 'SBP001700315', '2015-03-10', 161, 'IJI:0100315-2', '2015-03-10', 0, 8, 'USD', 1, '1160.00', '1276.00', 'N', '', 2, '0000-00-00', '116.00', '0.00'),
(217, 'SBP001710315', '2015-03-10', 185, '1003', '2015-03-10', 0, 8, 'USD', 1, '2702.40', '2972.64', 'N', '', 2, '0000-00-00', '270.24', '0.00'),
(218, 'SBP001720315', '2015-03-10', 6, '1003', '2015-03-10', 0, 8, 'IDR', 1, '4454500.00', '4899950.00', 'N', '', 2, '0000-00-00', '445450.00', '0.00'),
(219, 'SBP001730315', '2015-03-10', 6, '1003', '2015-03-10', 0, 8, 'USD', 1, '300.00', '330.00', 'N', '', 2, '0000-00-00', '30.00', '0.00'),
(220, 'SBP001740315', '2015-03-10', 157, 'AM1503214', '2015-03-10', 0, 8, 'USD', 1, '3410.00', '3751.00', 'N', '', 2, '0000-00-00', '341.00', '0.00'),
(221, 'SBP001750315', '2015-03-10', 185, '1003', '2015-03-10', 0, 8, 'USD', 1, '1302.40', '1432.64', 'N', '', 2, '0000-00-00', '130.24', '0.00'),
(222, 'SBP001760315', '2015-03-11', 95, '1103', '2015-03-11', 0, 8, 'IDR', 1, '15000000.00', '16500000.00', 'N', '', 2, '0000-00-00', '1500000.00', '0.00'),
(223, 'SBP001770315', '2015-03-11', 14, '357516', '2015-03-11', 0, 8, 'USD', 1, '18990.00', '20889.00', 'N', '', 2, '0000-00-00', '1899.00', '0.00'),
(224, 'SBP001780315', '2015-03-12', 16, 'PO15/03/0179', '2015-03-12', 0, 8, 'USD', 1, '600.00', '660.00', 'N', '', 2, '0000-00-00', '60.00', '0.00'),
(225, 'SBP001790315', '2015-03-12', 16, 'PO15/03/0171', '2015-03-12', 0, 8, 'USD', 1, '2796.50', '3076.15', 'N', '', 2, '0000-00-00', '279.65', '0.00'),
(226, 'SBP001800315', '2015-03-12', 185, '1203', '2015-03-12', 0, 8, 'USD', 1, '1491.20', '1640.32', 'N', '', 2, '0000-00-00', '149.12', '0.00'),
(227, 'SBP001810315', '2015-03-12', 48, '1203', '2015-03-12', 0, 8, 'USD', 1, '858.00', '943.80', 'N', '', 2, '0000-00-00', '85.80', '0.00'),
(228, 'SBP001820315', '2015-03-12', 224, 'IG.0120315-2', '2015-03-12', 0, 8, 'USD', 1, '5270.00', '5797.00', 'N', '', 2, '0000-00-00', '527.00', '0.00'),
(229, 'SBP001830315', '2015-03-13', 253, 'BL/15/03/0143', '2015-03-13', 0, 8, 'USD', 1, '1571.00', '1728.10', 'N', '', 2, '0000-00-00', '157.10', '0.00'),
(230, 'SBP001840315', '2015-03-13', 96, '170/TT/III/2015', '2015-03-13', 0, 8, 'USD', 1, '125.00', '137.50', 'N', '', 2, '0000-00-00', '12.50', '0.00'),
(231, 'SBP001850315', '2015-03-13', 59, '1303', '2015-03-13', 0, 8, 'USD', 1, '1725.00', '1897.50', 'N', '', 2, '0000-00-00', '172.50', '0.00'),
(232, 'SBP001860315', '2015-03-16', 161, '1603', '2015-03-16', 0, 8, 'USD', 1, '918.00', '1009.80', 'N', '', 2, '0000-00-00', '91.80', '0.00'),
(233, 'SBP001870315', '2015-03-16', 263, '030/DKI-16/03/2015', '2015-03-16', 0, 8, 'USD', 1, '454.00', '499.40', 'N', '', 2, '0000-00-00', '45.40', '0.00'),
(234, 'SBP001880315', '2015-03-16', 263, '029/DKI-16/03/2015', '2015-03-16', 0, 8, 'IDR', 1, '750000.00', '825000.00', 'N', '', 2, '0000-00-00', '75000.00', '0.00'),
(235, 'SBP001890315', '2015-03-16', 6, '1603', '2015-03-16', 0, 8, 'USD', 1, '143.75', '158.13', 'N', '', 2, '0000-00-00', '14.38', '0.00'),
(236, 'SBP001900315', '2015-03-16', 224, 'IG.0130315-3', '2015-03-16', 0, 8, 'USD', 1, '310.00', '341.00', 'N', '', 2, '0000-00-00', '31.00', '0.00'),
(237, 'SBP001910315', '2015-03-16', 255, 'POOL15031201', '2015-03-16', 0, 8, 'USD', 1, '1678.00', '1845.80', 'N', '', 2, '0000-00-00', '167.80', '0.00'),
(238, 'SBP001920315', '2015-03-17', 161, '1703', '2015-03-17', 0, 8, 'USD', 1, '1400.00', '1540.00', 'N', '', 2, '0000-00-00', '140.00', '0.00'),
(239, 'SBP001930315', '2015-03-17', 48, '1703', '2015-03-17', 0, 8, 'USD', 1, '628.00', '690.80', 'N', '', 2, '0000-00-00', '62.80', '0.00'),
(240, 'SBP001940315', '2015-03-18', 14, '357522', '2015-03-18', 0, 8, 'USD', 1, '3160.00', '3476.00', 'N', '', 2, '0000-00-00', '316.00', '0.00'),
(241, 'SBP001950315', '2015-03-18', 6, '1803', '2015-03-18', 0, 8, 'IDR', 1, '1407000.00', '1547700.00', 'N', '', 2, '0000-00-00', '140700.00', '0.00'),
(242, 'SBP001960315', '2015-03-18', 41, '15300', '2015-03-18', 0, 8, 'USD', 1, '1344.00', '1478.40', 'N', '', 2, '0000-00-00', '134.40', '0.00'),
(243, 'SBP001970315', '2015-03-18', 28, '017/PO/III/2015', '2015-03-18', 0, 8, 'USD', 1, '1060.00', '1166.00', 'N', '', 2, '0000-00-00', '106.00', '0.00'),
(244, 'SBP001980315', '2015-03-18', 28, '017/PO/III/2015', '2015-03-18', 0, 8, 'IDR', 1, '2160000.00', '2376000.00', 'N', '', 2, '0000-00-00', '216000.00', '0.00'),
(245, 'SBP001990315', '2015-03-19', 156, '056/HS/III/15', '2015-03-19', 0, 8, 'USD', 1, '880.00', '968.00', 'N', '', 2, '0000-00-00', '88.00', '0.00'),
(246, 'SBP002000315', '2015-03-19', 190, '2015/ECT/042', '2015-03-19', 0, 8, 'USD', 1, '564.00', '620.40', 'N', '', 2, '0000-00-00', '56.40', '0.00'),
(247, 'SBP002010315', '2015-03-19', 224, 'IG.0190315-1', '2015-03-19', 0, 8, 'USD', 1, '3379.00', '3716.90', 'N', '', 2, '0000-00-00', '337.90', '0.00'),
(248, 'SBP002020315', '2015-03-19', 161, '1903', '2015-03-19', 0, 8, 'USD', 1, '2107.50', '2318.25', 'N', '', 2, '0000-00-00', '210.75', '0.00'),
(249, 'SBP002030315', '2015-03-23', 6, '2303', '2015-03-23', 0, 8, 'USD', 1, '480.00', '528.00', 'N', '', 2, '0000-00-00', '48.00', '0.00'),
(250, 'SBP002040315', '2015-03-23', 185, '2303', '2015-03-23', 0, 8, 'USD', 1, '8752.00', '9627.20', 'N', '', 2, '0000-00-00', '875.20', '0.00'),
(251, 'SBP002050315', '2015-03-23', 216, '210081', '2015-03-23', 0, 8, 'USD', 1, '170.00', '187.00', 'N', '', 2, '0000-00-00', '17.00', '0.00'),
(252, 'SBP002060315', '2015-03-23', 16, 'PO15/03/0213', '2015-03-23', 0, 8, 'USD', 1, '600.00', '660.00', 'N', '', 2, '0000-00-00', '60.00', '0.00'),
(253, 'SBP002070315', '2015-03-24', 161, '2403', '2015-03-24', 0, 8, 'USD', 1, '790.00', '869.00', 'N', '', 2, '0000-00-00', '79.00', '0.00'),
(254, 'SBP002080315', '2015-03-25', 224, '0240315-2', '2015-03-25', 0, 8, 'USD', 1, '3844.00', '4228.40', 'N', '', 2, '0000-00-00', '384.40', '0.00'),
(255, 'SBP002090315', '2015-03-25', 141, '2503', '2015-03-25', 0, 8, 'USD', 1, '302.50', '332.75', 'N', '', 2, '0000-00-00', '30.25', '0.00'),
(256, 'SBP002100315', '2015-03-26', 263, '033/DKI-26/03/2015', '2015-03-26', 0, 8, 'USD', 1, '328.00', '360.80', 'N', '', 2, '0000-00-00', '32.80', '0.00'),
(257, 'SBP002110315', '2015-03-26', 253, 'BL/15/03/0162', '2015-03-26', 0, 8, 'USD', 1, '1040.00', '1144.00', 'N', '', 2, '0000-00-00', '104.00', '0.00'),
(258, 'SBP002120315', '2015-03-26', 95, '2603', '2015-03-26', 0, 8, 'USD', 1, '1900.00', '2090.00', 'N', '', 2, '0000-00-00', '190.00', '0.00'),
(259, 'SBP002160315', '2015-03-26', 185, '2603', '2015-03-26', 0, 8, 'USD', 1, '2793.60', '3072.96', 'N', '', 2, '0000-00-00', '279.36', '0.00'),
(260, 'SBP002130315', '2015-03-27', 185, '2703', '2015-03-27', 0, 8, 'USD', 1, '2152.40', '2367.64', 'N', '', 2, '0000-00-00', '215.24', '0.00'),
(261, 'SBP002140315', '2015-03-27', 161, '2703', '2015-03-27', 0, 8, 'USD', 1, '1100.00', '1210.00', 'N', '', 2, '0000-00-00', '110.00', '0.00'),
(262, 'SBP002150315', '2015-03-27', 6, '2703', '2015-03-27', 0, 8, 'IDR', 1, '2814000.00', '3095400.00', 'N', '', 2, '0000-00-00', '281400.00', '0.00'),
(263, 'SBP002170315', '2015-03-31', 22, 'L/104086', '2015-03-31', 0, 8, 'USD', 1, '942.00', '1036.20', 'N', '', 2, '0000-00-00', '94.20', '0.00'),
(264, 'SBP002180315', '2015-03-31', 16, 'PO15/03/0244', '2015-03-31', 0, 8, 'USD', 1, '600.00', '660.00', 'N', '', 2, '0000-00-00', '60.00', '0.00'),
(265, 'SBP002190315', '2015-03-31', 252, '3103', '2015-03-31', 0, 8, 'IDR', 1, '6691840.00', '7361024.00', 'N', '', 2, '0000-00-00', '669184.00', '0.00'),
(266, 'SBP002200315', '2015-03-31', 224, 'IG.0300315-2', '2015-03-31', 0, 8, 'USD', 1, '2155.00', '2370.50', 'N', '', 2, '0000-00-00', '215.50', '0.00'),
(267, 'SBP002210315', '2015-03-31', 59, '3103', '2015-03-31', 0, 8, 'USD', 1, '672.70', '739.97', 'N', '', 2, '0000-00-00', '67.27', '0.00'),
(268, 'SBP002220315', '2015-03-31', 208, '011/SHJ-PO/IV/2015', '2015-03-31', 0, 8, 'USD', 1, '3365.00', '3701.50', 'N', '', 2, '0000-00-00', '336.50', '0.00'),
(269, 'SBP002230315', '2015-03-31', 190, '2015/ECT/049', '2015-03-31', 0, 8, 'USD', 1, '710.00', '781.00', 'N', '', 2, '0000-00-00', '71.00', '0.00'),
(270, 'SBP002240315', '2015-03-31', 95, '3103', '2015-03-31', 0, 8, 'USD', 1, '1900.00', '2090.00', 'N', '', 2, '0000-00-00', '190.00', '0.00'),
(271, 'SBP002250415', '2015-04-02', 40, 'sw-0030415', '2015-04-02', 0, 8, 'USD', 1, '1520.00', '1672.00', 'N', '', 2, '0000-00-00', '152.00', '0.00'),
(272, 'SBP002260415', '2015-04-02', 161, '204', '2015-04-02', 0, 8, 'USD', 1, '1280.00', '1408.00', 'N', '', 2, '0000-00-00', '128.00', '0.00'),
(273, 'SBP002270415', '2015-04-02', 161, '204', '2015-04-02', 0, 8, 'USD', 1, '688.00', '756.80', 'N', '', 2, '0000-00-00', '68.80', '0.00'),
(274, 'SBP002280415', '2015-04-07', 208, '011/SHJ-PO/IV/2015', '2015-04-07', 0, 8, 'USD', 1, '3365.00', '3701.50', 'N', '', 2, '0000-00-00', '336.50', '0.00'),
(275, 'SBP002290415', '2015-04-07', 255, 'POOL15040901', '2015-04-07', 0, 8, 'IDR', 1, '1200000.00', '1320000.00', 'N', '', 2, '0000-00-00', '120000.00', '0.00'),
(276, 'SBP002300415', '2015-04-07', 255, 'POOL15040101', '2015-04-07', 0, 8, 'USD', 1, '1806.00', '1986.60', 'N', '', 2, '0000-00-00', '180.60', '0.00'),
(277, 'SBP002310415', '2015-04-07', 255, 'POOL15040701', '2015-04-07', 0, 8, 'USD', 1, '15362.50', '16898.75', 'N', '', 2, '0000-00-00', '1536.25', '0.00'),
(278, 'SBP002320415', '2015-04-07', 48, '704', '2015-04-07', 0, 8, 'USD', 1, '898.00', '987.80', 'N', '', 2, '0000-00-00', '89.80', '0.00'),
(279, 'SBP002330415', '2015-04-07', 161, '704', '2015-04-07', 0, 8, 'USD', 1, '2278.00', '2505.80', 'N', '', 2, '0000-00-00', '227.80', '0.00'),
(280, 'SBP002340415', '2015-04-07', 224, '704', '2015-04-07', 0, 8, 'USD', 1, '3658.00', '4023.80', 'N', '', 2, '0000-00-00', '365.80', '0.00'),
(281, 'SBP002350415', '2015-04-07', 3, '704', '2015-04-07', 0, 8, 'USD', 1, '360.00', '396.00', 'N', '', 2, '0000-00-00', '36.00', '0.00'),
(282, 'SBP002360415', '2015-04-09', 185, '904', '2015-04-09', 0, 8, 'USD', 1, '5343.20', '5877.52', 'N', '', 2, '0000-00-00', '534.32', '0.00'),
(283, 'SBP002370415', '2015-04-09', 255, 'POOL15040702', '2015-04-09', 0, 8, 'USD', 1, '560.00', '616.00', 'N', '', 2, '0000-00-00', '56.00', '0.00'),
(284, 'SBP002380415', '2015-04-09', 16, '15/04/0261', '2015-04-09', 0, 8, 'USD', 1, '3300.00', '3630.00', 'N', '', 2, '0000-00-00', '330.00', '0.00'),
(285, 'SBP002390415', '2015-04-10', 190, '2015/ECT/054', '2015-04-10', 0, 8, 'USD', 1, '564.00', '620.40', 'N', '', 2, '0000-00-00', '56.40', '0.00'),
(286, 'SBP002400415', '2015-04-13', 224, 'IG.0100415-2', '2015-04-13', 0, 8, 'USD', 1, '4956.00', '5451.60', 'N', '', 2, '0000-00-00', '495.60', '0.00'),
(287, 'SBP002410415', '2015-04-13', 263, '039/DKI-10/04/2015', '2015-04-13', 0, 8, 'IDR', 1, '1500000.00', '1650000.00', 'N', '', 2, '0000-00-00', '150000.00', '0.00'),
(288, 'SBP002420415', '2015-04-13', 161, '1304', '2015-04-13', 0, 8, 'USD', 1, '2030.00', '2233.00', 'N', '', 2, '0000-00-00', '203.00', '0.00'),
(289, 'SBP002430415', '2015-04-14', 22, 'L/104331', '2015-04-14', 0, 8, 'USD', 1, '564.00', '620.40', 'N', '', 2, '0000-00-00', '56.40', '0.00'),
(290, 'SBP002440415', '2015-04-14', 39, '042/SP/LOK/IV/15', '2015-04-14', 0, 8, 'IDR', 1, '6450000.00', '7095000.00', 'N', '', 2, '0000-00-00', '645000.00', '0.00'),
(291, 'SBP002450415', '2015-04-15', 185, '1504', '2015-04-15', 0, 8, 'USD', 1, '6196.00', '6815.60', 'N', '', 2, '0000-00-00', '619.60', '0.00'),
(292, 'SBP002460415', '2015-04-15', 255, 'POOL15040902', '2015-04-15', 0, 8, 'IDR', 1, '2080000.00', '2288000.00', 'N', '', 2, '0000-00-00', '208000.00', '0.00'),
(293, 'SBP002470415', '2015-04-15', 255, 'POOL15041401', '2015-04-15', 0, 8, 'USD', 1, '1904.00', '2094.40', 'N', '', 2, '0000-00-00', '190.40', '0.00'),
(294, 'SBP002480415', '2015-04-16', 95, '1604', '2015-04-16', 0, 8, 'USD', 1, '1900.00', '2090.00', 'N', '', 2, '0000-00-00', '190.00', '0.00'),
(295, 'SBP002490415', '2015-04-16', 6, '1604', '2015-04-16', 0, 8, 'IDR', 1, '7807000.00', '8587700.00', 'N', '', 2, '0000-00-00', '780700.00', '0.00'),
(296, 'SBP002500415', '2015-04-16', 255, 'POOL15041602', '2015-04-16', 0, 8, 'IDR', 1, '3960000.00', '4356000.00', 'N', '', 2, '0000-00-00', '396000.00', '0.00'),
(297, 'SBP002510415', '2015-04-17', 263, '044/DKI-17/10/2015', '2015-04-17', 0, 8, 'IDR', 1, '750000.00', '825000.00', 'N', '', 2, '0000-00-00', '75000.00', '0.00'),
(298, 'SBP002520415', '2015-04-17', 263, '043/DKI-17/10/2015', '2015-04-17', 0, 8, 'USD', 1, '170.00', '187.00', 'N', '', 2, '0000-00-00', '17.00', '0.00'),
(299, 'SBP002530415', '2015-04-17', 224, 'ig.0160415-2', '2015-04-17', 0, 8, 'USD', 1, '855.00', '940.50', 'N', '', 2, '0000-00-00', '85.50', '0.00'),
(300, 'SBP002540415', '2015-04-17', 28, '020/PB/IV/2015', '2015-04-17', 0, 8, 'IDR', 1, '2700000.00', '2970000.00', 'N', '', 2, '0000-00-00', '270000.00', '0.00'),
(301, 'SBP002550415', '2015-04-17', 28, '020/PB/IV/2015', '2015-04-17', 0, 8, 'USD', 1, '930.00', '1023.00', 'N', '', 2, '0000-00-00', '93.00', '0.00'),
(302, 'SBP002560415', '2015-04-17', 16, 'PO15/04/0296', '2015-04-17', 0, 8, 'USD', 1, '600.00', '660.00', 'N', '', 2, '0000-00-00', '60.00', '0.00'),
(303, 'SBP002570415', '2015-04-20', 255, 'POOL15041802', '2015-04-20', 0, 8, 'USD', 1, '480.00', '528.00', 'N', '', 2, '0000-00-00', '48.00', '0.00'),
(304, 'SBP002580415', '2015-04-20', 185, '2004', '2015-04-20', 0, 8, 'USD', 1, '420.00', '462.00', 'N', '', 2, '0000-00-00', '42.00', '0.00'),
(305, 'SBP002590415', '2015-04-20', 48, '2004', '2015-04-20', 0, 8, 'USD', 1, '314.00', '345.40', 'N', '', 2, '0000-00-00', '31.40', '0.00'),
(306, 'SBP002600415', '2015-04-20', 161, '2014', '2015-04-20', 0, 8, 'USD', 1, '660.00', '726.00', 'N', '', 2, '0000-00-00', '66.00', '0.00'),
(307, 'SBP002610415', '2015-04-20', 161, '2004', '2015-04-20', 0, 8, 'USD', 1, '720.00', '792.00', 'N', '', 2, '0000-00-00', '72.00', '0.00'),
(308, 'SBP002620415', '2015-04-20', 253, '2004', '2015-04-20', 0, 8, 'USD', 1, '204.00', '224.40', 'N', '', 2, '0000-00-00', '20.40', '0.00'),
(309, 'SBP002630415', '2015-04-21', 208, '02/SHJ-PO/V/2015', '2015-04-21', 0, 8, 'USD', 1, '4357.00', '4792.70', 'N', '', 2, '0000-00-00', '435.70', '0.00'),
(310, 'SBP002740415', '2015-04-21', 161, '2104', '2015-04-21', 0, 8, 'USD', 1, '620.00', '682.00', 'N', '', 2, '0000-00-00', '62.00', '0.00'),
(311, 'SBP002640415', '2015-04-22', 41, '15541', '2015-04-22', 0, 8, 'USD', 1, '1632.00', '1795.20', 'N', '', 2, '0000-00-00', '163.20', '0.00'),
(312, 'SBP002650415', '2015-04-22', 185, '2204', '2015-04-22', 0, 8, 'USD', 1, '6954.80', '7650.28', 'N', '', 2, '0000-00-00', '695.48', '0.00'),
(313, 'SBP002660415', '2015-04-24', 40, 'SW-0240415', '2015-04-24', 0, 8, 'USD', 1, '1900.00', '2090.00', 'N', '', 2, '0000-00-00', '190.00', '0.00'),
(314, 'SBP002670415', '2015-04-24', 156, '068/HS/IV/15', '2015-04-24', 0, 8, 'USD', 1, '2240.00', '2464.00', 'N', '', 2, '0000-00-00', '224.00', '0.00'),
(315, 'SBP002680415', '2015-04-24', 16, 'PO15/04/0318', '2015-04-24', 0, 8, 'USD', 1, '600.00', '660.00', 'N', '', 2, '0000-00-00', '60.00', '0.00'),
(316, 'SBP002690415', '2015-04-24', 14, '363760', '2015-04-24', 0, 8, 'USD', 1, '3982.00', '4380.20', 'N', '', 2, '0000-00-00', '398.20', '0.00'),
(317, 'SBP002700415', '2015-04-24', 190, '2015/ECT/065', '2015-04-24', 0, 8, 'USD', 1, '564.00', '620.40', 'N', '', 2, '0000-00-00', '56.40', '0.00'),
(318, 'SBP002710415', '2015-04-24', 161, 'IJI:0230115-4', '2015-04-24', 0, 8, 'USD', 1, '1280.00', '1408.00', 'N', '', 2, '0000-00-00', '128.00', '0.00'),
(319, 'SBP002720415', '2015-04-24', 253, 'BL/15/04/0231', '2015-04-24', 0, 8, 'USD', 1, '1040.00', '1144.00', 'N', '', 2, '0000-00-00', '104.00', '0.00'),
(320, 'SBP002730415', '2015-04-24', 263, '047/DKI-24/04/2015', '2015-04-24', 0, 8, 'IDR', 1, '6000000.00', '6600000.00', 'N', '', 2, '0000-00-00', '600000.00', '0.00'),
(321, 'SBP002750415', '2015-04-24', 48, '2404', '2015-04-24', 0, 8, 'USD', 1, '942.00', '1036.20', 'N', '', 2, '0000-00-00', '94.20', '0.00'),
(322, 'SBP002760415', '2015-04-27', 161, '2704', '2015-04-27', 0, 8, 'USD', 1, '1280.00', '1408.00', 'N', '', 2, '0000-00-00', '128.00', '0.00'),
(323, 'SBP002770415', '2015-04-27', 252, '2704', '2015-04-27', 0, 8, 'IDR', 1, '8284800.00', '9113280.00', 'N', '', 2, '0000-00-00', '828480.00', '0.00'),
(324, 'SBP002780415', '2015-04-28', 6, '2804', '2015-04-28', 0, 8, 'USD', 1, '480.00', '528.00', 'N', '', 2, '0000-00-00', '48.00', '0.00'),
(325, 'SBP002790415', '2015-04-28', 224, 'IG.0280415-5', '2015-04-28', 0, 8, 'USD', 1, '2624.00', '2886.40', 'N', '', 2, '0000-00-00', '262.40', '0.00'),
(326, 'SBP002800415', '2015-04-28', 185, '2804', '2015-04-28', 0, 8, 'USD', 1, '2172.00', '2389.20', 'N', '', 2, '0000-00-00', '217.20', '0.00'),
(327, 'SBP002810415', '2015-04-28', 255, 'POOL15042001', '2015-04-28', 0, 8, 'USD', 1, '560.00', '616.00', 'N', '', 2, '0000-00-00', '56.00', '0.00'),
(328, 'SBP002820415', '2015-04-29', 161, '2904', '2015-04-29', 0, 8, 'USD', 1, '2180.00', '2398.00', 'N', '', 2, '0000-00-00', '218.00', '0.00'),
(329, 'SBP002830415', '2015-04-29', 22, 'L/104602', '2015-04-29', 0, 8, 'USD', 1, '540.00', '594.00', 'N', '', 2, '0000-00-00', '54.00', '0.00'),
(330, 'SBP002840415', '2015-04-29', 95, '2904', '2015-04-29', 0, 8, 'USD', 1, '1900.00', '2090.00', 'N', '', 2, '0000-00-00', '190.00', '0.00'),
(331, 'SBP002850415', '2015-04-29', 224, 'IG.0290415-4', '2015-04-29', 0, 8, 'USD', 1, '501.00', '551.10', 'N', '', 2, '0000-00-00', '50.10', '0.00'),
(332, 'SBP002860415', '2015-04-30', 161, '3004', '2015-04-30', 0, 8, 'USD', 1, '3288.00', '3616.80', 'DP', '', 2, '0000-00-00', '328.80', '0.00'),
(333, 'SSP000010115', '2015-01-05', 18, '1412164/HI.AG/XII/14', '2015-01-05', 0, 41, 'USD', 3, '27.00', '29832.00', 'N', '', 2, '0000-00-00', '2712.00', '0.00'),
(334, 'SSP000020115', '2015-01-05', 217, '003/01/15', '2015-01-06', 0, 41, 'IDR', 3, '2.00', '2930400.00', 'N', '', 2, '0000-00-00', '266400.00', '0.00'),
(335, 'SSP000030115', '2015-01-07', 273, '003/ISP-PO/I/2015', '2015-01-07', 0, 41, 'USD', 3, '448.00', '492.80', 'N', '', 2, '0000-00-00', '44.80', '0.00'),
(336, 'SSP000040115', '2015-01-07', 46, '0006/01/15', '2015-01-07', 0, 41, 'USD', 3, '1.00', '1104.40', 'N', '', 2, '0000-00-00', '100.40', '0.00'),
(337, 'SSP000050115', '2015-01-08', 193, '02/CHM/ROR/I/15', '2015-01-08', 0, 41, 'USD', 3, '4.00', '5104.00', 'N', '', 2, '0000-00-00', '464.00', '0.00'),
(338, 'SSP000060115', '2015-01-08', 217, '006/SA/T/I/2015', '2015-01-08', 0, 41, 'USD', 3, '780.00', '858.00', 'N', '', 2, '0000-00-00', '78.00', '0.00'),
(339, 'SSP000070115', '2015-01-08', 18, '1501002/HI.AG/I/15', '2015-01-08', 0, 41, 'USD', 3, '2.00', '2640.00', 'N', '', 2, '0000-00-00', '240.00', '0.00'),
(340, 'SSP000080115', '2015-01-13', 46, '00010/01/15', '2015-01-13', 0, 41, 'IDR', 3, '3.00', '4233900.00', 'N', '', 2, '0000-00-00', '384900.00', '0.00'),
(341, 'SSP000090115', '2015-01-13', 91, '00012/01/15', '2015-01-13', 0, 41, 'USD', 3, '852.00', '937.20', 'N', '', 2, '0000-00-00', '85.20', '0.00'),
(342, 'SSP000100115', '2015-01-14', 18, '1501008/HI.AG/I/15', '2015-01-14', 0, 41, 'USD', 3, '10.00', '11000.00', 'N', '', 2, '0000-00-00', '1000.00', '0.00'),
(343, 'SSP000110115', '2015-01-14', 43, '00011//LOG-SLTG/012014', '2015-01-14', 0, 41, 'USD', 3, '1.00', '1158.30', 'N', '', 2, '0000-00-00', '105.30', '0.00'),
(344, 'SSP000120115', '2015-01-19', 205, 'HO/2015/IP12', '2015-01-19', 0, 41, 'USD', 3, '480.00', '528.00', 'N', '', 2, '0000-00-00', '48.00', '0.00'),
(345, 'SSP000130115', '2015-01-19', 116, '00020/01/15', '2015-01-19', 0, 41, 'USD', 3, '539.00', '592.90', 'N', '', 2, '0000-00-00', '53.90', '0.00'),
(346, 'SSP000140115', '2015-01-19', 127, '011/DT-CLP/I/2015', '2015-01-19', 0, 41, 'USD', 3, '7.00', '7716.50', 'N', '', 2, '0000-00-00', '701.50', '0.00'),
(347, 'SSP000150115', '2015-01-20', 43, '00052/LOG-SLTG/012015', '2015-01-20', 0, 41, 'USD', 3, '1.00', '1287.66', 'N', '', 2, '0000-00-00', '117.06', '0.00'),
(348, 'SSP000160115', '2015-01-21', 193, '06/CHM/ROR/I/15', '2015-01-21', 0, 41, 'IDR', 3, '4.00', '5445000.00', 'N', '', 2, '0000-00-00', '495000.00', '0.00'),
(349, 'SSP000170115', '2015-01-23', 254, '13/C/PIJ/I/15', '2015-01-23', 0, 41, 'USD', 3, '730.00', '803.00', 'N', '', 2, '0000-00-00', '73.00', '0.00'),
(350, 'SSP000180115', '2015-01-23', 46, '00031/01/15', '2015-01-23', 0, 41, 'IDR', 3, '1.00', '1391500.00', 'N', '', 2, '0000-00-00', '126500.00', '0.00'),
(351, 'SSP000190115', '2015-01-23', 46, '00032/01/15', '2015-01-23', 0, 41, 'USD', 3, '296.00', '325.60', 'N', '', 2, '0000-00-00', '29.60', '0.00'),
(352, 'SSP000200115', '2015-01-26', 264, '033/01/15', '2015-01-26', 0, 41, 'USD', 3, '77.50', '85.25', 'N', '', 2, '0000-00-00', '7.75', '0.00');
INSERT INTO `sales_order` (`id`, `so_no`, `date`, `customer_id`, `customer_po`, `customer_date`, `customer_term_of_payment`, `marketing_id`, `currency`, `lokasi_id`, `sub_total`, `amount`, `status`, `remark`, `user_id`, `required_date`, `tax_amount`, `other_amount`) VALUES
(353, 'SSP000210115', '2015-01-26', 85, '00036/01/15', '2015-01-26', 0, 41, 'USD', 3, '480.00', '528.00', 'N', '', 2, '0000-00-00', '48.00', '0.00'),
(354, 'SSP000220115', '2015-01-29', 290, '00041/01/15', '2015-01-29', 0, 41, 'USD', 3, '3.00', '4380.75', 'N', '', 2, '0000-00-00', '398.25', '0.00'),
(355, 'SSP000230115', '2015-01-29', 273, '012/ISP-PO/I/2015', '2015-01-29', 0, 41, 'USD', 3, '680.00', '748.00', 'N', '', 2, '0000-00-00', '68.00', '0.00'),
(356, 'SSP000240215', '2015-02-02', 217, '24/SA/T/I/2015', '2015-02-02', 0, 41, 'USD', 3, '1.00', '1298.00', 'N', '', 2, '0000-00-00', '118.00', '0.00'),
(357, 'SSP000250215', '2015-02-03', 18, '1502011/HI.AG/I/15', '2015-02-03', 0, 41, 'USD', 3, '1.00', '1760.00', 'N', '', 2, '0000-00-00', '160.00', '0.00'),
(358, 'SSP000260215', '2015-02-04', 127, '040/DT-CLP/II/22015', '2015-02-04', 0, 41, 'USD', 3, '430.00', '473.00', 'N', '', 2, '0000-00-00', '43.00', '0.00'),
(359, 'SSP000270215', '2015-02-04', 46, '00052/02/15', '2015-02-04', 0, 41, 'IDR', 3, '1.00', '1391500.00', 'N', '', 2, '0000-00-00', '126500.00', '0.00'),
(360, 'SSP000280215', '2015-02-04', 46, '00053/02/15', '2015-02-04', 0, 41, 'USD', 3, '148.00', '162.80', 'N', '', 2, '0000-00-00', '14.80', '0.00'),
(361, 'SSP000290215', '2015-02-04', 116, '00054/02/15', '2015-02-04', 0, 41, 'USD', 3, '539.00', '592.90', 'N', '', 2, '0000-00-00', '53.90', '0.00'),
(362, 'SSP000300215', '2015-02-06', 71, 'G/0139/PURCH/ALSI/I/2015', '2015-02-06', 0, 41, 'USD', 3, '2.00', '2729.76', 'N', '', 2, '0000-00-00', '248.16', '0.00'),
(363, 'SSP000310215', '2015-02-09', 18, '1502016/HI.AG/II/15', '2015-02-09', 0, 41, 'USD', 3, '25.00', '28072.00', 'N', '', 2, '0000-00-00', '2552.00', '0.00'),
(364, 'SSP000320215', '2015-02-09', 195, 'SAI/114534', '2015-02-09', 0, 41, 'USD', 3, '1.00', '1100.00', 'N', '', 2, '0000-00-00', '100.00', '0.00'),
(365, 'SSP000330215', '2015-02-09', 43, '00083/LOG_SLTG/022015', '2015-02-09', 0, 41, 'USD', 3, '842.40', '926.64', 'N', '', 2, '0000-00-00', '84.24', '0.00'),
(366, 'SSP000340215', '2015-02-09', 64, '0296', '2015-02-09', 0, 41, 'USD', 3, '788.00', '866.80', 'N', '', 2, '0000-00-00', '78.80', '0.00'),
(367, 'SSP000350215', '2015-02-09', 193, '11/CHM/ROR/I/15', '2015-02-09', 0, 41, 'USD', 3, '3.00', '3410.00', 'N', '', 2, '0000-00-00', '310.00', '0.00'),
(368, 'SSP000360215', '2015-02-09', 205, 'HO/2015/IP33', '2015-02-09', 0, 41, 'USD', 3, '960.00', '1056.00', 'N', '', 2, '0000-00-00', '96.00', '0.00'),
(369, 'SSP000370215', '2015-02-09', 85, '00062/02/15', '2015-02-09', 0, 41, 'USD', 3, '960.00', '1056.00', 'N', '', 2, '0000-00-00', '96.00', '0.00'),
(370, 'SSP000380215', '2015-02-09', 91, '00063/02/15', '2015-02-09', 0, 41, 'USD', 3, '1.00', '1252.90', 'N', '', 2, '0000-00-00', '113.90', '0.00'),
(371, 'SSP000390215', '2015-02-10', 135, '00061/02/2015', '2015-02-10', 0, 41, 'USD', 3, '864.00', '950.40', 'N', '', 2, '0000-00-00', '86.40', '0.00'),
(372, 'SSP000400215', '2015-02-10', 264, '00064/02/15', '2015-02-10', 0, 41, 'USD', 3, '77.50', '85.25', 'N', '', 2, '0000-00-00', '7.75', '0.00'),
(373, 'SSP000410215', '2015-02-13', 46, '00067/02/15', '2015-02-12', 0, 41, 'USD', 3, '148.00', '162.80', 'N', '', 2, '0000-00-00', '14.80', '0.00'),
(374, 'SSP000420215', '2015-02-13', 46, '00068/02/15', '2015-02-13', 0, 41, 'IDR', 3, '2.00', '2842400.00', 'N', '', 2, '0000-00-00', '258400.00', '0.00'),
(375, 'SSP000430215', '2015-02-18', 205, 'HO/2015/IP33', '2015-02-18', 0, 41, 'USD', 3, '960.00', '1056.00', 'N', '', 2, '0000-00-00', '96.00', '0.00'),
(376, 'SSP000440215', '2015-02-18', 195, 'SAI/114550', '2015-02-18', 0, 41, 'USD', 3, '540.00', '594.00', 'N', '', 2, '0000-00-00', '54.00', '0.00'),
(377, 'SSP000450215', '2015-02-18', 18, '1502022/HI.AG/II/15', '2015-02-18', 0, 41, 'USD', 3, '14.00', '15400.00', 'N', '', 2, '0000-00-00', '1400.00', '0.00'),
(378, 'SSP000460215', '2015-02-18', 193, '01/CHM/ROR/2/15', '2015-02-18', 0, 41, 'IDR', 3, '4.00', '5445000.00', 'N', '', 2, '0000-00-00', '495000.00', '0.00'),
(379, 'SSP000470215', '2015-02-20', 46, '00079/02/15', '2015-02-20', 0, 41, 'IDR', 3, '1.00', '1391500.00', 'N', '', 2, '0000-00-00', '126500.00', '0.00'),
(380, 'SSP000480215', '2015-02-20', 46, '00080/02/15', '2015-02-20', 0, 41, 'USD', 3, '148.00', '162.80', 'N', '', 2, '0000-00-00', '14.80', '0.00'),
(381, 'SSP000490215', '2015-02-20', 43, '00133//LOG-SLTG/022015', '2015-02-20', 0, 41, 'USD', 3, '1.00', '1158.30', 'N', '', 2, '0000-00-00', '105.30', '0.00'),
(382, 'SSP000500215', '2015-02-24', 290, '1008', '2015-02-24', 0, 41, 'USD', 3, '3.00', '4284.50', 'N', '', 2, '0000-00-00', '389.50', '0.00'),
(383, 'SSP000510215', '2015-02-24', 46, '00085/02/15', '2015-02-24', 0, 41, 'IDR', 3, '1.00', '1430000.00', 'N', '', 2, '0000-00-00', '130000.00', '0.00'),
(384, 'SSP000520215', '2015-02-24', 46, '00086/02/15', '2015-02-24', 0, 41, 'USD', 3, '620.00', '682.00', 'N', '', 2, '0000-00-00', '62.00', '0.00'),
(385, 'SSP000530215', '2015-02-24', 264, '00087/02/15', '2015-02-24', 0, 41, 'USD', 3, '77.50', '85.25', 'N', '', 2, '0000-00-00', '7.75', '0.00'),
(386, 'SSP000540215', '2015-02-24', 116, '00088/02/15', '2015-02-24', 0, 41, 'USD', 3, '539.00', '592.90', 'N', '', 2, '0000-00-00', '53.90', '0.00'),
(387, 'SSP000550215', '2015-02-24', 217, '38/SA/T/I/2015', '2015-02-24', 0, 41, 'USD', 3, '780.00', '858.00', 'N', '', 2, '0000-00-00', '78.00', '0.00'),
(388, 'SSP000560215', '2015-02-24', 91, '00092/02/15', '2015-02-24', 0, 41, 'USD', 3, '916.00', '1007.60', 'N', '', 2, '0000-00-00', '91.60', '0.00'),
(389, 'SSP000570315', '2015-03-02', 91, '00098/03/15', '2015-03-02', 0, 41, 'USD', 3, '625.00', '687.50', 'N', '', 2, '0000-00-00', '62.50', '0.00'),
(390, 'SSP000580315', '2015-03-04', 254, '18/C/PIJ/II/15', '2015-03-04', 0, 41, 'USD', 3, '730.00', '803.00', 'N', '', 2, '0000-00-00', '73.00', '0.00'),
(391, 'SSP000590315', '2015-03-04', 195, 'SAI/115373', '2015-03-04', 0, 41, 'USD', 3, '3.00', '4262.28', 'N', '', 2, '0000-00-00', '387.48', '0.00'),
(392, 'SSP000600315', '2015-03-04', 193, '03/CHM/ROR/2/15', '2015-03-04', 0, 41, 'USD', 3, '4.00', '5104.00', 'N', '', 2, '0000-00-00', '464.00', '0.00'),
(393, 'SSP000610315', '2015-03-04', 193, '02/CHM/ROR/2/15', '2015-03-04', 0, 41, 'USD', 3, '1.00', '1848.00', 'N', '', 2, '0000-00-00', '168.00', '0.00'),
(394, 'SSP000620315', '2015-03-04', 193, '01/CHM/ROR/03/15', '2015-03-04', 0, 41, 'USD', 3, '3.00', '3410.00', 'N', '', 2, '0000-00-00', '310.00', '0.00'),
(395, 'SSP000630315', '2015-03-06', 264, '00107/03/15', '2015-03-06', 0, 41, 'USD', 3, '77.50', '85.25', 'N', '', 2, '0000-00-00', '7.75', '0.00'),
(396, 'SSP000640315', '2015-03-10', 43, '00176/LOG-SLTG/032015', '2015-03-10', 0, 41, 'USD', 3, '1.00', '1158.30', 'N', '', 2, '0000-00-00', '105.30', '0.00'),
(397, 'SSP000680315', '2015-03-12', 46, '00114/03/15', '2015-03-12', 0, 41, 'IDR', 3, '2.00', '2803900.00', 'N', '', 2, '0000-00-00', '254900.00', '0.00'),
(398, 'SSP000690315', '2015-03-16', 132, '00121/03/15', '2015-03-16', 0, 41, 'USD', 3, '150.00', '165.00', 'N', '', 2, '0000-00-00', '15.00', '0.00'),
(399, 'SSP000700315', '2015-03-16', 46, '00122/03/15', '2015-03-16', 0, 41, 'USD', 3, '296.00', '325.60', 'N', '', 2, '0000-00-00', '29.60', '0.00'),
(400, 'SSP000710315', '2015-03-16', 127, '076/DT-CLP/III/2015', '2015-03-16', 0, 41, 'USD', 3, '5.00', '6468.00', 'N', '', 2, '0000-00-00', '588.00', '0.00'),
(401, 'SSP000720315', '2015-03-19', 18, '1503037/HI.AG/III/15', '2015-03-19', 0, 41, 'USD', 3, '35.00', '39072.00', 'N', '', 2, '0000-00-00', '3552.00', '0.00'),
(402, 'SSP000730315', '2015-03-20', 264, '00132/03/15', '2015-03-20', 0, 41, 'USD', 3, '77.50', '85.25', 'N', '', 2, '0000-00-00', '7.75', '0.00'),
(403, 'SSP000740315', '2015-03-23', 46, '00136/03/15', '2015-03-23', 0, 41, 'IDR', 3, '2.00', '2821500.00', 'N', '', 2, '0000-00-00', '256500.00', '0.00'),
(404, 'SSP000750315', '2015-03-23', 46, '00137/03/15', '2015-03-23', 0, 41, 'USD', 3, '472.00', '519.20', 'N', '', 2, '0000-00-00', '47.20', '0.00'),
(405, 'SSP000760315', '2015-03-23', 193, '06/CHM/ROR/3/15', '2015-03-23', 0, 41, 'USD', 3, '3.00', '3410.00', 'N', '', 2, '0000-00-00', '310.00', '0.00'),
(406, 'SSP000800315', '2015-03-23', 64, '00.1503.0690', '2015-03-23', 0, 41, 'USD', 3, '788.00', '866.80', 'N', '', 2, '0000-00-00', '78.80', '0.00'),
(407, 'SSP000810315', '2015-03-24', 116, '00143/03/15', '2015-03-24', 0, 41, 'USD', 3, '539.00', '592.90', 'N', '', 2, '0000-00-00', '53.90', '0.00'),
(408, 'SSP000820315', '2015-03-26', 195, 'SAI/116733', '2015-03-26', 0, 41, 'USD', 3, '3.00', '3465.00', 'N', '', 2, '0000-00-00', '315.00', '0.00'),
(409, 'SSP000830315', '2015-03-26', 195, 'SAI/116734', '2015-03-26', 0, 41, 'USD', 3, '3.00', '4290.00', 'N', '', 2, '0000-00-00', '390.00', '0.00'),
(410, 'SSP000840315', '2015-03-26', 195, 'SAI/116743', '2015-03-26', 0, 41, 'USD', 3, '900.00', '990.00', 'N', '', 2, '0000-00-00', '90.00', '0.00'),
(411, 'SSP000850315', '2015-03-26', 217, '068/SA/T/15', '2015-03-26', 0, 41, 'USD', 3, '2.00', '2596.00', 'N', '', 2, '0000-00-00', '236.00', '0.00'),
(412, 'SSP000860315', '2015-03-26', 91, '00151/03/15', '2015-03-26', 0, 41, 'USD', 3, '974.00', '1071.40', 'N', '', 2, '0000-00-00', '97.40', '0.00'),
(413, 'SSP000870415', '2015-04-01', 193, '09/CHM/ROR/3/15', '2015-04-01', 0, 41, 'IDR', 3, '3.00', '4083750.00', 'N', '', 2, '0000-00-00', '371250.00', '0.00'),
(414, 'SSP000880415', '2015-04-02', 254, '91/C/PIJ/III/15', '2015-04-02', 0, 41, 'USD', 3, '730.00', '803.00', 'N', '', 2, '0000-00-00', '73.00', '0.00'),
(415, 'SSP000900415', '2015-04-06', 217, '082/SA/T/15', '2015-04-06', 0, 41, 'IDR', 3, '2.00', '2930400.00', 'N', '', 2, '0000-00-00', '266400.00', '0.00'),
(416, 'SSP000910415', '2015-04-07', 264, '00168/04/15', '2015-04-07', 0, 41, 'USD', 3, '77.50', '85.25', 'N', '', 2, '0000-00-00', '7.75', '0.00'),
(417, 'SSP000920415', '2015-04-08', 18, '1504044/HI.AG/IV/15', '2015-04-08', 0, 41, 'USD', 3, '2.00', '2640.00', 'N', '', 2, '0000-00-00', '240.00', '0.00'),
(418, 'SSP000930415', '2015-04-08', 46, '00174/04/15', '2015-04-08', 0, 41, 'USD', 3, '148.00', '162.80', 'N', '', 2, '0000-00-00', '14.80', '0.00'),
(419, 'SSP000940415', '2015-04-08', 46, '00175/04/15', '2015-04-08', 0, 41, 'IDR', 3, '1.00', '1391500.00', 'N', '', 2, '0000-00-00', '126500.00', '0.00'),
(420, 'SSP000950415', '2015-04-08', 43, '00251/LOG-SLTG/042015', '2015-04-08', 0, 41, 'USD', 3, '842.40', '926.64', 'N', '', 2, '0000-00-00', '84.24', '0.00'),
(421, 'SSP000970415', '2015-04-13', 91, '00183/04/15', '2015-04-13', 0, 41, 'USD', 3, '852.00', '937.20', 'N', '', 2, '0000-00-00', '85.20', '0.00'),
(422, 'SSP000980415', '2015-04-14', 71, 'G/0476/PURCH/ALSI/IV/2015', '2015-04-14', 0, 41, 'USD', 3, '1.00', '1321.76', 'N', '', 2, '0000-00-00', '120.16', '0.00'),
(423, 'SSP000990415', '2015-04-14', 64, '1503.0690', '2015-04-14', 0, 41, 'USD', 3, '788.00', '866.80', 'N', '', 2, '0000-00-00', '78.80', '0.00'),
(424, 'SSP001000415', '2015-04-14', 273, '0092/SP-PO/2015', '2015-04-14', 0, 41, 'USD', 3, '680.00', '748.00', 'N', '', 2, '0000-00-00', '68.00', '0.00'),
(425, 'SSP001020415', '2015-04-14', 43, '00287/LOG-SLTG/042015', '2015-04-14', 0, 41, 'USD', 3, '842.40', '926.64', 'N', '', 2, '0000-00-00', '84.24', '0.00'),
(426, 'SSP001030415', '2015-04-14', 290, '1028', '2015-04-14', 0, 41, 'USD', 3, '4.00', '5032.50', 'N', '', 2, '0000-00-00', '457.50', '0.00'),
(427, 'SSP001040415', '2015-04-14', 290, '1016', '2015-04-14', 0, 41, 'IDR', 3, '725.00', '797500.00', 'N', '', 2, '0000-00-00', '72500.00', '0.00'),
(428, 'SSP001050415', '2015-04-16', 264, '0189/04/15', '2015-04-16', 0, 41, 'USD', 3, '77.50', '85.25', 'N', '', 2, '0000-00-00', '7.75', '0.00'),
(429, 'SSP001060415', '2015-04-17', 46, '00194/04/15', '2015-04-17', 0, 41, 'USD', 3, '384.00', '422.40', 'N', '', 2, '0000-00-00', '38.40', '0.00'),
(430, 'SSP001070415', '2015-04-17', 46, '00195/04/15', '2015-04-17', 0, 41, 'IDR', 3, '2.00', '2821500.00', 'N', '', 2, '0000-00-00', '256500.00', '0.00'),
(431, 'SSP001080415', '2015-04-20', 46, '00202/04/2015', '2015-04-20', 0, 41, 'USD', 3, '220.00', '242.00', 'N', '', 2, '0000-00-00', '22.00', '0.00'),
(432, 'SSP001090415', '2015-04-21', 46, '00206/04/15', '2015-04-21', 0, 41, 'USD', 3, '148.00', '162.80', 'N', '', 2, '0000-00-00', '14.80', '0.00'),
(433, 'SSP001100415', '2015-04-22', 18, '1504051/HI.AG/IV/15', '2015-04-22', 0, 41, 'USD', 3, '35.00', '39072.00', 'N', '', 2, '0000-00-00', '3552.00', '0.00'),
(434, 'SSP001130415', '2015-04-23', 264, '00214/04/15', '2015-04-23', 0, 41, 'USD', 3, '77.50', '85.25', 'N', '', 2, '0000-00-00', '7.75', '0.00'),
(435, 'SSP001140415', '2015-04-24', 116, '00218/04/16', '2015-04-24', 0, 41, 'USD', 3, '539.00', '592.90', 'N', '', 2, '0000-00-00', '53.90', '0.00'),
(436, 'SSP001150415', '2015-04-27', 63, '00219/04/2015', '2015-04-27', 0, 41, 'USD', 3, '170.00', '187.00', 'N', '', 2, '0000-00-00', '17.00', '0.00'),
(437, 'SSP001160415', '2015-04-27', 193, '04/CHM/ROR/4/15', '2015-04-27', 0, 41, 'IDR', 3, '4.00', '5445000.00', 'N', '', 2, '0000-00-00', '495000.00', '0.00'),
(438, 'SSP001170415', '2015-04-27', 91, '00225/04/15', '2015-04-27', 0, 41, 'USD', 3, '625.00', '687.50', 'N', '', 2, '0000-00-00', '62.50', '0.00'),
(439, 'SSP001180415', '2015-04-29', 195, 'SAI/115949', '2015-04-29', 0, 41, 'USD', 3, '900.00', '990.00', 'N', '', 2, '0000-00-00', '90.00', '0.00'),
(440, 'SSP001190415', '2015-04-29', 46, '00230/04/15', '2015-04-29', 0, 41, 'USD', 3, '384.00', '422.40', 'N', '', 2, '0000-00-00', '38.40', '0.00'),
(441, 'SSP001010415', '2015-04-14', 43, '00270/LOG-SLTG/042015', '2015-04-14', 0, 41, 'USD', 3, '117.60', '129.36', 'N', '', 2, '0000-00-00', '11.76', '0.00'),
(442, 'SSP000650315', '2015-03-10', 18, '1503033/HI.AG/III/15', '2015-03-10', 0, 41, 'USD', 3, '1.00', '1760.00', 'N', '', 2, '0000-00-00', '160.00', '0.00'),
(443, 'SSP000660315', '2015-03-10', 193, '04/CHM/ROR/3/15', '2015-03-10', 0, 41, 'IDR', 3, '3.00', '4083750.00', 'N', '', 2, '0000-00-00', '371250.00', '0.00'),
(444, 'SSP000670315', '2015-03-10', 217, '57/SA/T/2015', '2015-03-10', 0, 41, 'USD', 3, '1.00', '1298.00', 'N', '', 2, '0000-00-00', '118.00', '0.00'),
(445, 'SSP000770315', '2015-03-23', 193, '08/CHM/ROR/3/15', '2015-03-23', 0, 41, 'USD', 3, '2.00', '2310.00', 'N', '', 2, '0000-00-00', '210.00', '0.00'),
(446, 'SSP000780315', '2015-03-23', 43, '00213/LOG-SLTG/032015', '2015-03-23', 0, 41, 'USD', 3, '1.00', '1158.30', 'N', '', 2, '0000-00-00', '105.30', '0.00'),
(447, 'SSP000790315', '2015-03-23', 18, '1503041/HI.AG/III/15', '2015-03-23', 0, 41, 'USD', 3, '3.00', '3520.00', 'N', '', 2, '0000-00-00', '320.00', '0.00'),
(448, 'SOB000010115', '2015-01-05', 113, '1412130611-5', '2015-01-05', 0, 34, 'IDR', 2, '12500000.00', '13750000.00', 'N', '', 2, '0000-00-00', '1250000.00', '0.00'),
(449, 'SOB000020115', '2015-01-05', 19, 'PO/GO/15/I/004', '2015-01-05', 0, 34, 'USD', 2, '960.00', '1056.00', 'N', '', 2, '0000-00-00', '96.00', '0.00'),
(450, 'SOB000030115', '2015-01-05', 17, 'O 00009', '2015-01-05', 0, 34, 'USD', 2, '1920.00', '2112.00', 'N', '', 2, '0000-00-00', '192.00', '0.00'),
(451, 'SOB000040115', '2015-01-08', 15, 'BK 50008', '2015-01-08', 0, 34, 'IDR', 2, '2133600.00', '2346960.00', 'N', '', 2, '0000-00-00', '213360.00', '0.00'),
(452, 'SOB000050115', '2015-01-07', 45, '71562', '2015-01-07', 0, 34, 'USD', 2, '539.00', '592.90', 'N', '', 2, '0000-00-00', '53.90', '0.00'),
(453, 'SOB000060115', '2015-01-09', 174, '090115', '2015-01-09', 0, 34, 'USD', 2, '150.00', '165.00', 'N', '', 2, '0000-00-00', '15.00', '0.00'),
(454, 'SOB000070115', '2015-01-13', 52, '130115', '2015-01-13', 0, 34, 'USD', 2, '219.00', '240.90', 'N', '', 2, '0000-00-00', '21.90', '0.00'),
(455, 'SOB000080115', '2015-01-15', 248, '002463', '2015-01-15', 0, 34, 'USD', 2, '146.00', '160.60', 'N', '', 2, '0000-00-00', '14.60', '0.00'),
(456, 'SOB000090115', '2015-01-16', 15, 'BK 50033', '2015-01-16', 0, 34, 'IDR', 2, '4230240.00', '4653264.00', 'N', '', 2, '0000-00-00', '423024.00', '0.00'),
(457, 'SOB000100115', '2015-01-19', 293, '15/I/150067', '2015-01-19', 0, 34, 'USD', 2, '330.00', '363.00', 'N', '', 2, '0000-00-00', '33.00', '0.00'),
(458, 'SOB000110115', '2015-01-20', 15, 'BK 50035', '2015-01-20', 0, 34, 'IDR', 2, '6335264.00', '6968790.40', 'N', '', 2, '0000-00-00', '633526.40', '0.00'),
(459, 'SOB000120115', '2015-01-21', 100, '210115', '2015-01-21', 0, 34, 'USD', 2, '3290.00', '3619.00', 'N', '', 2, '0000-00-00', '329.00', '0.00'),
(460, 'SOB000130115', '2015-01-21', 19, 'PO/GO/15/I/51', '2015-01-21', 0, 34, 'USD', 2, '640.00', '704.00', 'N', '', 2, '0000-00-00', '64.00', '0.00'),
(461, 'SOB000140115', '2015-01-22', 261, '220115', '2015-01-22', 0, 34, 'USD', 2, '520.00', '572.00', 'N', '', 2, '0000-00-00', '52.00', '0.00'),
(462, 'SOB000150115', '2015-01-23', 248, '002480', '2015-01-22', 0, 34, 'USD', 2, '292.00', '321.20', 'N', '', 2, '0000-00-00', '29.20', '0.00'),
(463, 'SOB000160115', '2015-01-23', 19, 'PO/GO/15/I/057', '2015-01-23', 0, 34, 'USD', 2, '540.00', '594.00', 'N', '', 2, '0000-00-00', '54.00', '0.00'),
(464, 'SOB000170115', '2015-01-26', 100, '230115', '2015-01-23', 0, 34, 'USD', 2, '250.00', '275.00', 'N', '', 2, '0000-00-00', '25.00', '0.00'),
(465, 'SOB000180115', '2015-01-27', 17, 'O 00530', '2015-01-27', 0, 34, 'USD', 2, '1280.00', '1408.00', 'N', '', 2, '0000-00-00', '128.00', '0.00'),
(466, 'SOB000190115', '2015-01-26', 45, '71856', '2015-01-26', 0, 34, 'USD', 2, '539.00', '592.90', 'N', '', 2, '0000-00-00', '53.90', '0.00'),
(467, 'SOB000200115', '2015-01-28', 15, 'BK 50055', '2015-01-28', 0, 34, 'IDR', 2, '2100000.00', '2310000.00', 'N', '', 2, '0000-00-00', '210000.00', '0.00'),
(468, 'SOB000210115', '2015-01-28', 19, 'PO/GO/15/I/073', '2015-01-28', 0, 34, 'USD', 2, '640.00', '704.00', 'N', '', 2, '0000-00-00', '64.00', '0.00'),
(469, 'SOB000220115', '2015-01-28', 100, '290115', '2015-01-29', 0, 34, 'USD', 2, '2650.00', '2915.00', 'N', '', 2, '0000-00-00', '265.00', '0.00'),
(470, 'SOB000230215', '2015-02-03', 49, '020215', '2015-02-03', 0, 34, 'USD', 2, '270.00', '297.00', 'N', '', 2, '0000-00-00', '27.00', '0.00'),
(471, 'SOB000250215', '2015-02-04', 100, '040215', '2015-02-04', 0, 34, 'USD', 2, '1410.00', '1551.00', 'N', '', 2, '0000-00-00', '141.00', '0.00'),
(472, 'SOB000260215', '2015-02-05', 15, 'BK 50074', '2015-02-05', 0, 34, 'IDR', 2, '4233600.00', '4656960.00', 'N', '', 2, '0000-00-00', '423360.00', '0.00'),
(473, 'SOB000270215', '2015-02-06', 100, '060215', '2015-02-06', 0, 34, 'USD', 2, '540.00', '594.00', 'N', '', 2, '0000-00-00', '54.00', '0.00'),
(474, 'SOB000280215', '2015-02-09', 248, '002516', '2015-02-09', 0, 34, 'USD', 2, '146.00', '160.60', 'N', '', 2, '0000-00-00', '14.60', '0.00'),
(475, 'SOB000290215', '2015-02-09', 19, 'PO/GO/15/II/024', '2015-02-09', 0, 34, 'USD', 2, '640.00', '704.00', 'N', '', 2, '0000-00-00', '64.00', '0.00'),
(476, 'SOB000300215', '2015-02-11', 182, '005/KJTA/II/2015', '2015-02-11', 0, 34, 'USD', 2, '360.00', '396.00', 'N', '', 2, '0000-00-00', '36.00', '0.00'),
(477, 'SOB000310215', '2015-02-11', 49, '110215', '2015-02-11', 0, 34, 'USD', 2, '270.00', '297.00', 'N', '', 2, '0000-00-00', '27.00', '0.00'),
(478, 'SOB000320215', '2015-02-11', 15, 'BK 50091', '2015-02-11', 0, 34, 'IDR', 2, '4267200.00', '4693920.00', 'N', '', 2, '0000-00-00', '426720.00', '0.00'),
(479, 'SOB000330215', '2015-02-12', 100, '120215', '2015-02-12', 0, 34, 'USD', 2, '1880.00', '2068.00', 'N', '', 2, '0000-00-00', '188.00', '0.00'),
(480, 'SOB000340215', '2015-02-13', 182, '013/KJTA/II/2015', '2015-02-13', 0, 34, 'USD', 2, '570.00', '627.00', 'N', '', 2, '0000-00-00', '57.00', '0.00'),
(481, 'SOB000350215', '2015-02-16', 100, '160215', '2015-02-16', 0, 34, 'USD', 2, '4360.00', '4796.00', 'N', '', 2, '0000-00-00', '436.00', '0.00'),
(482, 'SOB000360215', '2015-02-16', 50, '160215', '2015-02-16', 0, 34, 'USD', 2, '400.00', '440.00', 'N', '', 2, '0000-00-00', '40.00', '0.00'),
(483, 'SOB000370215', '2015-02-13', 17, 'O 01221', '2015-02-13', 0, 34, 'USD', 2, '1280.00', '1408.00', 'N', '', 2, '0000-00-00', '128.00', '0.00'),
(484, 'SOB000380215', '2015-02-16', 49, '160215', '2015-02-16', 0, 34, 'USD', 2, '540.00', '594.00', 'N', '', 2, '0000-00-00', '54.00', '0.00'),
(485, 'SOB000390215', '2015-02-17', 52, '170215', '2015-02-17', 0, 34, 'USD', 2, '219.00', '240.90', 'N', '', 2, '0000-00-00', '21.90', '0.00'),
(486, 'SOB000400215', '2015-02-18', 182, '015/KJTA/II/2015', '2015-02-18', 0, 34, 'USD', 2, '940.00', '1034.00', 'N', '', 2, '0000-00-00', '94.00', '0.00'),
(487, 'SOB000410215', '2015-02-19', 19, 'PO/GO/15/II/052', '2015-02-19', 0, 34, 'USD', 2, '640.00', '704.00', 'N', '', 2, '0000-00-00', '64.00', '0.00'),
(488, 'SOB000420215', '2015-02-24', 100, '240215', '2015-02-24', 0, 34, 'USD', 2, '5410.00', '5951.00', 'N', '', 2, '0000-00-00', '541.00', '0.00'),
(489, 'SOB000430215', '2015-02-25', 15, '.', '2015-02-25', 0, 34, 'IDR', 2, '4320960.00', '4753056.00', 'N', '', 2, '0000-00-00', '432096.00', '0.00'),
(490, 'SOB000440215', '2015-02-27', 100, '270215', '2015-02-27', 0, 34, 'USD', 2, '0.00', '0.00', 'N', '', 2, '0000-00-00', '0.00', '0.00'),
(491, 'SOB000480315', '2015-03-03', 270, '030315', '2015-03-03', 0, 34, 'USD', 2, '340.00', '374.00', 'N', '', 2, '0000-00-00', '34.00', '0.00'),
(492, 'SOB000490315', '2015-03-03', 49, '030315', '2015-03-03', 0, 34, 'USD', 2, '270.00', '297.00', 'N', '', 2, '0000-00-00', '27.00', '0.00'),
(493, 'SOB000500315', '2015-03-03', 19, 'PO/GO/15/III/008', '2015-03-03', 0, 34, 'USD', 2, '640.00', '704.00', 'N', '', 2, '0000-00-00', '64.00', '0.00'),
(494, 'SOB000470315', '2015-03-03', 174, '020315', '2015-03-02', 0, 34, 'USD', 2, '62.50', '68.75', 'N', '', 2, '0000-00-00', '6.25', '0.00'),
(495, 'SOB000460315', '2015-03-03', 293, '15/II/15060', '2015-03-03', 0, 34, 'USD', 2, '330.00', '363.00', 'N', '', 2, '0000-00-00', '33.00', '0.00'),
(496, 'SOB000450315', '2015-03-02', 100, '020315', '2015-03-02', 0, 34, 'USD', 2, '5790.00', '6369.00', 'N', '', 2, '0000-00-00', '579.00', '0.00'),
(497, 'SOB000510215', '2015-02-26', 113, '1502130081-5', '2015-02-26', 0, 34, 'IDR', 2, '6425000.00', '7067500.00', 'N', '', 2, '0000-00-00', '642500.00', '0.00'),
(498, 'SOB000520315', '2015-03-05', 15, '.', '2015-03-05', 0, 34, 'IDR', 2, '4354560.00', '4790016.00', 'N', '', 2, '0000-00-00', '435456.00', '0.00'),
(499, 'SOB000530315', '2015-03-05', 182, '002/KJTA/III/2015', '2015-03-05', 0, 34, 'USD', 2, '360.00', '396.00', 'N', '', 2, '0000-00-00', '36.00', '0.00'),
(500, 'SOB000540315', '2015-03-06', 50, '060315', '2015-03-06', 0, 34, 'USD', 2, '375.00', '412.50', 'N', '', 2, '0000-00-00', '37.50', '0.00'),
(501, 'SOB000550315', '2015-03-11', 100, '110315', '2015-03-11', 0, 34, 'USD', 2, '4740.00', '5214.00', 'N', '', 2, '0000-00-00', '474.00', '0.00'),
(502, 'SOB000560315', '2015-03-10', 49, '100315', '2015-03-10', 0, 34, 'USD', 2, '270.00', '297.00', 'N', '', 2, '0000-00-00', '27.00', '0.00'),
(503, 'SOB000570315', '2015-03-09', 52, '090315', '2015-03-09', 0, 34, 'USD', 2, '33.00', '36.30', 'N', '', 2, '0000-00-00', '3.30', '0.00'),
(504, 'SOB000580315', '2015-03-13', 50, '130315', '2015-03-13', 0, 34, 'USD', 2, '375.00', '412.50', 'N', '', 2, '0000-00-00', '37.50', '0.00'),
(505, 'SOB000590315', '2015-03-13', 15, 'BK 50150', '2015-03-13', 0, 34, 'IDR', 2, '2212560.00', '2433816.00', 'N', '', 2, '0000-00-00', '221256.00', '0.00'),
(506, 'SOB000600315', '2015-03-16', 174, '120315', '2015-03-16', 0, 34, 'USD', 2, '62.50', '68.75', 'N', '', 2, '0000-00-00', '6.25', '0.00'),
(507, 'SOB000610315', '2015-03-17', 19, 'PO/GO/15/III/045', '2015-03-17', 0, 34, 'USD', 2, '640.00', '704.00', 'N', '', 2, '0000-00-00', '64.00', '0.00'),
(508, 'SOB000620315', '2015-03-17', 100, '170315', '2015-03-17', 0, 34, 'USD', 2, '4470.00', '4917.00', 'N', '', 2, '0000-00-00', '447.00', '0.00'),
(509, 'SOB000630315', '2015-03-18', 49, '180315', '2015-03-18', 0, 34, 'USD', 2, '270.00', '297.00', 'N', '', 2, '0000-00-00', '27.00', '0.00'),
(510, 'SOB000640315', '2015-03-20', 182, '.', '2015-03-20', 0, 34, 'USD', 2, '930.00', '1023.00', 'N', '', 2, '0000-00-00', '93.00', '0.00'),
(511, 'SOB000650315', '2015-03-23', 15, 'BK 50145', '2015-03-23', 0, 34, 'IDR', 2, '4383120.00', '4821432.00', 'N', '', 2, '0000-00-00', '438312.00', '0.00'),
(512, 'SOB000660315', '2015-03-19', 52, '190315', '2015-03-19', 0, 34, 'USD', 2, '109.50', '120.45', 'N', '', 2, '0000-00-00', '10.95', '0.00'),
(513, 'SOB000670315', '2015-03-24', 100, '240315', '2015-03-24', 0, 34, 'USD', 2, '3990.00', '4389.00', 'N', '', 2, '0000-00-00', '399.00', '0.00'),
(514, 'SOB000680315', '2015-03-25', 174, '250315', '2015-03-25', 0, 34, 'USD', 2, '62.50', '68.75', 'N', '', 2, '0000-00-00', '6.25', '0.00'),
(515, 'SOB000690315', '2015-03-27', 182, '270315', '2015-03-27', 0, 34, 'USD', 2, '560.00', '616.00', 'N', '', 2, '0000-00-00', '56.00', '0.00'),
(516, 'SOB000700315', '2015-03-27', 19, '.', '2015-03-27', 0, 34, 'USD', 2, '640.00', '704.00', 'N', '', 2, '0000-00-00', '64.00', '0.00'),
(517, 'SOB000710315', '2015-03-30', 19, 'PO/GO/15/III/078', '2015-03-30', 0, 34, 'USD', 2, '1500.00', '1650.00', 'N', '', 2, '0000-00-00', '150.00', '0.00'),
(518, 'SOB000720315', '2015-03-31', 270, '.', '2015-03-31', 0, 34, 'USD', 2, '340.00', '374.00', 'N', '', 2, '0000-00-00', '34.00', '0.00'),
(519, 'SOB000730315', '2015-03-31', 15, 'BK 50160', '2015-03-31', 0, 34, 'IDR', 2, '4396560.00', '4836216.00', 'N', '', 2, '0000-00-00', '439656.00', '0.00'),
(520, 'SOB000740415', '2015-04-01', 174, '010415', '2015-04-01', 0, 34, 'USD', 2, '62.50', '68.75', 'N', '', 2, '0000-00-00', '6.25', '0.00'),
(521, 'SOB000750415', '2015-04-01', 100, '010415', '2015-04-01', 0, 34, 'USD', 2, '5030.00', '5533.00', 'N', '', 2, '0000-00-00', '503.00', '0.00'),
(522, 'SOB000760415', '2015-04-01', 17, 'O 02505', '2015-04-01', 0, 34, 'USD', 2, '960.00', '1056.00', 'N', '', 2, '0000-00-00', '96.00', '0.00'),
(523, 'SOB000770415', '2015-04-06', 182, '001/KJTA/IV/2015', '2015-04-06', 0, 34, 'USD', 2, '560.00', '616.00', 'N', '', 2, '0000-00-00', '56.00', '0.00'),
(524, 'SOB000780415', '2015-04-10', 19, ' PO/GO/15/IV/025', '2015-04-10', 0, 34, 'USD', 2, '1600.00', '1760.00', 'N', '', 2, '0000-00-00', '160.00', '0.00'),
(525, 'SOB000790415', '2015-04-10', 270, '100415', '2015-04-10', 0, 34, 'USD', 2, '340.00', '374.00', 'N', '', 2, '0000-00-00', '34.00', '0.00'),
(526, 'SOB000800415', '2015-04-10', 100, '100415', '2015-04-10', 0, 34, 'USD', 2, '2620.00', '2882.00', 'N', '', 2, '0000-00-00', '262.00', '0.00'),
(527, 'SOB000810415', '2015-04-10', 50, '100415', '2015-04-10', 0, 34, 'USD', 2, '400.00', '440.00', 'N', '', 2, '0000-00-00', '40.00', '0.00'),
(528, 'SOB000820415', '2015-04-13', 182, '.', '2015-04-13', 0, 34, 'USD', 2, '570.00', '627.00', 'N', '', 2, '0000-00-00', '57.00', '0.00'),
(529, 'SOB000830415', '2015-04-15', 19, '.', '2015-04-15', 0, 34, 'USD', 2, '960.00', '1056.00', 'N', '', 2, '0000-00-00', '96.00', '0.00'),
(530, 'SOB000840415', '2015-04-13', 17, 'O 02753', '2015-04-13', 0, 34, 'USD', 2, '1920.00', '2112.00', 'N', '', 2, '0000-00-00', '192.00', '0.00'),
(531, 'SOB000850415', '2015-04-15', 100, '150415', '2015-04-15', 0, 34, 'USD', 2, '4250.00', '4675.00', 'N', '', 2, '0000-00-00', '425.00', '0.00'),
(532, 'SOB000860415', '2015-04-16', 15, '.', '2015-04-16', 0, 34, 'IDR', 2, '4315920.00', '4747512.00', 'N', '', 2, '0000-00-00', '431592.00', '0.00'),
(533, 'SOB000870415', '2015-04-15', 113, '1503130139-7', '2015-04-15', 0, 34, 'IDR', 2, '6550000.00', '7205000.00', 'N', '', 2, '0000-00-00', '655000.00', '0.00'),
(534, 'SOB000880415', '2015-04-17', 182, '.', '2015-04-17', 0, 34, 'USD', 2, '360.00', '396.00', 'N', '', 2, '0000-00-00', '36.00', '0.00'),
(535, 'SOB000890415', '2015-04-20', 19, 'PO/GO/15/IV/043', '2015-04-20', 0, 34, 'USD', 2, '960.00', '1056.00', 'N', '', 2, '0000-00-00', '96.00', '0.00'),
(536, 'SOB000900415', '2015-04-20', 100, '200415', '2015-04-20', 0, 34, 'USD', 2, '0.00', '0.00', 'N', '', 2, '0000-00-00', '0.00', '0.00'),
(537, 'SOB000910415', '2015-04-21', 100, '210415', '2015-04-21', 0, 34, 'USD', 2, '8620.00', '9482.00', 'N', '', 2, '0000-00-00', '862.00', '0.00'),
(538, 'SOB000920415', '2015-04-21', 182, '210415', '2015-04-21', 0, 34, 'USD', 2, '200.00', '220.00', 'N', '', 2, '0000-00-00', '20.00', '0.00'),
(539, 'SOB000930415', '2015-04-21', 52, '210415', '2015-04-21', 0, 34, 'USD', 2, '109.50', '120.45', 'N', '', 2, '0000-00-00', '10.95', '0.00'),
(540, 'SOB000940415', '2015-04-21', 15, 'BK 50786', '2015-04-21', 0, 34, 'IDR', 2, '4342800.00', '4777080.00', 'N', '', 2, '0000-00-00', '434280.00', '0.00'),
(541, 'SOB000950415', '2015-04-27', 270, '270415', '2015-04-27', 0, 34, 'USD', 2, '340.00', '374.00', 'N', '', 2, '0000-00-00', '34.00', '0.00'),
(542, 'SOB000960415', '2015-04-27', 100, '270415', '2015-04-27', 0, 34, 'USD', 2, '2530.00', '2783.00', 'N', '', 2, '0000-00-00', '253.00', '0.00'),
(543, 'SOB000970415', '2015-04-28', 182, '.', '2015-04-28', 0, 34, 'USD', 2, '590.00', '649.00', 'N', '', 2, '0000-00-00', '59.00', '0.00'),
(544, 'SOB000980415', '2015-04-29', 15, 'BK 50189', '2015-04-29', 0, 34, 'IDR', 2, '2178960.00', '2396856.00', 'N', '', 2, '0000-00-00', '217896.00', '0.00'),
(545, 'SOB000990415', '2015-04-30', 52, '300415', '2015-04-30', 0, 34, 'USD', 2, '66.00', '72.60', 'N', '', 2, '0000-00-00', '6.60', '0.00'),
(546, 'SOB001020515', '2015-05-04', 270, '040515', '2015-05-04', 0, 34, 'USD', 2, '340.00', '374.00', 'N', '', 2, '0000-00-00', '34.00', '0.00'),
(547, 'SOB001010515', '2015-05-05', 50, '050515', '2015-05-05', 0, 34, 'USD', 2, '975.00', '1072.50', 'N', '', 2, '0000-00-00', '97.50', '0.00'),
(548, 'SOB001000515', '2015-05-04', 50, '040515', '2015-05-04', 0, 34, 'USD', 2, '375.00', '412.50', 'N', '', 2, '0000-00-00', '37.50', '0.00'),
(549, 'SOB001030515', '2015-05-05', 182, '050515', '2015-05-05', 0, 34, 'USD', 2, '750.00', '825.00', 'N', '', 2, '0000-00-00', '75.00', '0.00'),
(550, 'SOB001040515', '2015-05-06', 182, '060615', '2015-05-06', 0, 34, 'USD', 2, '350.00', '385.00', 'N', '', 2, '0000-00-00', '35.00', '0.00'),
(551, 'SOB001050515', '2015-05-06', 100, '060515', '2015-05-06', 0, 34, 'USD', 2, '5980.00', '6578.00', 'N', '', 2, '0000-00-00', '598.00', '0.00'),
(552, 'SOB001060515', '2015-05-06', 15, 'BK 50202', '2015-05-06', 0, 34, 'IDR', 2, '4368000.00', '4804800.00', 'N', '', 2, '0000-00-00', '436800.00', '0.00'),
(553, 'SOB001070515', '2015-05-06', 50, '060515', '2015-05-06', 0, 34, 'USD', 2, '400.00', '440.00', 'N', '', 2, '0000-00-00', '40.00', '0.00'),
(554, 'SOB001080515', '2015-05-11', 182, '110515', '2015-05-11', 0, 34, 'USD', 2, '360.00', '396.00', 'N', '', 2, '0000-00-00', '36.00', '0.00'),
(555, 'SOB001090515', '2015-05-11', 182, '110515', '2015-05-11', 0, 34, 'USD', 2, '390.00', '429.00', 'N', '', 2, '0000-00-00', '39.00', '0.00'),
(556, 'SBP003150515', '2015-05-04', 16, 'PO15/04/0338', '2015-05-04', 30, 48, 'USD', 1, '3800.00', '4180.00', 'N', '', 50, '0000-00-00', '380.00', '0.00');

-- --------------------------------------------------------

--
-- Table structure for table `sales_order_detail`
--

CREATE TABLE IF NOT EXISTS `sales_order_detail` (
  `id` int(11) NOT NULL AUTO_INCREMENT,
  `sales_order_id` int(11) NOT NULL,
  `barang_sales_id` varchar(12) NOT NULL,
  `quantity` int(11) NOT NULL,
  `price` decimal(14,2) NOT NULL,
  PRIMARY KEY (`id`)
) ENGINE=MyISAM  DEFAULT CHARSET=latin1 AUTO_INCREMENT=998 ;

--
-- Dumping data for table `sales_order_detail`
--

INSERT INTO `sales_order_detail` (`id`, `sales_order_id`, `barang_sales_id`, `quantity`, `price`) VALUES
(1, 1, 'PC01P001009', 14, '100000.00'),
(2, 1, '0', 12, '0.00'),
(3, 1, '0', 41, '0.00'),
(4, 2, 'PC01P001009', 1324, '8000.00'),
(5, 2, 'PC01P001001', 1933, '3200.00'),
(6, 2, 'PC01P001002', 2122, '7500.00'),
(7, 3, 'PC01P000001', 50, '1000000.00'),
(8, 3, 'PC01P000004', 30, '500000.00'),
(12, 3, '', 1, '0.00'),
(11, 3, '', 1, '0.00'),
(13, 3, '', 1, '0.00'),
(14, 3, '', 1, '0.00'),
(15, 3, '', 1, '0.00'),
(16, 3, '', 1, '0.00'),
(17, 3, '', 1, '0.00'),
(18, 3, '', 1, '0.00'),
(19, 3, '', 1, '0.00'),
(23, 3, 'PC01P000186', 1000, '4000.00'),
(26, 3, 'PC01P000008', 100, '9000.00'),
(27, 3, 'PC01P000826', 15, '300000.00'),
(28, 5, 'PC01P000001', 150, '1000000.00'),
(29, 5, 'PC01P000004', 350, '500000.00'),
(30, 6, 'PC01P000001', 15, '10000000.00'),
(32, 6, '', 350, '0.00'),
(33, 9, 'PC01P000767', 10, '10.00'),
(34, 9, 'PC01P001234', 29, '19.00'),
(35, 10, 'PC01P000670', 19, '99.00'),
(36, 11, 'PC01P001234', 15, '7.76'),
(37, 12, 'PC01P000767', 10, '9.95'),
(38, 13, 'PC01P000008', 10, '9.95'),
(39, 14, 'PC01P000009', 980, '1999.96'),
(40, 15, 'PC01P000186', 25, '60.56'),
(41, 15, 'PC01P000001', 234, '75.59'),
(42, 16, 'PC01P000710', 236, '2500.00'),
(43, 16, 'PC01P000004', 68, '30000.00'),
(44, 16, 'PC01P000643', 10, '345.00'),
(45, 17, 'PC01P000008', 100, '100000.00'),
(46, 17, 'PC01P000643', 200, '200000.00'),
(47, 17, 'PC01P000305', 300, '300000.00'),
(48, 17, 'PC01P000033', 400, '400000.00'),
(49, 18, 'PC01P000001', 15, '100.00'),
(50, 18, 'PC01P000008', 10, '30.00'),
(51, 18, 'PC01P000010', 20, '50.00'),
(52, 19, 'PC01P000036', 2000, '0.30'),
(53, 19, 'PC01P000791', 4000, '0.90'),
(54, 20, 'PC01P000956', 200, '2.20'),
(55, 21, 'PC01P000232', 1800, '17.60'),
(56, 21, 'PC01P001182', 360, '13.50'),
(57, 21, 'PC01P000200', 200, '2.80'),
(58, 22, 'PC01P000203', 1000, '0.40'),
(59, 23, 'PC01P001256', 30, '1.90'),
(60, 24, 'PC01P000811', 600, '1.90'),
(61, 24, 'PC01P000203', 400, '0.40'),
(62, 25, 'PC01P001202', 1000, '1.90'),
(63, 26, 'PC01P001285', 1560, '0.76'),
(64, 26, 'PC01P001284', 600, '2.10'),
(65, 26, 'PC01P001283', 2200, '3.50'),
(66, 26, 'PC01P001288', 200, '4.25'),
(67, 27, 'PC01P000075', 225, '20000.00'),
(68, 28, 'PC01P001224', 150, '31.00'),
(69, 29, 'PC01P000794', 500, '6.82'),
(70, 30, 'PC01P000823', 600, '2.80'),
(71, 30, 'PC01P001141', 400, '2.15'),
(72, 30, 'PC01P001289', 150, '17.00'),
(73, 30, 'PC01P000930', 50, '14.50'),
(74, 30, 'PC01P000926', 50, '14.50'),
(75, 30, 'PC01P000994', 60, '8.25'),
(76, 31, 'PC01P000084', 140, '8500.00'),
(77, 32, 'PC01P000112', 400, '0.55'),
(78, 32, 'PC01P000806', 200, '1.64'),
(79, 33, 'PC01P000203', 1000, '0.40'),
(80, 33, 'PC01P000909', 600, '1.90'),
(81, 33, 'PC01P000823', 810, '2.60'),
(82, 34, 'PC01P000084', 175, '6700.00'),
(83, 35, 'PC01P000036', 2000, '0.30'),
(84, 36, 'PC01P000203', 600, '0.40'),
(85, 36, 'PC01P000909', 400, '1.90'),
(86, 36, 'PC01P000823', 300, '2.60'),
(87, 37, 'PC01P000932', 150, '15.75'),
(88, 38, 'PC01P000039', 90, '0.85'),
(89, 38, 'PC01P000222', 400, '2.60'),
(90, 39, 'PC01P001085', 200, '1.50'),
(91, 40, 'PC01P000794', 1000, '6.82'),
(92, 41, 'PC01P001289', 50, '17.00'),
(93, 41, 'PC01P000076', 130, '4.60'),
(94, 42, 'PC01P000203', 1600, '0.40'),
(95, 42, 'PC01P000909', 400, '1.90'),
(96, 42, 'PC01P000823', 300, '2.60'),
(97, 42, 'PC01P000001', 300, '0.80'),
(98, 42, 'PC01P000301', 1000, '0.40'),
(99, 43, 'PC01P000956', 480, '2.20'),
(100, 44, 'PC01P000254', 600, '1.57'),
(101, 45, 'PC01P000823', 600, '2.60'),
(102, 46, 'PC01P001285', 480, '0.76'),
(103, 46, 'PC01P001283', 1000, '3.50'),
(104, 46, 'PC01P001284', 200, '2.10'),
(105, 67, 'PC01P000811', 400, '1.90'),
(106, 67, 'PC01P000823', 300, '2.60'),
(107, 67, 'PC01P000203', 600, '0.40'),
(108, 66, 'PC01P000956', 200, '2.20'),
(109, 66, 'PC01P000806', 200, '1.60'),
(110, 65, 'PC01P000063', 1000, '1.00'),
(111, 65, 'PC01P000097', 1000, '0.95'),
(112, 65, 'PC01P000103', 950, '1.45'),
(113, 65, 'PC01P000220', 600, '2.40'),
(114, 65, 'PC01P000126', 100, '8.00'),
(115, 64, 'PC01P000163', 3000, '1.50'),
(116, 63, 'PC01P000009', 800, '1.20'),
(117, 62, 'PC01P000084', 525, '6700.00'),
(118, 62, 'PC01P000136', 300, '20000.00'),
(119, 61, 'PC01P000001', 600, '0.90'),
(120, 59, 'PC01P000038', 2400, '0.80'),
(121, 60, 'PC01P001203', 1000, '1.90'),
(122, 58, 'PC01P000001', 150, '0.80'),
(123, 58, 'PC01P000203', 600, '0.40'),
(124, 58, 'PC01P000823', 150, '2.60'),
(125, 58, 'PC01P000811', 400, '1.90'),
(126, 57, 'PC01P000076', 130, '4.60'),
(127, 57, 'PC01P000930', 50, '14.50'),
(128, 57, 'PC01P000926', 50, '14.50'),
(129, 57, 'PC01P000960', 25, '17.00'),
(130, 56, 'PC01P000021', 1000, '1.90'),
(131, 55, 'PC01P000254', 400, '1.57'),
(132, 55, 'PC01P000828', 200, '2.86'),
(133, 54, 'PC01P000039', 7000, '0.72'),
(134, 53, 'PC01P001140', 60, '6.00'),
(135, 52, 'PC01P001285', 600, '0.76'),
(136, 52, 'PC01P001284', 400, '2.10'),
(137, 52, 'PC01P001283', 1000, '3.50'),
(138, 51, 'PC01P000869', 1000, '0.70'),
(139, 51, 'PC01P000791', 4000, '0.90'),
(140, 47, 'PC01P001267', 50, '3.00'),
(141, 48, 'PC01P000078', 400, '1.90'),
(142, 48, 'PC01P000001', 300, '0.85'),
(143, 48, 'PC01P000021', 150, '1.50'),
(144, 49, 'PC01P000001', 300, '0.80'),
(145, 49, 'PC01P000203', 1000, '0.40'),
(146, 49, 'PC01P000823', 810, '2.60'),
(147, 49, 'PC01P000811', 400, '1.90'),
(148, 50, 'PC01P000036', 4000, '0.30'),
(149, 68, 'PC01P000996', 60, '2.25'),
(150, 68, 'PC01P000994', 40, '8.25'),
(151, 68, 'PC01P001140', 60, '6.00'),
(152, 69, 'PC01P000313', 100, '2.45'),
(153, 70, 'PC01P000678', 60, '1.90'),
(154, 71, 'PC01P000203', 1000, '0.40'),
(155, 71, 'PC01P000811', 600, '1.90'),
(156, 71, 'PC01P000001', 300, '0.80'),
(157, 71, 'PC01P000823', 810, '2.60'),
(158, 72, 'PC01P000111', 720, '0.88'),
(159, 73, 'PC01P000222', 400, '2.60'),
(160, 73, 'PC01P000313', 30, '2.95'),
(161, 73, 'PC01P000665', 160, '1.50'),
(162, 74, 'PC01P000001', 600, '0.90'),
(163, 75, 'PC01P001141', 400, '2.15'),
(164, 75, 'PC01P001195', 200, '1.80'),
(165, 76, 'PC01P001202', 1000, '1.90'),
(166, 77, 'PC01P000203', 600, '0.40'),
(167, 77, 'PC01P000811', 200, '1.90'),
(168, 77, 'PC01P000001', 150, '0.80'),
(169, 78, 'PC01P000103', 950, '1.45'),
(170, 78, 'PC01P000220', 400, '2.40'),
(171, 78, 'PC01P000063', 1000, '1.00'),
(172, 78, 'PC01P000097', 1000, '0.95'),
(173, 78, 'PC01P000126', 100, '8.00'),
(174, 79, 'PC01P000136', 300, '20000.00'),
(175, 79, 'PC01P000020', 200, '8500.00'),
(176, 80, 'PC01P000232', 200, '17.60'),
(177, 80, 'PC01P001182', 38, '13.50'),
(178, 81, 'PC01P000823', 600, '2.60'),
(179, 81, 'PC01P000909', 200, '1.90'),
(180, 81, 'PC01P000001', 150, '0.80'),
(181, 81, 'PC01P000926', 50, '14.50'),
(182, 81, 'PC01P000930', 100, '14.00'),
(183, 81, 'PC01P000962', 25, '14.50'),
(184, 81, 'PC01P000203', 600, '0.40'),
(185, 82, 'PC01P000076', 130, '4.60'),
(186, 82, 'PC01P000823', 510, '2.80'),
(187, 82, 'PC01P000994', 40, '8.25'),
(188, 83, 'PC01P000203', 600, '0.40'),
(189, 83, 'PC01P000001', 300, '0.80'),
(190, 83, 'PC01P000823', 300, '2.60'),
(191, 83, 'PC01P000811', 200, '1.90'),
(192, 84, 'PC01P000084', 210, '6700.00'),
(193, 85, 'PC01P000009', 600, '1.20'),
(194, 86, 'PC01P000244', 1000, '0.40'),
(195, 86, 'PC01P000249', 3000, '0.22'),
(196, 87, 'PC01P001195', 200, '1.80'),
(197, 87, 'PC01P001141', 200, '2.15'),
(198, 88, 'PC01P000111', 540, '1.10'),
(199, 88, 'PC01P000172', 200, '2.20'),
(200, 89, 'PC01P000079', 30, '1.60'),
(201, 89, 'PC01P000136', 50, '1.70'),
(202, 90, 'PC01P000084', 70, '8500.00'),
(203, 90, 'PC01P000021', 50, '15000.00'),
(204, 91, 'PC01P000811', 600, '1.90'),
(205, 91, 'PC01P000203', 1000, '0.40'),
(206, 91, 'PC01P000001', 600, '0.80'),
(207, 91, 'PC01P000823', 600, '2.60'),
(208, 92, 'PC01P000254', 400, '1.57'),
(209, 92, 'PC01P000195', 120, '2.25'),
(210, 93, 'PC01P000036', 4000, '0.30'),
(211, 94, 'PC01P000163', 2000, '1.50'),
(212, 95, 'PC01P000203', 600, '0.40'),
(213, 95, 'PC01P000811', 200, '1.90'),
(214, 95, 'PC01P000823', 300, '2.60'),
(215, 95, 'PC01P000001', 300, '0.80'),
(216, 96, 'PC01P000823', 120, '2.65'),
(217, 97, 'PC01P000009', 200, '1.20'),
(218, 97, 'PC01P001085', 200, '1.50'),
(219, 98, 'PC01P000084', 210, '6700.00'),
(220, 99, 'PC01P000249', 750, '2600.00'),
(221, 99, 'PC01P000311', 400, '6000.00'),
(222, 100, 'PC01P001223', 50, '2.56'),
(223, 100, 'PC01P000232', 200, '17.60'),
(224, 101, 'PC01P001224', 50, '31.00'),
(225, 101, 'PC01P001182', 38, '13.50'),
(226, 102, 'PC01P000076', 130, '4.60'),
(227, 102, 'PC01P000974', 75, '14.50'),
(228, 102, 'PC01P001277', 50, '17.00'),
(229, 103, 'PC01P000829', 160, '40342.40'),
(230, 104, 'PC01P000192', 1000, '15000.00'),
(231, 105, 'PC01P001202', 1000, '1.90'),
(232, 106, 'PC01P000811', 400, '1.90'),
(233, 106, 'PC01P000203', 400, '0.40'),
(234, 107, 'PC01P000962', 25, '17.00'),
(235, 107, 'PC01P000930', 100, '14.50'),
(236, 107, 'PC01P000926', 200, '14.50'),
(237, 108, 'PC01P000001', 900, '0.90'),
(238, 109, 'PC01P000075', 450, '20000.00'),
(239, 110, 'PC01P000078', 1200, '1.90'),
(240, 110, 'PC01P000001', 300, '0.85'),
(241, 111, 'PC01P000172', 50, '1.45'),
(242, 111, 'PC01P000111', 360, '0.88'),
(243, 112, 'PC01P000084', 210, '6700.00'),
(244, 112, 'PC01P000136', 300, '20000.00'),
(245, 113, 'PC01P000009', 600, '1.20'),
(246, 114, 'PC01P001285', 600, '0.76'),
(247, 114, 'PC01P001283', 800, '3.50'),
(248, 114, 'PC01P001284', 200, '2.10'),
(249, 114, 'PC01P001286', 200, '4.25'),
(250, 115, 'PC01P001141', 200, '2.15'),
(251, 115, 'PC01P000823', 720, '2.80'),
(252, 116, 'PC01P000001', 300, '0.80'),
(253, 116, 'PC01P000203', 1000, '0.40'),
(254, 116, 'PC01P000811', 600, '1.90'),
(255, 117, 'PC01P000039', 6000, '0.72'),
(256, 118, 'PC01P000030', 200, '3.55'),
(257, 119, 'PC01P000791', 5000, '0.90'),
(258, 120, 'PC01P000232', 200, '17.60'),
(259, 120, 'PC01P001182', 38, '13.50'),
(260, 120, 'PC01P001223', 50, '2.56'),
(261, 121, 'PC01P000811', 400, '1.90'),
(262, 121, 'PC01P000001', 600, '0.80'),
(263, 121, 'PC01P000203', 1000, '0.40'),
(264, 122, 'PC01P000111', 900, '0.88'),
(265, 123, 'PC01P000076', 130, '4.60'),
(266, 123, 'PC01P001195', 400, '1.80'),
(267, 124, 'PC01P000665', 120, '1.50'),
(268, 124, 'PC01P000039', 120, '0.85'),
(269, 125, 'PC01P000163', 3000, '1.50'),
(270, 126, 'PC01P000909', 200, '1.96'),
(271, 127, 'PC01P000811', 400, '1.90'),
(272, 127, 'PC01P000203', 1000, '0.40'),
(273, 127, 'PC01P000001', 300, '0.80'),
(274, 128, 'PC01P000794', 1000, '6.82'),
(275, 129, 'PC01P001203', 1000, '1.90'),
(276, 130, 'PC01P000177', 100, '6.90'),
(277, 131, 'PC01P000021', 600, '1.37'),
(278, 131, 'PC01P000165', 400, '2.58'),
(279, 132, 'PC01P001285', 600, '0.76'),
(280, 132, 'PC01P001283', 800, '3.50'),
(281, 132, 'PC01P001284', 400, '2.10'),
(282, 133, 'PC01P000203', 1000, '0.40'),
(283, 133, 'PC01P000001', 600, '0.80'),
(284, 134, 'PC01P001314', 400, '17992.26'),
(285, 135, 'PC01P000823', 180, '2.65'),
(286, 135, 'PC01P000112', 200, '0.55'),
(287, 135, 'PC01P000001', 120, '0.78'),
(288, 136, 'PC01P001180', 9000, '1.57'),
(289, 136, 'PC01P000001', 6000, '0.81'),
(290, 137, 'PC01P000253', 300, '1.40'),
(291, 138, 'PC01P000111', 900, '0.88'),
(292, 139, 'PC01P000254', 400, '1.57'),
(293, 140, 'PC01P001284', 200, '2.10'),
(294, 140, 'PC01P001283', 200, '3.50'),
(295, 140, 'PC01P001285', 120, '0.76'),
(296, 141, 'PC01P000254', 400, '1.57'),
(297, 142, 'PC01P001141', 400, '2.15'),
(298, 142, 'PC01P000076', 260, '4.60'),
(299, 143, 'PC01P000177', 250, '6.90'),
(300, 144, 'PC01P000021', 50, '1.40'),
(301, 145, 'PC01P000232', 200, '17.60'),
(302, 145, 'PC01P001182', 38, '13.50'),
(303, 145, 'PC01P001224', 100, '31.00'),
(304, 146, 'PC01P000811', 200, '1.90'),
(305, 147, 'PC01P001285', 120, '0.76'),
(306, 147, 'PC01P001283', 400, '3.50'),
(307, 148, 'PC01P000001', 150, '0.80'),
(308, 148, 'PC01P000203', 800, '0.40'),
(309, 148, 'PC01P000811', 200, '1.90'),
(310, 149, 'PC01P000036', 4000, '0.30'),
(311, 150, 'PC01P001202', 1000, '1.90'),
(312, 151, 'PC01P000021', 800, '1.90'),
(313, 152, 'PC01P000313', 100, '2.45'),
(314, 152, 'PC01P000001', 900, '0.90'),
(315, 153, 'PC01P000222', 400, '2.60'),
(316, 154, 'PC01P000038', 2040, '0.80'),
(317, 155, 'PC01P000112', 400, '0.55'),
(318, 155, 'PC01P000001', 120, '0.78'),
(319, 156, 'PC01P001141', 600, '2.15'),
(320, 156, 'PC01P000823', 510, '2.80'),
(321, 157, 'PC01P000811', 200, '1.90'),
(322, 157, 'PC01P000001', 600, '0.80'),
(323, 157, 'PC01P000203', 800, '0.40'),
(324, 158, 'PC01P000084', 210, '6700.00'),
(325, 158, 'PC01P000136', 200, '20000.00'),
(326, 159, 'PC01P001085', 400, '1.50'),
(327, 160, 'PC01P001317', 400, '1.90'),
(328, 161, 'PC01P000039', 300, '9000.00'),
(329, 162, 'PC01P000153', 100, '1.30'),
(330, 162, 'PC01P001030', 400, '2.00'),
(331, 162, 'PC01P001026', 250, '3.00'),
(332, 163, 'PC01P000829', 200, '40960.00'),
(333, 164, 'PC01P001195', 400, '1.80'),
(334, 164, 'PC01P000076', 260, '4.60'),
(335, 165, 'PC01P000076', 260, '4.60'),
(336, 166, 'PC01P000203', 800, '0.40'),
(337, 166, 'PC01P000811', 200, '1.90'),
(338, 166, 'PC01P000001', 600, '0.80'),
(339, 167, 'PC01P000009', 200, '1.20'),
(340, 168, 'PC01P001182', 38, '13.50'),
(341, 168, 'PC01P000232', 200, '17.60'),
(342, 169, 'PC01P001141', 200, '2.15'),
(343, 170, 'PC01P001319', 200, '1.41'),
(344, 171, 'PC01P000038', 1080, '0.80'),
(345, 172, 'PC01P001003', 30, '9.00'),
(346, 172, 'PC01P000930', 100, '14.50'),
(347, 172, 'PC01P000926', 100, '14.50'),
(348, 172, 'PC01P000932', 50, '15.75'),
(349, 173, 'PC01P001203', 1000, '1.90'),
(350, 174, 'PC01P000001', 300, '0.80'),
(351, 174, 'PC01P000203', 800, '0.40'),
(352, 174, 'PC01P000811', 400, '1.90'),
(353, 175, 'PC01P000039', 60, '0.85'),
(354, 176, 'PC01P000232', 400, '17.60'),
(355, 176, 'PC01P001182', 76, '13.50'),
(356, 177, 'PC01P001283', 600, '3.50'),
(357, 177, 'PC01P001285', 360, '0.76'),
(358, 177, 'PC01P001284', 200, '2.10'),
(359, 178, 'PC01P000203', 800, '0.40'),
(360, 178, 'PC01P000811', 200, '1.90'),
(361, 178, 'PC01P000001', 600, '0.80'),
(362, 179, 'PC01P001141', 400, '2.15'),
(363, 179, 'PC01P000076', 390, '4.60'),
(364, 180, 'PC01P001256', 50, '1.80'),
(365, 181, 'PC01P000021', 50, '15000.00'),
(366, 181, 'PC01P000084', 70, '8500.00'),
(367, 182, 'PC01P000806', 200, '1.64'),
(368, 182, 'PC01P000823', 240, '2.65'),
(369, 183, 'PC01P000823', 240, '2.65'),
(370, 184, 'PC01P000222', 400, '2.60'),
(371, 185, 'PC01P000009', 200, '1.20'),
(372, 186, 'PC01P000084', 210, '6700.00'),
(373, 187, 'PC01P000823', 300, '2.60'),
(374, 188, 'PC01P000126', 100, '8.00'),
(375, 188, 'PC01P000220', 400, '2.40'),
(376, 188, 'PC01P000103', 950, '1.45'),
(377, 188, 'PC01P000097', 1000, '0.95'),
(378, 188, 'PC01P000063', 1000, '1.00'),
(379, 189, 'PC01P000791', 6000, '0.90'),
(380, 189, 'PC01P000036', 2000, '0.30'),
(381, 189, 'PC01P000869', 2400, '0.70'),
(382, 190, 'PC01P000232', 400, '17.60'),
(383, 190, 'PC01P001182', 76, '13.50'),
(384, 191, 'PC01P000249', 800, '2600.00'),
(385, 191, 'PC01P000311', 300, '6000.00'),
(386, 192, 'PC01P001140', 40, '6.00'),
(387, 192, 'PC01P000203', 800, '0.40'),
(388, 192, 'PC01P000811', 400, '1.90'),
(389, 192, 'PC01P000823', 300, '2.60'),
(390, 192, 'PC01P000996', 40, '2.25'),
(391, 193, 'PC01P001003', 30, '9.00'),
(392, 193, 'PC01P000932', 50, '15.75'),
(393, 193, 'PC01P000930', 100, '14.50'),
(394, 193, 'PC01P000926', 100, '14.50'),
(395, 193, 'PC01P000996', 600, '2.25'),
(396, 193, 'PC01P001141', 600, '2.15'),
(397, 193, 'PC01P000076', 260, '4.60'),
(398, 194, 'PC01P001141', 30, '2.15'),
(399, 194, 'PC01P001323', 30, '2.25'),
(400, 195, 'PC01P000254', 400, '1.57'),
(401, 196, 'PC01P000665', 120, '1.50'),
(402, 196, 'PC01P001317', 400, '1.90'),
(403, 196, 'PC01P000222', 400, '2.60'),
(404, 197, 'PC01P000078', 1400, '1.90'),
(405, 197, 'PC01P000001', 330, '0.85'),
(406, 197, 'PC01P000021', 100, '1.50'),
(407, 198, 'PC01P000075', 450, '20000.00'),
(408, 199, 'PC01P000823', 150, '2.60'),
(409, 199, 'PC01P000001', 300, '0.80'),
(410, 199, 'PC01P000203', 800, '0.40'),
(411, 199, 'PC01P000811', 400, '1.90'),
(412, 200, 'PC01P000926', 100, '14.50'),
(413, 200, 'PC01P000930', 100, '14.50'),
(414, 200, 'PC01P000823', 510, '2.80'),
(415, 201, 'PC01P001206', 200, '4.00'),
(416, 202, 'PC01P001182', 304, '13.50'),
(417, 202, 'PC01P000232', 1600, '17.60'),
(418, 203, 'PC01P001304', 1200, '3.95'),
(419, 204, 'PC01P001085', 400, '1.50'),
(420, 205, 'PC01P000136', 250, '20000.00'),
(421, 205, 'PC01P000084', 210, '6700.00'),
(422, 206, 'PC01P000111', 720, '0.88'),
(423, 207, 'PC01P000203', 1000, '0.40'),
(424, 207, 'PC01P000811', 400, '1.90'),
(425, 207, 'PC01P000001', 600, '0.80'),
(426, 207, 'PC01P000823', 600, '2.60'),
(427, 208, 'PC01P001285', 240, '0.76'),
(428, 208, 'PC01P001283', 400, '3.50'),
(429, 209, 'PC01P001202', 1000, '1.90'),
(430, 210, 'PC01P000085', 600, '10750.00'),
(431, 211, 'PC01P000021', 800, '1.90'),
(432, 212, 'PC01P001319', 200, '1.41'),
(433, 213, 'PC01P000313', 100, '2.45'),
(434, 213, 'PC01P000163', 2000, '1.50'),
(435, 213, 'PC01P000001', 900, '0.90'),
(436, 214, 'PC01P000313', 100, '2.45'),
(437, 215, 'PC01P001141', 600, '2.15'),
(438, 216, 'PC01P000203', 1000, '0.40'),
(439, 216, 'PC01P000811', 400, '1.90'),
(440, 217, 'PC01P001283', 600, '3.50'),
(441, 217, 'PC01P001285', 240, '0.76'),
(442, 217, 'PC01P001284', 200, '2.10'),
(443, 218, 'PC01P000084', 210, '6700.00'),
(444, 218, 'PC01P001258', 35, '18500.00'),
(445, 218, 'PC01P000020', 200, '12000.00'),
(446, 219, 'PC01P001085', 200, '1.50'),
(447, 220, 'PC01P000794', 500, '6.82'),
(448, 221, 'PC01P001284', 200, '2.10'),
(449, 221, 'PC01P001283', 200, '3.50'),
(450, 221, 'PC01P001285', 240, '0.76'),
(451, 222, 'PC01P000192', 1000, '15000.00'),
(452, 223, 'PC01P000001', 6000, '0.81'),
(453, 223, 'PC01P001180', 9000, '1.57'),
(454, 224, 'PC01P000036', 2000, '0.30'),
(455, 225, 'PC01P000126', 100, '8.00'),
(456, 225, 'PC01P000103', 570, '1.45'),
(457, 225, 'PC01P000063', 600, '1.00'),
(458, 225, 'PC01P000097', 600, '0.95'),
(459, 226, 'PC01P001285', 120, '0.76'),
(460, 226, 'PC01P001283', 400, '3.50'),
(461, 227, 'PC01P000828', 300, '2.86'),
(462, 228, 'PC01P001141', 400, '2.15'),
(463, 228, 'PC01P000930', 50, '14.50'),
(464, 228, 'PC01P000823', 510, '2.80'),
(465, 228, 'PC01P000076', 260, '4.60'),
(466, 228, 'PC01P001112', 40, '8.40'),
(467, 228, 'PC01P000926', 50, '14.50'),
(468, 229, 'PC01P000039', 60, '0.85'),
(469, 229, 'PC01P001317', 800, '1.90'),
(470, 230, 'PC01P000239', 25, '5.00'),
(471, 231, 'PC01P000177', 250, '6.90'),
(472, 232, 'PC01P000203', 800, '0.40'),
(473, 232, 'PC01P000076', 130, '4.60'),
(474, 233, 'PC01P000001', 300, '0.78'),
(475, 233, 'PC01P000112', 400, '0.55'),
(476, 234, 'PC01P000021', 50, '15000.00'),
(477, 235, 'PC01P001176', 25, '5.75'),
(478, 236, 'PC01P000996', 40, '2.25'),
(479, 236, 'PC01P001326', 25, '8.80'),
(480, 237, 'PC01P001224', 50, '31.00'),
(481, 237, 'PC01P001223', 50, '2.56'),
(482, 238, 'PC01P000001', 300, '0.80'),
(483, 238, 'PC01P000203', 1000, '0.40'),
(484, 238, 'PC01P000811', 400, '1.90'),
(485, 239, 'PC01P000254', 400, '1.57'),
(486, 240, 'PC01P001304', 800, '3.95'),
(487, 241, 'PC01P000084', 210, '6700.00'),
(488, 242, 'PC01P000038', 1680, '0.80'),
(489, 243, 'PC01P001030', 400, '2.00'),
(490, 243, 'PC01P000153', 200, '1.30'),
(491, 244, 'PC01P000039', 240, '9000.00'),
(492, 245, 'PC01P000956', 400, '2.20'),
(493, 246, 'PC01P001319', 400, '1.41'),
(494, 247, 'PC01P000076', 390, '4.60'),
(495, 247, 'PC01P001141', 400, '2.15'),
(496, 247, 'PC01P000926', 50, '14.50'),
(497, 248, 'PC01P000811', 200, '1.90'),
(498, 248, 'PC01P000203', 400, '0.40'),
(499, 248, 'PC01P000001', 600, '0.80'),
(500, 248, 'PC01P000974', 75, '14.50'),
(501, 249, 'PC01P000009', 400, '1.20'),
(502, 250, 'PC01P001283', 2000, '3.50'),
(503, 250, 'PC01P001285', 1200, '0.76'),
(504, 250, 'PC01P001284', 400, '2.10'),
(505, 251, 'PC01P000037', 200, '0.85'),
(506, 252, 'PC01P000036', 2000, '0.30'),
(507, 253, 'PC01P000996', 40, '2.25'),
(508, 253, 'PC01P000811', 200, '1.90'),
(509, 253, 'PC01P000203', 800, '0.40'),
(510, 254, 'PC01P001141', 400, '2.15'),
(511, 254, 'PC01P001195', 200, '1.80'),
(512, 254, 'PC01P000823', 510, '2.80'),
(513, 254, 'PC01P000076', 260, '4.60'),
(514, 255, 'PC01P001037', 100, '2.65'),
(515, 255, 'PC01P001000', 10, '3.75'),
(516, 256, 'PC01P000806', 200, '1.64'),
(517, 257, 'PC01P000222', 400, '2.60'),
(518, 258, 'PC01P001202', 1000, '1.90'),
(519, 259, 'PC01P001285', 360, '0.76'),
(520, 259, 'PC01P001284', 200, '2.10'),
(521, 259, 'PC01P001283', 600, '3.50'),
(522, 260, 'PC01P001283', 200, '3.50'),
(523, 260, 'PC01P001285', 240, '0.76'),
(524, 260, 'PC01P001284', 200, '2.10'),
(525, 260, 'PC01P001286', 200, '4.25'),
(526, 261, 'PC01P000203', 600, '0.40'),
(527, 261, 'PC01P000811', 200, '1.90'),
(528, 261, 'PC01P000001', 600, '0.80'),
(529, 262, 'PC01P000084', 420, '6700.00'),
(530, 263, 'PC01P000001', 720, '0.90'),
(531, 263, 'PC01P000313', 120, '2.45'),
(532, 264, 'PC01P000036', 2000, '0.30'),
(533, 265, 'PC01P000829', 160, '41824.00'),
(534, 266, 'PC01P001140', 40, '6.00'),
(535, 266, 'PC01P000926', 50, '14.50'),
(536, 266, 'PC01P000996', 60, '2.25'),
(537, 266, 'PC01P000994', 40, '8.25'),
(538, 266, 'PC01P000930', 50, '14.50'),
(539, 267, 'PC01P000111', 540, '0.88'),
(540, 267, 'PC01P000172', 50, '1.45'),
(541, 267, 'PC01P000222', 50, '2.50'),
(542, 268, 'PC01P000078', 1400, '1.90'),
(543, 268, 'PC01P000021', 300, '1.50'),
(544, 268, 'PC01P000001', 300, '0.85'),
(545, 269, 'PC01P000030', 200, '3.55'),
(546, 270, 'PC01P001203', 1000, '1.90'),
(547, 271, 'PC01P000021', 800, '1.90'),
(548, 272, 'PC01P000203', 1000, '0.40'),
(549, 272, 'PC01P000811', 400, '1.90'),
(550, 272, 'PC01P000001', 150, '0.80'),
(551, 273, 'PC01P000076', 130, '4.60'),
(552, 273, 'PC01P000996', 40, '2.25'),
(553, 274, 'PC01P000078', 1400, '1.90'),
(554, 274, 'PC01P000001', 300, '0.85'),
(555, 274, 'PC01P000021', 300, '1.50'),
(556, 275, 'PC01P000311', 200, '6000.00'),
(557, 276, 'PC01P001224', 50, '31.00'),
(558, 276, 'PC01P001223', 100, '2.56'),
(559, 277, 'PC01P000232', 800, '17.60'),
(560, 277, 'PC01P001182', 95, '13.50'),
(561, 278, 'PC01P000254', 400, '1.57'),
(562, 278, 'PC01P000195', 120, '2.25'),
(563, 279, 'PC01P000811', 200, '1.90'),
(564, 279, 'PC01P000823', 300, '2.60'),
(565, 279, 'PC01P000001', 150, '0.80'),
(566, 279, 'PC01P000203', 1000, '0.40'),
(567, 279, 'PC01P000076', 130, '4.60'),
(568, 280, 'PC01P000076', 130, '4.60'),
(569, 280, 'PC01P001141', 600, '2.15'),
(570, 280, 'PC01P000823', 600, '2.80'),
(571, 280, 'PC01P000996', 40, '2.25'),
(572, 281, 'PC01P000259', 400, '0.90'),
(573, 282, 'PC01P001284', 400, '2.10'),
(574, 282, 'PC01P001283', 1000, '3.50'),
(575, 282, 'PC01P001285', 1320, '0.76'),
(576, 283, 'PC01P000200', 200, '2.80'),
(577, 284, 'PC01P000036', 2000, '0.30'),
(578, 284, 'PC01P000791', 3000, '0.90'),
(579, 285, 'PC01P001319', 400, '1.41'),
(580, 286, 'PC01P001141', 400, '2.15'),
(581, 286, 'PC01P000926', 50, '14.50'),
(582, 286, 'PC01P000994', 60, '8.25'),
(583, 286, 'PC01P000823', 600, '2.80'),
(584, 286, 'PC01P000076', 260, '4.60'),
(585, 287, 'PC01P000021', 100, '15000.00'),
(586, 288, 'PC01P000203', 1000, '0.40'),
(587, 288, 'PC01P000811', 400, '1.90'),
(588, 288, 'PC01P000001', 600, '0.80'),
(589, 288, 'PC01P000823', 150, '2.60'),
(590, 289, 'PC01P000313', 120, '2.45'),
(591, 289, 'PC01P000001', 300, '0.90'),
(592, 290, 'PC01P000085', 600, '10750.00'),
(593, 291, 'PC01P001283', 1400, '3.50'),
(594, 291, 'PC01P001284', 400, '2.10'),
(595, 291, 'PC01P001285', 600, '0.76'),
(596, 292, 'PC01P000249', 800, '2600.00'),
(597, 293, 'PC01P001329', 140, '13.60'),
(598, 294, 'PC01P001202', 1000, '1.90'),
(599, 295, 'PC01P000136', 200, '20000.00'),
(600, 295, 'PC01P000020', 200, '12000.00'),
(601, 295, 'PC01P000084', 210, '6700.00'),
(602, 296, 'PC01P000249', 600, '2600.00'),
(603, 296, 'PC01P000311', 400, '6000.00'),
(604, 297, 'PC01P000021', 50, '15000.00'),
(605, 298, 'PC01P000136', 100, '1.70'),
(606, 299, 'PC01P000996', 60, '2.25'),
(607, 299, 'PC01P001195', 400, '1.80'),
(608, 300, 'PC01P000039', 300, '9000.00'),
(609, 301, 'PC01P000153', 100, '1.30'),
(610, 301, 'PC01P001030', 400, '2.00'),
(611, 302, 'PC01P000036', 2000, '0.30'),
(612, 303, 'PC01P000736', 160, '3.00'),
(613, 304, 'PC01P001284', 200, '2.10'),
(614, 305, 'PC01P000254', 200, '1.57'),
(615, 306, 'PC01P000994', 80, '8.25'),
(616, 307, 'PC01P000203', 600, '0.40'),
(617, 307, 'PC01P000001', 600, '0.80'),
(618, 308, 'PC01P000039', 240, '0.85'),
(619, 309, 'PC01P000021', 300, '1.50'),
(620, 309, 'PC01P000001', 1020, '0.85'),
(621, 309, 'PC01P000078', 1600, '1.90'),
(622, 310, 'PC01P000203', 600, '0.40'),
(623, 310, 'PC01P000811', 200, '1.90'),
(624, 311, 'PC01P000038', 2040, '0.80'),
(625, 312, 'PC01P001284', 400, '2.10'),
(626, 312, 'PC01P001283', 1400, '3.50'),
(627, 312, 'PC01P001285', 480, '0.76'),
(628, 312, 'PC01P001286', 200, '4.25'),
(629, 313, 'PC01P000021', 1000, '1.90'),
(630, 314, 'PC01P000956', 800, '2.20'),
(631, 314, 'PC01P000953', 240, '2.00'),
(632, 315, 'PC01P000036', 2000, '0.30'),
(633, 316, 'PC01P000436', 800, '3.95'),
(634, 316, 'PC01P000021', 600, '1.37'),
(635, 317, 'PC01P001319', 400, '1.41'),
(636, 318, 'PC01P000001', 150, '0.80'),
(637, 318, 'PC01P000203', 1000, '0.40'),
(638, 318, 'PC01P000811', 400, '1.90'),
(639, 319, 'PC01P000222', 400, '2.60'),
(640, 320, 'PC01P000021', 400, '15000.00'),
(641, 321, 'PC01P000254', 600, '1.57'),
(642, 322, 'PC01P000203', 1000, '0.40'),
(643, 322, 'PC01P000811', 400, '1.90'),
(644, 322, 'PC01P000001', 150, '0.80'),
(645, 323, 'PC01P000829', 200, '41424.00'),
(646, 324, 'PC01P000009', 400, '1.20'),
(647, 325, 'PC01P001112', 40, '8.40'),
(648, 325, 'PC01P000823', 510, '2.80'),
(649, 325, 'PC01P001141', 400, '2.15'),
(650, 326, 'PC01P001284', 600, '2.10'),
(651, 326, 'PC01P001285', 1200, '0.76'),
(652, 327, 'PC01P000200', 200, '2.80'),
(653, 328, 'PC01P000811', 400, '1.90'),
(654, 328, 'PC01P000203', 1000, '0.40'),
(655, 328, 'PC01P000001', 300, '0.80'),
(656, 328, 'PC01P000823', 300, '2.60'),
(657, 329, 'PC01P000001', 600, '0.90'),
(658, 330, 'PC01P001203', 1000, '1.90'),
(659, 331, 'PC01P001140', 40, '6.00'),
(660, 331, 'PC01P000977', 60, '4.35'),
(661, 332, 'PC01P000823', 600, '2.60'),
(662, 332, 'PC01P000203', 800, '0.40'),
(663, 332, 'PC01P000811', 400, '1.90'),
(664, 332, 'PC01P000001', 810, '0.80'),
(665, 333, 'PC01P000866', 1000, '1.60'),
(666, 333, 'PC01P000207', 8000, '3.19'),
(667, 334, 'PC01P000144', 180, '14800.00'),
(668, 335, 'PC01P000736', 160, '2.80'),
(669, 336, 'PC01P000285', 600, '1.18'),
(670, 336, 'PC01P000291', 400, '0.74'),
(671, 337, 'PC01P000736', 1600, '2.90'),
(672, 338, 'PC01P000165', 400, '1.95'),
(673, 339, 'PC01P000662', 1000, '2.40'),
(674, 340, 'PC01P000260', 30, '42800.00'),
(675, 340, 'PC01P000091', 200, '6325.00'),
(676, 340, 'PC01P000243', 200, '6500.00'),
(677, 341, 'PC01P000165', 200, '2.30'),
(678, 341, 'PC01P000257', 200, '1.96'),
(679, 342, 'PC01P000163', 8000, '1.25'),
(680, 343, 'PC01P000970', 900, '1.17'),
(681, 344, 'PC01P001207', 120, '4.00'),
(682, 345, 'PC01P000868', 220, '2.45'),
(683, 346, 'PC01P000702', 800, '1.20'),
(684, 346, 'PC01P000778', 150, '13.00'),
(685, 346, 'PC01P000855', 150, '9.50'),
(686, 346, 'PC01P000799', 800, '3.35'),
(687, 347, 'PC01P000970', 900, '1.17'),
(688, 347, 'PC01P000725', 60, '1.96'),
(689, 348, 'PC01P000039', 600, '8250.00'),
(690, 349, 'PC01P001106', 200, '3.65'),
(691, 350, 'PC01P000091', 200, '6325.00'),
(692, 351, 'PC01P000291', 400, '0.74'),
(693, 352, 'PC01P001123', 25, '3.10'),
(694, 353, 'PC01P001261', 30, '16.00'),
(695, 354, 'PC01P000021', 2000, '1.26'),
(696, 354, 'PC01P000244', 2000, '0.45'),
(697, 354, 'PC01P000001', 750, '0.75'),
(698, 355, 'PC01P000194', 200, '3.40'),
(699, 356, 'PC01P000165', 400, '1.95'),
(700, 356, 'PC01P000143', 200, '2.00'),
(701, 357, 'PC01P000866', 1000, '1.60'),
(702, 358, 'PC01P000165', 200, '2.15'),
(703, 359, 'PC01P000091', 200, '6325.00'),
(704, 360, 'PC01P000291', 200, '0.74'),
(705, 361, 'PC01P000868', 220, '2.45'),
(706, 362, 'PC01P000204', 400, '3.00'),
(707, 362, 'PC01P000159', 300, '1.10'),
(708, 362, 'PC01P000194', 67, '3.20'),
(709, 362, 'PC01P000194', 33, '3.20'),
(710, 362, 'PC01P000013', 120, '0.68'),
(711, 362, 'PC01P000719', 50, '1.70'),
(712, 362, 'PC01P000009', 100, '1.55'),
(713, 362, 'PC01P000009', 200, '1.55'),
(714, 363, 'PC01P000207', 8000, '3.19'),
(715, 364, 'PC01P001170', 1000, '1.00'),
(716, 365, 'PC01P000970', 720, '1.17'),
(717, 366, 'PC01P000260', 200, '3.94'),
(718, 367, 'PC01P000127', 1000, '3.10'),
(719, 368, 'PC01P001207', 240, '4.00'),
(720, 369, 'PC01P001261', 60, '16.00'),
(721, 370, 'PC01P000165', 200, '2.30'),
(722, 370, 'PC01P000720', 200, '2.57'),
(723, 370, 'PC01P000039', 150, '1.10'),
(724, 371, 'PC01P001268', 320, '2.70'),
(725, 372, 'PC01P001123', 25, '3.10'),
(726, 373, 'PC01P000291', 200, '0.74'),
(727, 374, 'PC01P000243', 200, '6500.00'),
(728, 374, 'PC01P000260', 30, '42800.00'),
(729, 375, 'PC01P001207', 240, '4.00'),
(730, 376, 'PC01P000187', 600, '0.90'),
(731, 377, 'PC01P000163', 8000, '1.25'),
(732, 377, 'PC01P000662', 1000, '2.40'),
(733, 377, 'PC01P000866', 1000, '1.60'),
(734, 378, 'PC01P000039', 600, '8250.00'),
(735, 379, 'PC01P000091', 200, '6325.00'),
(736, 380, 'PC01P000291', 200, '0.74'),
(737, 381, 'PC01P000970', 900, '1.17'),
(738, 382, 'PC01P000244', 2000, '0.45'),
(739, 382, 'PC01P000021', 2000, '1.26'),
(740, 382, 'PC01P000001', 300, '0.75'),
(741, 382, 'PC01P000250', 1000, '0.25'),
(742, 383, 'PC01P000243', 200, '6500.00'),
(743, 384, 'PC01P000291', 200, '0.74'),
(744, 384, 'PC01P000285', 400, '1.18'),
(745, 385, 'PC01P001123', 25, '3.10'),
(746, 386, 'PC01P000868', 220, '2.45'),
(747, 387, 'PC01P000165', 400, '1.95'),
(748, 388, 'PC01P000733', 200, '1.53'),
(749, 388, 'PC01P000721', 200, '1.13'),
(750, 388, 'PC01P000204', 100, '3.20'),
(751, 388, 'PC01P000204', 20, '3.20'),
(752, 389, 'PC01P000165', 200, '2.30'),
(753, 389, 'PC01P000039', 150, '1.10'),
(754, 390, 'PC01P001106', 200, '3.65'),
(755, 391, 'PC01P000001', 990, '0.52'),
(756, 391, 'PC01P001324', 960, '3.50'),
(757, 392, 'PC01P000736', 1600, '2.90'),
(758, 393, 'PC01P000165', 800, '2.10'),
(759, 394, 'PC01P000127', 1000, '3.10'),
(760, 395, 'PC01P001123', 25, '3.10'),
(761, 396, 'PC01P000970', 900, '1.17'),
(762, 442, 'PC01P000866', 1000, '1.60'),
(763, 443, 'PC01P000039', 450, '8250.00'),
(764, 444, 'PC01P000165', 400, '1.95'),
(765, 444, 'PC01P000143', 200, '2.00'),
(766, 397, 'PC01P000260', 30, '42800.00'),
(767, 397, 'PC01P000091', 200, '6325.00'),
(768, 398, 'PC01P000866', 100, '1.50'),
(769, 399, 'PC01P000291', 400, '0.74'),
(770, 400, 'PC01P000165', 200, '2.15'),
(771, 400, 'PC01P000855', 300, '9.50'),
(772, 400, 'PC01P000778', 200, '13.00'),
(773, 401, 'PC01P000163', 8000, '1.25'),
(774, 401, 'PC01P000207', 8000, '3.19'),
(775, 402, 'PC01P001123', 25, '3.10'),
(776, 403, 'PC01P000243', 200, '6500.00'),
(777, 403, 'PC01P000091', 200, '6325.00'),
(778, 404, 'PC01P000285', 400, '1.18'),
(779, 405, 'PC01P000127', 1000, '3.10'),
(780, 445, 'PC01P000165', 1000, '2.10'),
(781, 446, 'PC01P000970', 900, '1.17'),
(782, 447, 'PC01P000866', 2000, '1.60'),
(783, 406, 'PC01P000260', 200, '3.94'),
(784, 407, 'PC01P000868', 220, '2.45'),
(785, 408, 'PC01P000009', 3000, '1.05'),
(786, 409, 'PC01P001312', 2000, '1.95'),
(787, 410, 'PC01P000187', 1000, '0.90'),
(788, 411, 'PC01P000143', 400, '2.00'),
(789, 411, 'PC01P000165', 800, '1.95'),
(790, 412, 'PC01P000165', 200, '2.30'),
(791, 412, 'PC01P000720', 200, '2.57'),
(792, 413, 'PC01P000039', 450, '8250.00'),
(793, 414, 'PC01P001106', 200, '3.65'),
(794, 415, 'PC01P000144', 180, '14800.00'),
(795, 416, 'PC01P001123', 25, '3.10'),
(796, 417, 'PC01P000662', 1000, '2.40'),
(797, 418, 'PC01P000291', 200, '0.74'),
(798, 419, 'PC01P000091', 200, '6325.00'),
(799, 420, 'PC01P000970', 720, '1.17'),
(800, 421, 'PC01P000257', 200, '1.96'),
(801, 421, 'PC01P000165', 200, '2.30'),
(802, 422, 'PC01P000159', 200, '1.10'),
(803, 422, 'PC01P000013', 120, '0.68'),
(804, 422, 'PC01P000204', 300, '3.00'),
(805, 423, 'PC01P000260', 200, '3.94'),
(806, 424, 'PC01P000194', 200, '3.40'),
(807, 441, 'PC01P000725', 60, '1.96'),
(808, 425, 'PC01P000970', 720, '1.17'),
(809, 426, 'PC01P000244', 1850, '0.45'),
(810, 426, 'PC01P000021', 1500, '1.45'),
(811, 426, 'PC01P000244', 150, '0.45'),
(812, 426, 'PC01P000001', 2000, '0.75'),
(813, 427, 'PC01P000301', 250, '2900.00'),
(814, 428, 'PC01P001123', 25, '3.10'),
(815, 429, 'PC01P000285', 200, '1.18'),
(816, 429, 'PC01P000291', 200, '0.74'),
(817, 430, 'PC01P000091', 200, '6325.00'),
(818, 430, 'PC01P000243', 200, '6500.00'),
(819, 431, 'PC01P000290', 200, '1.10'),
(820, 432, 'PC01P000291', 200, '0.74'),
(821, 433, 'PC01P000163', 8000, '1.25'),
(822, 433, 'PC01P000207', 8000, '3.19'),
(823, 434, 'PC01P001123', 25, '3.10'),
(824, 435, 'PC01P000868', 220, '2.45'),
(825, 436, 'PC01P000225', 100, '1.70'),
(826, 437, 'PC01P000039', 600, '8250.00'),
(827, 438, 'PC01P000039', 150, '1.10'),
(828, 438, 'PC01P000165', 200, '2.30'),
(829, 439, 'PC01P000187', 1000, '0.90'),
(830, 440, 'PC01P000285', 200, '1.18'),
(831, 440, 'PC01P000291', 200, '0.74'),
(832, 448, 'PC01P000327', 400, '31250.00'),
(833, 449, 'PC01P000198', 600, '1.60'),
(834, 450, 'PC01P000951', 600, '3.20'),
(835, 451, 'PC01P001244', 120, '17780.00'),
(836, 452, 'PC01P000293', 140, '3.85'),
(837, 453, 'PC01P000127', 60, '2.50'),
(838, 454, 'PC01P000030', 60, '3.65'),
(839, 455, 'PC01P001083', 200, '0.73'),
(840, 456, 'PC01P001244', 240, '17626.00'),
(841, 457, 'PC01P000152', 200, '1.65'),
(842, 458, 'PC01P001244', 120, '17654.00'),
(843, 458, 'PC01P000176', 220, '19167.20'),
(844, 459, 'PC01P000152', 400, '1.60'),
(845, 459, 'PC01P000112', 1000, '0.85'),
(846, 459, 'PC01P000908', 1200, '1.50'),
(847, 460, 'PC01P000198', 400, '1.60'),
(848, 461, 'PC01P001037', 200, '2.60'),
(849, 462, 'PC01P001083', 400, '0.73'),
(850, 463, 'PC01P000196', 400, '1.35'),
(851, 464, 'PC01P001311', 200, '1.25'),
(852, 465, 'PC01P000951', 400, '3.20'),
(853, 466, 'PC01P000293', 140, '3.85'),
(854, 467, 'PC01P001244', 120, '17500.00'),
(855, 468, 'PC01P000198', 400, '1.60'),
(856, 469, 'PC01P000152', 400, '1.60'),
(857, 469, 'PC01P000112', 600, '0.85'),
(858, 469, 'PC01P000908', 1000, '1.50'),
(859, 470, 'PC01P000152', 200, '1.35'),
(860, 471, 'PC01P000908', 600, '1.50'),
(861, 471, 'PC01P000112', 600, '0.85'),
(862, 472, 'PC01P001244', 240, '17640.00'),
(863, 473, 'PC01P001311', 400, '1.35'),
(864, 474, 'PC01P001083', 200, '0.73'),
(865, 475, 'PC01P000198', 400, '1.60'),
(866, 476, 'PC01P001203', 200, '1.80'),
(867, 477, 'PC01P000152', 200, '1.35'),
(868, 478, 'PC01P001244', 240, '17780.00'),
(869, 479, 'PC01P000152', 400, '1.60'),
(870, 479, 'PC01P000112', 400, '0.85'),
(871, 479, 'PC01P000908', 600, '1.50'),
(872, 480, 'PC01P000152', 200, '1.75'),
(873, 480, 'PC01P000243', 200, '1.10'),
(874, 481, 'PC01P000152', 600, '1.60'),
(875, 481, 'PC01P000112', 1000, '0.85'),
(876, 481, 'PC01P000908', 800, '1.50'),
(877, 481, 'PC01P001311', 1000, '1.35'),
(878, 482, 'PC01P000222', 200, '2.00'),
(879, 483, 'PC01P000951', 400, '3.20'),
(880, 484, 'PC01P000152', 400, '1.35'),
(881, 485, 'PC01P000030', 60, '3.65'),
(882, 486, 'PC01P001203', 400, '1.80'),
(883, 486, 'PC01P000243', 200, '1.10'),
(884, 487, 'PC01P000198', 400, '1.60'),
(885, 488, 'PC01P000152', 800, '1.60'),
(886, 488, 'PC01P000112', 800, '0.85'),
(887, 488, 'PC01P000908', 1400, '1.50'),
(888, 488, 'PC01P001311', 1000, '1.35'),
(889, 489, 'PC01P001244', 240, '18004.00'),
(890, 490, 'PC01P000908', 0, '0.00'),
(891, 496, 'PC01P001311', 1200, '1.30'),
(892, 496, 'PC01P000112', 1000, '0.85'),
(893, 496, 'PC01P000908', 1400, '1.50'),
(894, 496, 'PC01P000152', 800, '1.60'),
(895, 495, 'PC01P000152', 200, '1.65'),
(896, 494, 'PC01P000127', 25, '2.50'),
(897, 491, 'PC01P000152', 200, '1.70'),
(898, 492, 'PC01P000152', 200, '1.35'),
(899, 493, 'PC01P000198', 400, '1.60'),
(900, 497, 'PC01P000327', 200, '32125.00'),
(901, 498, 'PC01P001244', 240, '18144.00'),
(902, 499, 'PC01P001203', 200, '1.80'),
(903, 500, 'PC01P000127', 150, '2.50'),
(904, 501, 'PC01P000152', 600, '1.60'),
(905, 501, 'PC01P000112', 800, '0.85'),
(906, 501, 'PC01P001311', 1000, '1.30'),
(907, 501, 'PC01P000908', 1200, '1.50'),
(908, 502, 'PC01P000152', 200, '1.35'),
(909, 503, 'PC01P000176', 30, '1.10'),
(910, 504, 'PC01P000127', 150, '2.50'),
(911, 505, 'PC01P001244', 120, '18438.00'),
(912, 506, 'PC01P000127', 25, '2.50'),
(913, 507, 'PC01P000198', 400, '1.60'),
(914, 508, 'PC01P000152', 400, '1.60'),
(915, 508, 'PC01P000112', 600, '0.85'),
(916, 508, 'PC01P000908', 1000, '1.50'),
(917, 508, 'PC01P001311', 1400, '1.30'),
(918, 509, 'PC01P000152', 200, '1.35'),
(919, 510, 'PC01P000152', 200, '1.75'),
(920, 510, 'PC01P000243', 200, '1.10'),
(921, 510, 'PC01P001203', 200, '1.80'),
(922, 511, 'PC01P001244', 240, '18263.00'),
(923, 512, 'PC01P000030', 30, '3.65'),
(924, 513, 'PC01P000152', 400, '1.60'),
(925, 513, 'PC01P000112', 1000, '0.85'),
(926, 513, 'PC01P000908', 800, '1.50'),
(927, 513, 'PC01P001311', 1000, '1.30'),
(928, 514, 'PC01P000127', 25, '2.50'),
(929, 515, 'PC01P001203', 200, '1.80'),
(930, 515, 'PC01P000473', 200, '1.00'),
(931, 516, 'PC01P000198', 400, '1.60'),
(932, 517, 'PC01P000198', 600, '1.60'),
(933, 517, 'PC01P000196', 400, '1.35'),
(934, 518, 'PC01P000152', 200, '1.70'),
(935, 519, 'PC01P001244', 240, '18319.00'),
(936, 520, 'PC01P000127', 25, '2.50'),
(937, 521, 'PC01P000152', 400, '1.60'),
(938, 521, 'PC01P000112', 600, '0.85'),
(939, 521, 'PC01P000908', 1200, '1.50'),
(940, 521, 'PC01P001311', 1600, '1.30'),
(941, 522, 'PC01P000326', 120, '8.00'),
(942, 523, 'PC01P001203', 200, '1.80'),
(943, 523, 'PC01P000473', 200, '1.00'),
(944, 524, 'PC01P000198', 1000, '1.60'),
(945, 525, 'PC01P000152', 200, '1.70'),
(946, 526, 'PC01P000152', 400, '1.60'),
(947, 526, 'PC01P000908', 800, '1.50'),
(948, 526, 'PC01P001311', 600, '1.30'),
(949, 527, 'PC01P000222', 200, '2.00'),
(950, 528, 'PC01P000152', 200, '1.75'),
(951, 528, 'PC01P000243', 200, '1.10'),
(952, 529, 'PC01P000198', 600, '1.60'),
(953, 530, 'PC01P000951', 600, '3.20'),
(954, 531, 'PC01P000152', 400, '1.60'),
(955, 531, 'PC01P000112', 600, '0.85'),
(956, 531, 'PC01P000908', 1200, '1.50'),
(957, 531, 'PC01P001311', 1000, '1.30'),
(958, 532, 'PC01P001244', 240, '17983.00'),
(959, 533, 'PC01P000327', 200, '32750.00'),
(960, 534, 'PC01P001203', 200, '1.80'),
(961, 535, 'PC01P000198', 600, '1.60'),
(962, 536, 'PC01P001311', 200, '1.30'),
(963, 537, 'PC01P000152', 800, '1.60'),
(964, 537, 'PC01P000908', 2000, '1.50'),
(965, 537, 'PC01P000112', 400, '0.85'),
(966, 537, 'PC01P001311', 2000, '1.30'),
(967, 537, 'PC01P000230', 200, '7.00'),
(968, 538, 'PC01P000773', 100, '2.00'),
(969, 539, 'PC01P000030', 30, '3.65'),
(970, 540, 'PC01P001244', 240, '18095.00'),
(971, 541, 'PC01P000152', 200, '1.70'),
(972, 542, 'PC01P000152', 400, '1.60'),
(973, 542, 'PC01P000112', 1000, '0.85'),
(974, 542, 'PC01P001311', 800, '1.30'),
(975, 543, 'PC01P000720', 200, '1.95'),
(976, 543, 'PC01P000473', 200, '1.00'),
(977, 544, 'PC01P001244', 120, '18158.00'),
(978, 545, 'PC01P000176', 35, '1.10'),
(979, 545, 'PC01P000176', 25, '1.10'),
(980, 548, 'PC01P000127', 150, '2.50'),
(981, 547, 'PC01P000907', 200, '1.25'),
(982, 547, 'PC01P001332', 200, '0.75'),
(983, 547, 'PC01P001331', 230, '2.50'),
(984, 546, 'PC01P000152', 200, '1.70'),
(985, 549, 'PC01P000243', 200, '1.80'),
(986, 549, 'PC01P000720', 200, '1.95'),
(987, 550, 'PC01P000152', 200, '1.75'),
(988, 551, 'PC01P000152', 600, '1.60'),
(989, 551, 'PC01P000112', 2000, '0.85'),
(990, 551, 'PC01P001311', 1400, '1.30'),
(991, 551, 'PC01P000908', 1000, '1.50'),
(992, 552, 'PC01P001244', 240, '18200.00'),
(993, 553, 'PC01P000222', 200, '2.00'),
(994, 554, 'PC01P001203', 200, '1.80'),
(995, 555, 'PC01P000001', 300, '1.30'),
(997, 556, 'PC01P000791', 4000, '0.95');

-- --------------------------------------------------------

--
-- Table structure for table `satuan`
--

CREATE TABLE IF NOT EXISTS `satuan` (
  `id` int(11) NOT NULL DEFAULT '0',
  `name` varchar(50) DEFAULT NULL,
  PRIMARY KEY (`id`)
) ENGINE=MyISAM DEFAULT CHARSET=latin1;

--
-- Dumping data for table `satuan`
--

INSERT INTO `satuan` (`id`, `name`) VALUES
(14, 'Pcs'),
(16, 'Unit'),
(17, 'Gram'),
(18, 'KG'),
(19, 'Butir'),
(22, 'Bungkus'),
(23, 'Batang'),
(25, 'Kaleng'),
(26, 'Botol'),
(28, 'Ekor'),
(29, 'Bundle'),
(30, 'Meter'),
(33, 'Liter'),
(35, 'Lembar');

-- --------------------------------------------------------

--
-- Table structure for table `satuan_convert`
--

CREATE TABLE IF NOT EXISTS `satuan_convert` (
  `name` varchar(10) NOT NULL,
  `description` varchar(50) NOT NULL,
  PRIMARY KEY (`name`)
) ENGINE=MyISAM DEFAULT CHARSET=latin1;

--
-- Dumping data for table `satuan_convert`
--

INSERT INTO `satuan_convert` (`name`, `description`) VALUES
('CN', 'Container'),
('DM', 'Drum'),
('PL', 'Polidrum'),
('JR', 'Jerigen'),
('CAN', 'CAN'),
('ZAK', 'ZAK');

-- --------------------------------------------------------

--
-- Table structure for table `sites`
--

CREATE TABLE IF NOT EXISTS `sites` (
  `siteID` smallint(5) unsigned NOT NULL AUTO_INCREMENT,
  `siteName` varchar(32) NOT NULL DEFAULT '',
  `path` text,
  `modulePath` varchar(255) DEFAULT NULL,
  `blockPath` varchar(255) DEFAULT NULL,
  `theme` varchar(100) DEFAULT NULL,
  `default_app` varchar(100) DEFAULT NULL,
  PRIMARY KEY (`siteID`),
  UNIQUE KEY `siteName` (`siteName`)
) ENGINE=MyISAM  DEFAULT CHARSET=latin1 AUTO_INCREMENT=4 ;

--
-- Dumping data for table `sites`
--

INSERT INTO `sites` (`siteID`, `siteName`, `path`, `modulePath`, `blockPath`, `theme`, `default_app`) VALUES
(3, 'kismin', '/Applications/XAMPP/xamppfiles/htdocs/financeSystem/', 'modules', 'blocks', 'default', 'utama');

-- --------------------------------------------------------

--
-- Table structure for table `suplier`
--

CREATE TABLE IF NOT EXISTS `suplier` (
  `id` int(11) NOT NULL AUTO_INCREMENT,
  `unique_id` varchar(100) NOT NULL,
  `nama` varchar(255) NOT NULL,
  `nama_persh` varchar(255) NOT NULL,
  `alamat` text NOT NULL,
  `phone` varchar(255) NOT NULL,
  `email` varchar(255) NOT NULL,
  `fax` varchar(100) NOT NULL,
  `tax_name` varchar(255) NOT NULL,
  `tax_address` varchar(255) NOT NULL,
  `npwp` varchar(255) NOT NULL,
  PRIMARY KEY (`id`),
  UNIQUE KEY `unique_id` (`unique_id`)
) ENGINE=MyISAM  DEFAULT CHARSET=latin1 AUTO_INCREMENT=10000 ;

--
-- Dumping data for table `suplier`
--

INSERT INTO `suplier` (`id`, `unique_id`, `nama`, `nama_persh`, `alamat`, `phone`, `email`, `fax`, `tax_name`, `tax_address`, `npwp`) VALUES
(1, '00001', 'Ibu Ita /Ibu Poni', 'PT. INKALI ( INDONESIA NIKKA CHEMICALS 2)', 'JLN.MALIGI 2 LOT E-3 KAW.KIIC KARAWANG SUKALUYU.TELUK JAMBE.KARAWANG. JAWA BARAT - 00000', '021.8904574', 'gugun@yahoo.com', '021.8904390', 'PT. INKALI ( INDONESIA NIKKA CHEMICALS 2)', 'JLN.MALIGI 2 LOT E-3 KAW.KIIC KARAWANG SUKALUYU.TELUK JAMBE.KARAWANG. JAWA BARAT - 00000', '01.002.672.2.052.000'),
(2, '00002', 'Ibu Helen', 'PT. EMORI INDONESIA', 'GD. PLAZA PERMATA LT.7 JL. MH. THAMRIN NO.57 GONDANGDIA MENTENG. JAKARTA PUSAT 10350', '021.3903272', '', '021.3903274', 'PT. EMORI INDONESIA', 'GD. PLAZA PERMATA LT.7 JL. MH. THAMRIN NO.57 GONDANGDIA MENTENG. JAKARTA PUSAT 10350', 'O2.058.977.6.056.000'),
(3, '00003', 'Ibu Ida', 'PT. DAI-CHI KIMIA RAYA', 'KAWASAN KIIC. JL.MALIGI II LOT G-2  TELUK JAMBE. KARAWANG BARAT', '021.8904574', '', '021.8904576', 'PT. DAI-CHI KIMIA RAYA', 'KAWASAN KIIC. JL.MALIGI II LOT G-2  TELUK JAMBE. KARAWANG BARAT', 'O1.071.509.2.052.000'),
(4, '00004', 'Bpk.Iking', 'PT. YORKSHIRE INDONESIA', 'JL. CICALENGKA MAJALAYA KM. 4  BANDUNG 40396', '022.7949581', '', '022.7949585', 'PT. YORKSHIRE INDONESIA', 'JL. CICALENGKA MAJALAYA KM. 4  BANDUNG 40396', 'O1.081.846.6.441.000'),
(5, '00005', 'Ibu Rika/ Ibu Yuni', 'PT. PULCRA CHEMICALS', 'JL.RAYA JAKARTA BOGOR KM.31.2  CIMANGGIS DEPOK 16953', '021.87756838', '', '021.87756839', 'PT. PULCRA CHEMICALS', 'JL.RAYA JAKARTA BOGOR KM.31.2  CIMANGGIS DEPOK 16953', 'O2.648.166.3.056.000'),
(6, '00006', 'Ko.Herlan', 'PT. LAUTAN LUAS TBK', 'GRAHA INDRAMAS. JL.AIP II K.S. TUBUN RAYA NO.77  P.O. BOX 4449/JKTF. JAKARTA 11410 - INDONESIA', '022.6030590', '', '022.6030967', 'PT. LAUTAN LUAS TBK', 'GRAHA INDRAMAS. JL.AIP II K.S. TUBUN RAYA NO.77  P.O. BOX 4449/JKTF. JAKARTA 11410 - INDONESIA', 'O1.315.900.9.054.000'),
(7, '00007', 'Bpk. Rudi', 'PT. DOVER CHEMICAL', 'JL. RAYA MERAK. DESA GEREM GEREM - CILEGON', '021.5551314', '', '', 'PT. DOVER CHEMICAL', 'JL. RAYA MERAK. DESA GEREM GEREM - CILEGON', 'O1.207.369.8.415.000'),
(8, '00008', 'Bpk.Muhammad Ikbal', 'PT. BRENNTAG', 'GEDUNG GRAHA PRATAMA LT. 17 JL. M.T. HARYONO KAV. 15 TEBET BARAT - TEBET. JAKARTA SELATAN 12810', '021.83790755', '', '021.83790760', 'PT. BRENNTAG', 'GEDUNG GRAHA PRATAMA LT. 17 JL. M.T. HARYONO KAV. 15 TEBET BARAT - TEBET. JAKARTA SELATAN 12810', 'O1.720.850.5.056.000'),
(9, '00009', 'Bpk Yacob Setiawan', 'PT. APOLLO AGUNG CHEMICAL INDUSTRY', 'JL. KEDUNG HALANG TALANG 135 BOGOR', '021.6404690', '', '021.6400522', 'PT. APOLLO AGUNG CHEMICAL INDUSTRY', 'JL. KEDUNG HALANG TALANG 135 BOGOR', 'O1.254.256.9.431.000'),
(10, '00010', 'Bpk. Eddy', 'PT. HUNTSMAN INDONESIA', 'JL. RAYA BOGOR KM. 27.3  JAKARTA TIMUR 13710', '021.87115000', '', '021.8770658', 'PT. HUNTSMAN INDONESIA', 'JL. RAYA BOGOR KM. 27.3  JAKARTA TIMUR 13710', 'O1.868.979.4.052.000'),
(11, '00011', 'Mat Gani', 'PT. TANSRI GANI', 'JL. RAYA CIRACAS NO. 5 CIRACAS CIRACAS - JAKARTA TIMUR', '', '', '', 'PT. TANSRI GANI', 'JL. RAYA CIRACAS NO. 5 CIRACAS CIRACAS - JAKARTA TIMUR', 'O1.365.738.2.007.000'),
(12, '00012', 'Bpk. Joni Kulim', 'PT. MATA PELANGI TRADINDO', 'JL.JEMBATAN BESI II / 8  JEMBATAN BESI - TAMBORA', '021.5608884', '', '021.5608893', 'PT. MATA PELANGI TRADINDO', 'JL.JEMBATAN BESI II / 8  JEMBATAN BESI - TAMBORA', 'O1.871.053.3.038.000'),
(13, '00013', 'Ibu Muryani', 'PT. TRIJAYA LESTARI CHEMINDO', 'JL. KAYU MANIS VIII NO. 10  JAKARTA 13130', '021.8583517', '', '021.8566164', 'PT. TRIJAYA LESTARI CHEMINDO', 'JL. KAYU MANIS VIII NO. 10  JAKARTA 13130', 'O1.608.700.9.001.000'),
(14, '00014', 'Bpk. Herman', 'PT. FUTAN TRADING', 'JL. GAJAH MADA 197-198 JAKARTA 11120 ', '021.6340223', '', '021.6342244', 'PT. FUTAN TRADING', 'JL. GAJAH MADA 197-198 JAKARTA 11120 ', 'O1.305.795.5.037.000'),
(15, '00015', '', 'PT. LISIANG MULTI KIMIATAMA', 'JL. INDUSTRI CIMAREME III/ID CIMERANG PADALARANG BANDUNG', '', '', '', 'PT. LISIANG MULTI KIMIATAMA', 'JL. INDUSTRI CIMAREME III/ID CIMERANG PADALARANG BANDUNG', 'O1.824.716.3.052.000'),
(16, '00016', 'Bpk.Yayat', 'PT. BOZZETTO INDONESIA', 'JL. DESA TARAJUSARI KM. 0.2. KAMASAN BANJARAN. KABUPATEN BANDUNG', '022.5947176', '', '022.5944236', 'PT. BOZZETTO INDONESIA', 'JL. DESA TARAJUSARI KM. 0.2. KAMASAN BANJARAN. KABUPATEN BANDUNG', 'O1.723.309.9.441.00'),
(17, '00017', 'Bpk. Teguh', 'PT. YOSHIDA MEGAJAYA KIMINDO', 'JL. INDUSTRI CIMAREME II NO. 3 CIMERANG PADALARANG BANDUNG 40553', '022.92133029', '', '022.6866953', 'PT. YOSHIDA MEGAJAYA KIMINDO', 'JL. INDUSTRI CIMAREME II NO. 3 CIMERANG PADALARANG BANDUNG 40553', 'O1.723.518.5.421.000'),
(18, '00018', 'Bpk. Hendra', 'PT. HANANO LUBRIKA USAHA', 'PERKANTORAN GADING BUKIT INDAH BLOK G 26-27  KELAPA GADING BARAT JAKARTA UTARA 14240', '021.4507673', '', '021.4534822', 'PT. HANANO LUBRIKA USAHA', 'PERKANTORAN GADING BUKIT INDAH BLOK G 26-27  KELAPA GADING BARAT JAKARTA UTARA 14240', 'O1.749.971.6.046.000'),
(19, '00019', 'Ibu Yuni', 'PT. ANUGRAHKIMIA ARIWIDYA', 'JL. P. JAYAKARTA 73A JAYAKARTA CENTER BLOK B 1/8 MANGGA DUA SELATAN SAWAH BESAR. JAKARTA PUSAT 10730', '021.6010719', '', '021.6288414', 'PT. ANUGRAHKIMIA ARIWIDYA', 'JL. P. JAYAKARTA 73A JAYAKARTA CENTER BLOK B 1/8 MANGGA DUA SELATAN SAWAH BESAR. JAKARTA PUSAT 10730', 'O1.359.126.8.073.000'),
(20, '00020', 'Bpk. Sutami', 'PT. LEMINDO', ' ', '021.3140525', '', '021.3918837', 'PT. LEMINDO', ' ', ''),
(21, '00021', 'Ibu Ayu', 'PT. MULYA ADHI PARAMITHA', ' ', '', '', '', 'PT. MULYA ADHI PARAMITHA', ' ', ''),
(22, '00022', 'Ibu Nani', 'PT. MITRA INTI', ' ', '021.7422255', '', '021.7442830', 'PT. MITRA INTI', ' ', ''),
(23, '00023', 'Bpk. Endang', 'PT. SNOGEN', ' ', '', '', '', 'PT. SNOGEN', ' ', ''),
(24, '00024', '', 'PT. BERSAMA CHEMICAL', ' ', '', '', '', 'PT. BERSAMA CHEMICAL', ' ', ''),
(25, '00025', '', 'PT. AVINDO', ' ', '', '', '', 'PT. AVINDO', ' ', ''),
(26, '00026', 'Ibu Cecilia', 'PT. KHARINDO', ' ', '021.3809484', '', '', 'PT. KHARINDO', ' ', ''),
(27, '00027', '', 'PT. KUSUMA', ' ', '', '', '', 'PT. KUSUMA', ' ', ''),
(28, '00028', 'Bpk. Johson', 'PT. WIKA TRADING', ' ', '', '', '', 'PT. WIKA TRADING', ' ', ''),
(30, '00030', '', 'PT. GARUDA MAS', ' ', '', '', '', 'PT. GARUDA MAS', ' ', ''),
(31, '00031', 'Bpk. Erwin', 'PT. PELANGI INDAH ABADI', ' ', '', '', '', 'PT. PELANGI INDAH ABADI', ' ', ''),
(32, '00032', '', 'PT. JAGO TUNGGAL', ' ', '', '', '', 'PT. JAGO TUNGGAL', ' ', ''),
(33, '00033', 'Bpk. Agus', 'PT. PUTRA MANDIRI SEJAHTERA', ' ', '', '', '', 'PT. PUTRA MANDIRI SEJAHTERA', ' ', ''),
(34, '00034', 'Bpk.Jimi Sahali', 'CV. PIVAJO', ' ', '', '', '022.6623795', 'CV. PIVAJO', ' ', ''),
(35, '00035', '', 'CV. JAGO TUNGGAL', ' ', '', '', '', 'CV. JAGO TUNGGAL', ' ', ''),
(36, '00036', '', 'WARNA MUTIARA', ' ', '', '', '', 'WARNA MUTIARA', ' ', ''),
(37, '00037', 'Ibu Yuli', 'PT. ESDUATE', ' ', '', '', '', 'PT. ESDUATE', ' ', ''),
(38, '00038', 'Bp. Iyan', 'PT. SURYA TIRTA', ' ', '', '', '', 'PT. SURYA TIRTA', ' ', ''),
(39, '00039', '', 'PT. BUNGA PERMATA', ' ', '', '', '', 'PT. BUNGA PERMATA', ' ', ''),
(40, '00040', 'Ibu Erna', 'PT. CHEMIRA', ' ', '', '', '', 'PT. CHEMIRA', ' ', ''),
(41, '00041', '', 'PT. DINAMIKA NIAGATEKNINDO', ' ', '', '', '', 'PT. DINAMIKA NIAGATEKNINDO', ' ', ''),
(42, '00042', '', 'ALFA CHEMICAL', ' ', '', '', '', 'ALFA CHEMICAL', ' ', ''),
(43, '00043', '', 'PT. TIMUR RAYA KARYA MANDIRI', ' ', '', '', '', 'PT. TIMUR RAYA KARYA MANDIRI', ' ', ''),
(44, '00044', '', 'PT. BUANATAMA', ' ', '', '', '', 'PT. BUANATAMA', ' ', ''),
(45, '00045', 'Ibu Yulianti', 'PT. TITIAN ANUGRAH', ' ', '', '', '', 'PT. TITIAN ANUGRAH', ' ', ''),
(46, '00046', '', 'CAHAYA WARNA', ' ', '', '', '', 'CAHAYA WARNA', ' ', ''),
(47, '00047', '', 'PT. MATA PELANGI CHEMINDO', ' ', '', '', '', 'PT. MATA PELANGI CHEMINDO', ' ', ''),
(48, '00049', '', 'CV. MUCHDI', ' ', '', '', '', 'CV. MUCHDI', ' ', ''),
(49, '00050', '', 'PT. ARTA MITRA', ' ', '', '', '', 'PT. ARTA MITRA', ' ', ''),
(50, '00051', 'Ibu Ningsih', 'PT. SWISSTEX NARATAMA INDONESIA', 'JL. TERUSAN PASIR KOJA NO. 273 C SUKAHAJI - BABAKAN CIPARAY BANDUNG ', '022.6028208', '', '022.6028232', 'PT. SWISSTEX NARATAMA INDONESIA', 'JL. TERUSAN PASIR KOJA NO. 273 C SUKAHAJI - BABAKAN CIPARAY BANDUNG ', '02.544.535.4-422.000'),
(51, '00052', 'Bpk  Nandirin', 'PT. ARFIA MEGAH', ' ', '', '', '', 'PT. ARFIA MEGAH', ' ', ''),
(53, '00054', 'Bpk. Henry Hadisaputra', 'PT. LAUTAN UTAMA CENTRAL KIMIA', ' ', '022.70831775', '', '022.85448062', 'PT. LAUTAN UTAMA CENTRAL KIMIA', ' ', ''),
(54, '00055', '', 'UD. CAHAYA', ' ', '', '', '', 'UD. CAHAYA', ' ', ''),
(55, '00056', 'Bpk. Pele', 'PT. WIJAYA SAKTI CHEMINDO', ' ', '', '', '', 'PT. WIJAYA SAKTI CHEMINDO', ' ', ''),
(56, '00057', 'Bpk Edy / Ibu Sumi', 'MULTI JAYA KIMIA', ' ', '', '', '', 'MULTI JAYA KIMIA', ' ', ''),
(57, '00058', 'Bpk. Oding', 'PT. INDOKEMIKA JAYATAMA', ' ', '', '', '021.5201617', 'PT. INDOKEMIKA JAYATAMA', ' ', ''),
(58, '00059', '', 'PT. MW CHEMINDO', ' ', '', '', '021.84305105', 'PT. MW CHEMINDO', ' ', ''),
(59, '00060', 'Bpk. Rifan', 'PT. ARCHROMA', ' ', '', '', '', 'PT. ARCHROMA', ' ', ''),
(60, '00061', '', 'WIRYO', ' ', '', '', '', 'WIRYO', ' ', ''),
(61, '00062', '', 'CV. ANATA WARNA ABADI', 'JL. TAWANG MANGU 208 JATEN KARANG ANYER SOLO ', '', '', '', 'CV. ANATA WARNA ABADI', 'JL. TAWANG MANGU 208 JATEN KARANG ANYER SOLO ', ''),
(62, '00063', '', 'TOKO SURI SARI', 'SOLO ', '', '', '', 'TOKO SURI SARI', 'SOLO ', ''),
(63, '00064', 'Bpk Rangga', 'PT. BATASNUSA BERKEMBANG', ' ', '', '', '', 'PT. BATASNUSA BERKEMBANG', ' ', ''),
(64, '00065', 'Bpk.Nanda', 'PT. KUSUMA KEMINDO SENTOSA', ' ', '', '', '', 'PT. KUSUMA KEMINDO SENTOSA', ' ', ''),
(65, '00066', 'Bpk. Malwan Hawama', 'PT. BUANATAMA INDAH GEMILANG', 'JL. DAAN MOGOT KM.18 TANGERANG 15122 ', '021.5442375', '', '021.5442374', 'PT. BUANATAMA INDAH GEMILANG', 'JL. DAAN MOGOT KM.18 TANGERANG 15122 ', ''),
(66, '00067', 'Ibu Sari', 'SARI WARNA', ' ', '', '', '', 'SARI WARNA', ' ', ''),
(67, '00068', '', 'PT. WIKA INTI NUSA', ' ', '', '', '', 'PT. WIKA INTI NUSA', ' ', ''),
(68, '00069', 'Bpk Teddy/ Ibu Inka', 'PT. MORESCO INDONESIA', ' ', '', '', '', 'PT. MORESCO INDONESIA', ' ', ''),
(69, '00070', 'BPk. Tata Murtaqa', 'PT. MANUCHAR INDONESIA', ' ', '', '', '', 'PT. MANUCHAR INDONESIA', ' ', ''),
(70, '00075', '', 'PT. SUNTER INDAH PERMAI', ' ', '', '', '', 'PT. SUNTER INDAH PERMAI', ' ', ''),
(71, '00076', '', 'PT. BERSAMA LEMINDO ABADI', ' ', '', '', '', 'PT. BERSAMA LEMINDO ABADI', ' ', ''),
(72, '00077', '', 'BPK. JOKO', ' ', '', '', '', 'BPK. JOKO', ' ', ''),
(73, '00078', '', 'BPK. ENDE', ' ', '', '', '', 'BPK. ENDE', ' ', ''),
(74, '00079', '', 'PT. SUPER SUKSES KENCANA', ' ', '', '', '', 'PT. SUPER SUKSES KENCANA', ' ', ''),
(75, '00080', '', 'PT. MULTI ABADI CHEMIDO', ' ', '', '', '', 'PT. MULTI ABADI CHEMIDO', ' ', ''),
(76, '00081', 'Ibu Nara', 'PT. POLYGON MAS', 'JALAN KAPUK MUARA RT003/02 NO.34 JAKARTA UTARA ', '021.5551307', '', '021.5551430', 'PT. POLYGON MAS', 'JALAN KAPUK MUARA RT003/02 NO.34 JAKARTA UTARA ', ''),
(77, '00082', '', 'GARUDA MAS LESTARI', ' ', '', '', '', 'GARUDA MAS LESTARI', ' ', ''),
(78, '00083', '', 'PT. HARAPINDO', ' ', '', '', '', 'PT. HARAPINDO', ' ', ''),
(79, '00084', '', 'PT. GRACIA BERNA UTAMA', ' ', '', '', '', 'PT. GRACIA BERNA UTAMA', ' ', ''),
(9999, '00085', 'CASH', 'CASH', 'CASH', 'CASH', 'CASH', 'CASH', 'CASH', 'CASH', 'CASH');

-- --------------------------------------------------------

--
-- Table structure for table `user`
--

CREATE TABLE IF NOT EXISTS `user` (
  `user_id` int(11) NOT NULL AUTO_INCREMENT,
  `is_superuser` tinyint(1) DEFAULT '0',
  `fullname` varchar(100) DEFAULT NULL,
  `username` varchar(32) NOT NULL DEFAULT '',
  `userpassword` varchar(255) DEFAULT NULL,
  `is_active` tinyint(1) NOT NULL DEFAULT '1',
  `email` varchar(25) DEFAULT NULL,
  `lastlogin` timestamp NOT NULL DEFAULT CURRENT_TIMESTAMP ON UPDATE CURRENT_TIMESTAMP,
  `ket` varchar(50) DEFAULT NULL,
  `login_session_id` varchar(255) DEFAULT NULL,
  `additional_info` varchar(255) DEFAULT NULL,
  `store_id` int(11) NOT NULL,
  `fullpass` varchar(200) NOT NULL,
  `lokasi_id` int(11) NOT NULL COMMENT 'Mengacu ke table Lokasi',
  PRIMARY KEY (`user_id`),
  UNIQUE KEY `indeksBaru` (`username`)
) ENGINE=MyISAM  DEFAULT CHARSET=latin1 AUTO_INCREMENT=53 ;

--
-- Dumping data for table `user`
--

INSERT INTO `user` (`user_id`, `is_superuser`, `fullname`, `username`, `userpassword`, `is_active`, `email`, `lastlogin`, `ket`, `login_session_id`, `additional_info`, `store_id`, `fullpass`, `lokasi_id`) VALUES
(43, 0, 'Gugun', 'admin_gugun', '9c169488b67b4815091c365542361a24', 1, 'gugun@gmail.com', '2015-05-30 07:06:38', NULL, '37ea2809d1de73da906a9af0de962bc2', '', 0, 'gugun', 1),
(44, 0, 'Dhimas', 'admin_dhimas', '66680691012fd2a2fe7f89b9d9e1e1f1', 1, 'dhimas.is.bpw@gmail.com', '2015-05-28 09:00:29', NULL, 'b6432f12d414433dec1e923894fca29d', '', 0, 'dhimasBhaktiJKT', 1),
(45, 0, 'Dian', 'acc_dian', '536cfd93ad4d18405784f20bcdc17896', 1, 'accounting@bhaktipancawar', '2015-05-26 03:44:16', NULL, 'af0872101ab7f156bb7cdecedeca4fd0', '', 0, 'dianbhaktidian', 2),
(2, 1, 'Admin Name', 'admin', '355a9cb2c48bc4dcbc32e8fa5f825a37', 1, 'reza@indowebapps.com', '2015-05-30 06:58:59', NULL, '2d95a14e0a2b9366dcd74d6c09f5594b', NULL, 0, '', 1),
(47, 0, 'Ani', 'acc_ani', '842cfb59f3cf2d8863e17aca39b06d84', 1, 'accounting@bhaktipancawar', '2015-05-28 08:55:59', NULL, '1abcc778d10f2f432d883b8e42505287', '', 0, 'anibhaktiani', 3),
(41, 0, 'Reza Farasdak', 'admin_reza', 'e10adc3949ba59abbe56e057f20f883e', 1, 'rezafarasdak@yahoo.com', '2015-02-25 09:38:31', NULL, NULL, '', 0, '123456', 1),
(46, 0, 'Siti A', 'fin_siti', '426a71e1c43d372266b2c3b432f8b5f6', 1, 'accounting@bhaktipancawar', '2015-05-25 02:05:28', NULL, NULL, '', 0, 'sitibhaktisiti', 2),
(48, 0, 'Eka', 'sal_eka', '9883ed2cfcdbe071d8b33dd047453e84', 1, 'accounting@bhaktipancawar', '2015-05-25 02:05:49', NULL, NULL, '', 0, 'ekabhaktieka', 3),
(49, 0, 'Eko', 'gud_eko', '47dd7790cc7b995a7474f8c0a5cbd655', 1, 'accounting@bhaktipancawar', '2015-05-25 03:59:24', NULL, '616a627ebb8e81368c5ec5632d4a485f', '', 0, 'ekobhaktieko', 1),
(50, 0, 'Rusmiati', 'acc_rus', 'cf0fdcedabe5a765800f8a49751678ba', 1, 'accounting@bhaktipancawar', '2015-05-29 01:04:51', NULL, 'e039661580f61f7ec490d6e1b36ececd', '', 0, 'rusbhaktirus', 1),
(51, 0, 'Agus', 'admin_agus', 'dc2da7aa7cac1c8ff5b01f01d88f41f8', 1, 'accounting@bhaktipancawar', '2015-05-28 10:13:06', NULL, NULL, '', 0, 'Fabiogp', 1),
(52, 0, 'Hevi Puspita', 'acc_hevi', 'd648344b5f6c145891a52eb6e0712441', 1, 'accounting@bhaktipancawar', '2015-05-28 08:52:38', NULL, 'e64b59440fdc9b564adc72eba9df0c4c', '', 0, 'Puspita78', 1);

-- --------------------------------------------------------

--
-- Table structure for table `user_group`
--

CREATE TABLE IF NOT EXISTS `user_group` (
  `user_id` int(11) NOT NULL DEFAULT '0',
  `group_id` smallint(5) unsigned NOT NULL DEFAULT '0',
  PRIMARY KEY (`user_id`,`group_id`)
) ENGINE=MyISAM DEFAULT CHARSET=latin1;

--
-- Dumping data for table `user_group`
--

INSERT INTO `user_group` (`user_id`, `group_id`) VALUES
(2, 12),
(2, 14),
(2, 16),
(41, 12),
(41, 14),
(43, 14),
(43, 24),
(43, 25),
(44, 14),
(45, 21),
(45, 23),
(45, 24),
(45, 25),
(46, 25),
(47, 24),
(47, 25),
(48, 21),
(48, 23),
(49, 21),
(50, 26),
(51, 14),
(51, 24),
(52, 24),
(52, 25);

/*!40101 SET CHARACTER_SET_CLIENT=@OLD_CHARACTER_SET_CLIENT */;
/*!40101 SET CHARACTER_SET_RESULTS=@OLD_CHARACTER_SET_RESULTS */;
/*!40101 SET COLLATION_CONNECTION=@OLD_COLLATION_CONNECTION */;
